user_id,signup_date,country,region
1,2024-10-23,US,AK
2,2025-02-05,DE,IA
3,2023-08-19,US,WA
4,2023-04-16,US,WA
5,2025-07-11,CA,CO
6,2024-09-02,US,AZ
7,2023-01-31,US,IL
8,2023-08-29,CA,PA
9,2023-01-28,US,ID
10,2025-01-10,US,UT
11,2024-07-17,CA,GN
12,2024-04-09,US,KY
13,2025-04-16,US,AL
14,2025-02-23,US,GA
15,2024-12-22,US,MA
16,2023-10-15,US,IL
17,2025-09-16,CA,LU
18,2023-04-16,DE,MS
19,2023-04-11,US,LY
20,2024-09-16,US,AS
21,2023-02-14,US,NH
22,2024-07-08,US,MS
23,2023-03-23,US,LA
24,2025-05-07,US,RI
25,2025-07-04,AU,MN
26,2024-08-19,CA,VT
27,2023-03-13,US,TN
28,2023-08-24,AU,LA
29,2025-10-15,US,HT
30,2025-06-14,US,MS
31,2023-10-15,DE,SC
32,2025-05-12,US,DK
33,2024-01-18,US,IL
34,2024-11-23,CA,ME
35,2025-08-26,US,KH
36,2023-03-15,US,ZW
37,2023-06-26,US,VA
38,2023-09-11,US,PL
39,2024-01-28,US,SC
40,2024-12-12,US,IN
41,2024-12-08,US,MP
42,2025-03-05,US,AR
43,2023-08-25,US,AZ
44,2025-04-12,US,MO
45,2023-10-04,UK,IL
46,2025-08-02,US,OK
47,2025-06-25,US,MD
48,2023-08-08,US,SB
49,2024-02-14,UK,PW
50,2024-10-26,US,FL
51,2023-10-01,US,IA
52,2025-02-09,US,ND
53,2023-09-29,CA,OR
54,2024-03-19,US,OR
55,2024-02-17,AU,IN
56,2025-10-28,US,DC
57,2024-06-10,US,BW
58,2025-02-20,US,VI
59,2023-04-24,US,SC
60,2023-06-15,US,TX
61,2024-03-12,US,CA
62,2024-02-02,US,PA
63,2025-10-26,US,NC
64,2023-09-17,US,OH
65,2025-06-09,US,AL
66,2024-12-04,US,DE
67,2024-12-05,US,ND
68,2025-02-15,US,BA
69,2023-12-18,US,LA
70,2024-03-25,US,NH
71,2023-01-04,US,WS
72,2025-06-24,CA,KS
73,2025-10-01,AU,WV
74,2023-07-04,US,PW
75,2023-04-21,US,SC
76,2023-11-05,US,SC
77,2024-06-08,AU,ID
78,2023-06-08,US,WV
79,2023-06-17,AU,WI
80,2025-08-11,US,PW
81,2023-01-01,US,LI
82,2024-05-20,US,DE
83,2025-08-18,US,FM
84,2025-10-15,US,KP
85,2023-09-05,UK,IA
86,2025-06-26,US,CO
87,2023-03-30,US,NM
88,2025-04-23,US,PS
89,2024-07-04,US,DC
90,2023-05-13,US,NJ
91,2025-09-06,US,GA
92,2023-10-02,US,VI
93,2024-09-19,US,IL
94,2025-08-18,US,TW
95,2025-01-24,US,ID
96,2025-01-07,US,MO
97,2025-10-25,DE,SD
98,2024-01-22,US,MH
99,2024-06-19,US,DE
100,2023-09-14,US,BI
101,2023-12-16,US,OR
102,2024-07-26,CA,OR
103,2023-08-16,US,CA
104,2025-01-01,UK,AR
105,2023-08-25,US,MH
106,2023-02-02,US,MA
107,2023-03-15,US,IA
108,2023-10-15,US,NM
109,2023-08-10,US,DC
110,2025-01-17,US,FM
111,2024-08-13,DE,NJ
112,2023-09-09,US,PY
113,2025-04-14,UK,ID
114,2023-04-08,US,TN
115,2024-03-21,US,NO
116,2024-03-01,US,VI
117,2025-01-23,US,TX
118,2024-11-06,US,SD
119,2023-04-12,UK,MO
120,2025-01-22,CA,CD
121,2023-09-15,US,ID
122,2024-07-08,US,DC
123,2024-03-12,US,KY
124,2024-04-23,US,VI
125,2025-08-12,US,NV
126,2025-04-15,US,PR
127,2024-07-23,US,AR
128,2024-11-05,US,SR
129,2025-05-14,US,BW
130,2025-08-15,AU,PR
131,2023-09-02,UK,MT
132,2024-05-17,US,GH
133,2025-06-13,US,MH
134,2023-03-02,CA,MS
135,2023-01-03,DE,MS
136,2023-10-02,AU,WY
137,2025-03-22,US,LA
138,2024-03-13,CA,VA
139,2025-10-26,US,OH
140,2024-11-15,US,NM
141,2023-06-10,US,KE
142,2023-08-14,US,BG
143,2024-08-21,US,ND
144,2023-03-05,US,KW
145,2023-03-01,UK,OR
146,2024-05-07,US,PW
147,2025-05-31,US,GA
148,2023-02-28,US,NY
149,2023-03-24,US,HI
150,2023-03-12,US,CA
151,2024-11-29,US,IA
152,2024-02-22,US,FM
153,2024-08-12,US,OR
154,2024-09-06,US,RI
155,2023-03-26,US,TN
156,2024-08-26,US,NC
157,2023-11-24,US,KS
158,2023-07-31,US,VT
159,2023-11-21,US,KS
160,2024-02-14,UK,TN
161,2024-10-29,US,NH
162,2023-11-23,CA,WV
163,2025-08-25,US,AL
164,2024-04-18,AU,OK
165,2025-10-26,CA,CA
166,2024-07-09,US,SD
167,2023-10-02,US,MI
168,2025-06-29,US,FM
169,2023-09-10,US,LA
170,2023-06-13,US,MP
171,2024-07-15,UK,ME
172,2024-09-24,CA,AS
173,2024-11-07,US,AL
174,2024-11-21,US,OH
175,2023-11-06,CA,HR
176,2023-04-18,US,FM
177,2023-05-19,US,DE
178,2025-07-08,US,WA
179,2024-07-26,UK,KY
180,2023-10-19,CA,IL
181,2025-01-12,US,IL
182,2024-12-11,US,PR
183,2023-09-30,US,NM
184,2023-09-17,US,PW
185,2025-05-24,US,CO
186,2024-10-17,AU,MP
187,2023-10-14,UK,AL
188,2023-12-11,US,DC
189,2024-10-20,US,KS
190,2023-06-17,US,NV
191,2024-07-24,US,NE
192,2024-08-02,US,CG
193,2023-03-19,UK,FM
194,2024-12-15,US,CZ
195,2024-07-18,US,MP
196,2024-01-17,UK,TG
197,2023-06-03,US,CN
198,2023-02-13,US,MN
199,2025-07-18,UK,WY
200,2025-10-02,CA,AZ
201,2025-07-18,AU,IL
202,2024-12-06,US,TN
203,2023-04-17,US,TJ
204,2025-07-03,US,MT
205,2025-10-03,UK,AE
206,2023-06-09,US,IA
207,2025-06-13,US,AS
208,2025-04-18,US,FM
209,2024-03-02,US,EE
210,2025-01-31,US,MA
211,2025-03-19,US,MT
212,2025-04-09,AU,VI
213,2025-01-30,US,IA
214,2023-10-03,US,WY
215,2024-12-26,US,MS
216,2025-06-20,US,PR
217,2024-05-01,US,ID
218,2025-04-24,US,PK
219,2023-12-28,US,GU
220,2025-04-02,US,IN
221,2023-08-19,US,TN
222,2023-07-19,US,MA
223,2023-10-16,AU,CA
224,2025-09-26,US,KY
225,2023-12-30,US,SE
226,2024-02-18,US,MP
227,2024-07-08,US,AK
228,2023-04-30,US,IL
229,2023-07-04,US,KS
230,2023-02-09,US,PA
231,2024-03-25,US,ZA
232,2025-03-24,UK,NE
233,2024-09-18,US,SE
234,2023-04-30,US,TR
235,2023-07-16,AU,BD
236,2025-01-02,CA,AL
237,2024-06-21,US,AS
238,2024-07-10,AU,VA
239,2025-08-30,UK,WA
240,2024-11-24,US,MM
241,2024-03-21,US,TN
242,2025-08-10,US,RI
243,2023-11-21,US,CM
244,2025-01-14,US,ME
245,2024-06-08,UK,TN
246,2024-02-27,US,MO
247,2024-12-21,US,TG
248,2023-05-12,US,MT
249,2024-11-18,CA,MS
250,2024-12-01,AU,MH
251,2023-06-29,US,OK
252,2023-11-08,US,SY
253,2025-05-12,DE,ME
254,2023-10-24,US,NE
255,2025-03-23,US,PA
256,2024-11-07,US,NH
257,2024-04-01,US,TX
258,2023-08-09,US,NJ
259,2025-03-31,US,LK
260,2023-06-25,US,CO
261,2023-10-21,US,TN
262,2024-10-16,DE,MA
263,2023-04-07,US,WV
264,2023-08-31,US,ME
265,2023-08-21,US,FJ
266,2023-06-02,US,AZ
267,2023-09-11,US,NJ
268,2024-09-24,US,WI
269,2023-03-17,DE,MT
270,2025-07-05,US,OK
271,2023-07-21,US,UT
272,2024-02-02,US,MO
273,2023-09-10,US,TD
274,2024-12-12,US,MH
275,2025-02-15,US,CD
276,2025-03-15,US,GN
277,2023-07-01,US,UT
278,2024-06-19,US,AR
279,2024-07-30,CA,CM
280,2024-04-16,US,AS
281,2024-04-25,AU,NC
282,2025-10-18,US,PA
283,2023-11-25,AU,WV
284,2025-07-10,CA,RI
285,2025-04-22,US,MH
286,2024-06-05,US,MP
287,2025-07-26,US,NV
288,2025-07-16,AU,WA
289,2025-06-09,US,NV
290,2023-09-26,US,IA
291,2025-05-18,US,IS
292,2025-03-02,UK,NC
293,2024-05-16,UK,IA
294,2023-10-11,US,CA
295,2025-01-07,CA,IA
296,2023-10-08,US,LB
297,2025-07-12,US,CO
298,2023-05-24,US,IN
299,2024-02-01,US,DE
300,2024-12-31,US,CA
301,2024-03-04,US,MA
302,2024-07-15,AU,MT
303,2023-03-06,US,MP
304,2024-03-10,AU,MH
305,2025-03-06,US,UT
306,2023-01-21,US,FM
307,2025-03-02,US,MS
308,2024-05-08,AU,MI
309,2023-11-05,US,MW
310,2025-06-01,DE,MP
311,2024-03-09,US,AE
312,2025-01-29,UK,UY
313,2025-07-17,US,NM
314,2023-08-15,US,NE
315,2024-05-17,CA,MS
316,2023-12-14,US,TX
317,2025-04-05,US,RS
318,2023-06-20,US,NH
319,2025-08-08,US,RI
320,2024-07-06,US,PW
321,2024-02-12,US,OK
322,2024-11-16,DE,CO
323,2024-10-26,US,DC
324,2025-06-15,US,HI
325,2023-02-21,UK,MS
326,2023-12-05,UK,NH
327,2023-12-04,US,WV
328,2025-06-28,CA,IT
329,2025-02-16,US,MP
330,2024-03-11,US,MP
331,2023-03-26,US,AM
332,2025-02-13,US,BF
333,2025-10-30,US,MI
334,2023-08-20,US,CA
335,2025-03-18,US,SD
336,2023-02-11,US,AK
337,2025-09-08,US,ID
338,2025-05-17,US,RI
339,2023-06-07,US,DC
340,2024-05-04,US,DE
341,2024-08-06,US,IL
342,2024-04-25,US,IE
343,2025-03-03,US,DM
344,2024-09-18,US,AE
345,2025-01-12,CA,WI
346,2025-04-27,US,ME
347,2023-04-22,US,AK
348,2025-08-18,US,OK
349,2024-12-01,US,MS
350,2024-02-15,US,VT
351,2023-07-25,US,UA
352,2024-12-15,US,SC
353,2023-09-09,US,UT
354,2025-03-09,US,PR
355,2024-12-08,US,AS
356,2023-05-06,US,TM
357,2025-03-20,US,MI
358,2024-07-04,US,TN
359,2024-01-19,US,NY
360,2024-10-31,UK,AL
361,2025-05-28,CA,GU
362,2024-05-21,AU,NE
363,2025-09-20,US,SC
364,2025-07-10,US,NH
365,2025-01-01,US,NE
366,2023-07-02,US,NC
367,2025-09-25,US,KY
368,2024-09-28,US,SO
369,2025-03-11,US,NH
370,2024-03-26,AU,VA
371,2024-09-04,US,MD
372,2025-05-30,US,MP
373,2025-08-24,AU,KY
374,2025-06-30,US,IA
375,2025-02-14,US,OK
376,2024-09-23,US,MS
377,2023-12-14,US,SA
378,2025-05-29,UK,HI
379,2024-05-19,CA,MH
380,2025-04-04,US,MA
381,2023-10-17,US,PA
382,2024-12-26,US,KY
383,2024-07-28,US,NC
384,2025-09-07,US,BS
385,2023-09-07,US,MT
386,2024-05-20,US,WV
387,2023-09-06,US,NJ
388,2024-10-29,UK,NM
389,2024-04-08,AU,AK
390,2023-04-07,US,IN
391,2024-02-23,US,IA
392,2023-11-13,UK,OR
393,2024-01-17,US,OH
394,2024-07-02,US,NO
395,2025-10-27,US,OH
396,2023-12-09,CA,UT
397,2024-04-14,US,ME
398,2023-09-17,US,DE
399,2025-01-15,AU,MD
400,2023-05-04,US,ND
401,2025-09-10,US,UT
402,2023-07-11,US,IL
403,2025-02-02,CA,KY
404,2025-01-19,US,WV
405,2024-06-26,AU,JM
406,2025-10-10,US,MP
407,2023-07-20,CA,IN
408,2024-01-09,US,ME
409,2023-01-15,AU,ND
410,2023-05-11,US,BD
411,2025-10-04,US,TG
412,2023-10-30,US,DC
413,2024-10-21,US,WV
414,2024-05-22,US,VI
415,2023-01-13,US,LA
416,2024-04-30,AU,NV
417,2023-12-19,US,AR
418,2023-09-19,US,QA
419,2023-04-28,DE,CA
420,2024-02-19,US,CA
421,2024-08-19,US,TX
422,2023-02-25,US,FL
423,2025-04-18,US,ME
424,2023-03-30,US,IA
425,2023-05-03,US,WV
426,2024-03-06,US,PA
427,2025-03-28,CA,IN
428,2025-03-13,US,MS
429,2024-04-10,US,NV
430,2023-11-04,UK,OR
431,2025-10-20,US,KP
432,2024-08-10,AU,AR
433,2024-09-22,US,SZ
434,2023-04-13,US,WV
435,2023-08-03,US,GH
436,2023-10-01,US,CO
437,2023-06-12,US,EC
438,2024-07-24,US,GA
439,2023-01-03,US,NV
440,2024-12-13,AU,NJ
441,2023-10-29,US,IN
442,2023-10-25,US,LA
443,2024-12-27,US,NH
444,2023-03-15,US,IN
445,2025-08-13,US,WY
446,2025-03-29,US,TZ
447,2024-11-14,US,FJ
448,2024-03-15,DE,ND
449,2023-08-21,US,CZ
450,2025-07-28,UK,GU
451,2023-05-28,CA,AR
452,2023-06-21,US,ME
453,2024-09-07,DE,GU
454,2024-08-11,US,JO
455,2024-03-30,US,PT
456,2024-12-13,US,UT
457,2024-02-21,US,KY
458,2024-06-01,US,NM
459,2024-03-28,US,PA
460,2023-02-11,DE,NE
461,2025-01-29,US,PA
462,2023-09-16,US,CO
463,2023-08-25,US,TX
464,2025-05-14,UK,OK
465,2024-08-30,AU,AK
466,2025-10-30,US,TX
467,2025-04-29,US,OK
468,2023-02-11,US,WV
469,2023-07-01,US,NC
470,2024-11-04,US,PW
471,2023-10-15,US,OR
472,2024-03-26,US,GU
473,2024-05-23,US,BW
474,2024-04-30,US,MT
475,2023-12-11,US,TN
476,2023-04-19,US,GA
477,2023-12-08,AU,MD
478,2024-05-27,US,TN
479,2025-09-04,AU,GU
480,2025-02-25,US,AZ
481,2024-04-15,AU,KW
482,2023-09-18,US,CI
483,2025-09-30,AU,NA
484,2025-06-13,US,GU
485,2025-10-18,US,TN
486,2025-06-17,US,NH
487,2024-03-03,CA,ET
488,2024-06-20,US,RI
489,2025-02-21,US,SC
490,2024-04-02,US,BF
491,2023-07-30,US,SY
492,2023-05-16,CA,JO
493,2024-03-29,AU,UT
494,2024-05-16,US,AK
495,2025-10-03,US,PA
496,2025-04-06,US,VT
497,2023-06-13,US,OH
498,2023-01-15,UK,MT
499,2023-04-07,DE,MP
500,2025-08-01,US,NH
501,2025-09-06,DE,KH
502,2025-05-10,US,NM
503,2025-08-22,UK,LA
504,2024-06-10,US,KY
505,2024-03-05,AU,NJ
506,2025-10-10,US,IA
507,2024-04-17,US,FL
508,2024-02-01,US,PW
509,2024-09-11,US,AE
510,2025-06-28,US,BJ
511,2023-10-13,US,WY
512,2025-06-02,US,LV
513,2025-08-24,US,NY
514,2023-10-04,US,AL
515,2023-10-20,CA,KG
516,2025-05-15,US,OR
517,2025-10-29,US,RW
518,2025-06-13,US,PE
519,2024-07-10,US,MI
520,2023-12-10,US,WV
521,2024-07-15,US,NH
522,2025-08-22,US,VI
523,2023-07-15,US,UT
524,2023-09-04,US,MS
525,2023-08-30,US,WI
526,2024-02-29,US,LB
527,2025-02-09,US,VT
528,2025-08-02,US,MU
529,2024-02-04,CA,TN
530,2025-03-30,US,SD
531,2025-10-11,US,NM
532,2025-09-24,DE,CN
533,2024-06-03,US,OR
534,2023-12-10,US,CT
535,2025-06-22,US,OM
536,2023-04-14,US,PH
537,2023-01-16,US,FL
538,2024-02-28,US,SD
539,2025-09-29,CA,CA
540,2024-04-30,US,KS
541,2023-12-17,CA,MD
542,2024-02-15,US,CO
543,2025-05-30,US,GQ
544,2025-06-07,US,MS
545,2025-09-13,US,SC
546,2025-01-13,US,WV
547,2024-05-19,US,ND
548,2023-02-07,US,CA
549,2023-08-31,US,TX
550,2025-08-10,US,IN
551,2025-02-11,US,NE
552,2025-10-08,US,WV
553,2024-10-17,US,VI
554,2023-04-14,US,GA
555,2024-12-18,US,MH
556,2023-01-30,US,MD
557,2025-04-03,US,KE
558,2024-01-06,CA,NE
559,2023-05-31,US,NC
560,2024-03-02,AU,TX
561,2025-03-30,CA,GA
562,2023-07-01,US,VA
563,2025-06-19,US,RI
564,2024-12-07,US,NM
565,2025-08-01,UK,FL
566,2023-08-29,US,SC
567,2023-09-20,US,KS
568,2024-11-20,US,PT
569,2025-07-20,US,GD
570,2024-07-19,US,BN
571,2024-04-01,US,MI
572,2025-10-18,US,ME
573,2024-10-22,US,NE
574,2024-12-14,US,NH
575,2025-05-24,US,ID
576,2025-10-30,AU,PR
577,2024-05-14,US,GW
578,2024-01-30,US,MI
579,2024-08-17,US,UT
580,2023-11-02,CA,MP
581,2024-11-11,US,KY
582,2023-01-09,US,VI
583,2024-12-10,CA,WA
584,2025-10-03,US,PW
585,2024-09-19,US,NM
586,2025-05-11,US,MH
587,2023-10-23,US,AS
588,2023-08-26,US,AS
589,2023-12-31,US,SC
590,2023-07-16,US,KS
591,2024-12-01,DE,VA
592,2025-03-04,US,TX
593,2025-05-16,US,SC
594,2023-04-11,US,SC
595,2024-10-30,US,ME
596,2025-03-26,US,AZ
597,2024-08-22,US,ES
598,2023-05-16,US,PW
599,2023-11-02,US,WA
600,2024-03-05,US,ID
601,2023-05-17,US,ND
602,2025-06-25,US,MN
603,2024-07-02,US,PW
604,2023-10-09,US,GA
605,2023-09-23,US,RO
606,2025-09-27,UK,LA
607,2025-02-10,CA,MA
608,2025-04-11,UK,NH
609,2025-09-22,CA,CV
610,2025-02-18,US,IN
611,2025-06-08,US,VA
612,2024-11-28,CA,MO
613,2025-09-27,US,AS
614,2024-07-30,US,CO
615,2025-03-28,UK,AL
616,2023-10-01,US,DE
617,2024-04-15,CA,TX
618,2025-02-13,UK,KS
619,2024-08-27,UK,DZ
620,2025-08-30,US,CT
621,2024-11-28,US,NJ
622,2023-01-26,CA,FM
623,2025-09-02,US,MD
624,2025-08-04,US,IN
625,2024-10-31,UK,SC
626,2025-05-01,AU,ME
627,2023-11-09,UK,NE
628,2023-05-01,US,AZ
629,2025-09-05,US,ME
630,2025-10-26,US,DE
631,2023-04-11,US,FM
632,2024-07-09,US,MS
633,2024-04-14,US,TN
634,2025-09-08,US,UT
635,2025-09-05,CA,NL
636,2024-08-30,US,VA
637,2023-06-09,US,MT
638,2024-11-08,US,MP
639,2024-05-20,US,MT
640,2025-08-28,US,KY
641,2023-02-03,US,MN
642,2023-08-13,US,PA
643,2025-09-09,US,PR
644,2024-01-11,CA,TX
645,2024-01-15,US,MH
646,2025-10-08,AU,MK
647,2023-03-04,US,KY
648,2023-07-16,AU,DE
649,2025-09-08,US,GU
650,2024-04-15,US,TN
651,2023-08-08,US,SC
652,2024-09-09,US,AK
653,2023-02-22,US,MA
654,2023-09-09,US,DC
655,2025-03-24,AU,IL
656,2023-03-12,US,WV
657,2024-07-27,US,OR
658,2023-08-12,US,VI
659,2023-08-29,CA,WI
660,2023-06-02,UK,MH
661,2024-09-08,US,KY
662,2025-06-06,AU,FL
663,2025-10-18,US,SR
664,2023-09-17,CA,EC
665,2023-04-24,US,VI
666,2023-01-27,US,AL
667,2024-01-06,AU,WY
668,2023-09-04,US,MD
669,2023-01-17,US,IN
670,2023-02-24,US,WA
671,2024-03-11,AU,DE
672,2025-02-10,UK,NJ
673,2024-04-08,US,MN
674,2024-06-14,US,CT
675,2024-04-12,US,GN
676,2025-09-04,US,AZ
677,2025-01-21,UK,KM
678,2024-06-23,US,PK
679,2024-10-27,US,AK
680,2023-03-04,US,NJ
681,2025-05-26,US,NE
682,2024-12-10,US,NM
683,2025-01-06,US,NV
684,2023-03-17,US,BR
685,2023-11-30,UK,FL
686,2023-03-09,AU,KY
687,2024-10-07,US,OR
688,2024-07-21,US,MD
689,2024-01-29,UK,PA
690,2024-07-02,US,NH
691,2024-06-06,US,NE
692,2023-04-13,US,UT
693,2023-04-29,AU,TD
694,2024-11-04,US,WI
695,2024-07-24,US,VI
696,2023-08-11,US,NV
697,2025-07-07,US,NG
698,2023-12-17,DE,NH
699,2024-02-17,CA,VA
700,2023-04-09,US,NE
701,2023-11-20,US,KS
702,2024-01-23,US,FL
703,2024-12-11,US,NJ
704,2023-03-11,US,MP
705,2023-03-30,US,NR
706,2023-04-10,US,WA
707,2024-01-21,US,DC
708,2024-07-29,US,OR
709,2025-09-16,US,TJ
710,2023-12-07,US,DE
711,2024-02-29,US,VI
712,2024-11-18,US,WV
713,2024-03-13,AU,PW
714,2025-01-15,US,LA
715,2024-09-12,DE,MI
716,2023-04-18,US,SD
717,2023-08-08,AU,TN
718,2024-05-13,US,PR
719,2023-04-22,US,PR
720,2024-07-29,US,CI
721,2025-02-27,US,OK
722,2023-08-22,US,NE
723,2025-05-23,US,WI
724,2025-04-26,US,RI
725,2024-11-28,US,OH
726,2023-01-28,US,TN
727,2025-05-07,US,KY
728,2023-01-30,US,KY
729,2024-12-27,AU,ME
730,2025-08-10,AU,MI
731,2023-01-07,US,VI
732,2023-05-29,US,KM
733,2024-02-19,US,FL
734,2025-02-05,US,AK
735,2023-04-05,US,NC
736,2023-08-11,US,NL
737,2024-04-14,CA,GA
738,2024-01-18,US,VA
739,2023-12-02,US,OK
740,2024-09-08,UK,FM
741,2023-02-24,US,DJ
742,2025-02-19,US,AR
743,2024-11-27,US,KY
744,2024-04-03,US,NO
745,2024-05-17,US,NV
746,2024-03-04,US,IL
747,2025-02-19,CA,DE
748,2023-12-23,US,DE
749,2023-10-20,US,TX
750,2024-09-05,US,NC
751,2024-11-20,US,AZ
752,2023-08-17,US,US
753,2023-02-26,US,IL
754,2023-11-08,US,IL
755,2025-03-04,US,WV
756,2023-09-22,DE,MD
757,2023-05-05,US,SB
758,2025-02-11,US,HI
759,2023-05-14,AU,ND
760,2024-12-28,CA,NY
761,2024-07-31,US,SV
762,2025-04-13,US,CA
763,2024-02-15,US,WA
764,2023-02-13,DE,AK
765,2024-04-20,CA,CA
766,2025-06-10,US,TR
767,2024-03-19,CA,MO
768,2025-01-03,UK,MT
769,2023-10-27,US,MO
770,2023-01-22,US,MD
771,2023-06-27,US,RI
772,2024-04-20,US,UT
773,2025-08-09,UK,BT
774,2024-03-27,US,CD
775,2023-09-09,US,OR
776,2024-02-19,US,BR
777,2024-02-14,UK,KR
778,2025-02-10,US,IN
779,2023-12-11,UK,GA
780,2023-03-20,UK,SC
781,2023-04-28,US,NY
782,2023-07-20,US,WI
783,2023-12-28,US,VA
784,2025-09-17,US,SD
785,2025-04-22,US,IA
786,2023-04-17,US,IE
787,2023-07-23,US,PA
788,2023-06-08,CA,WV
789,2024-11-08,US,HI
790,2025-09-10,CA,SC
791,2024-05-25,US,WV
792,2024-08-05,US,OR
793,2024-04-09,US,FM
794,2024-08-06,US,SC
795,2025-10-17,US,MD
796,2025-06-12,UK,SC
797,2023-11-23,US,NV
798,2023-03-12,CA,PA
799,2024-10-14,US,WY
800,2023-10-12,DE,AR
801,2023-12-30,AU,BN
802,2023-11-17,US,NV
803,2023-02-08,US,MN
804,2025-05-09,US,CA
805,2024-10-28,CA,PR
806,2023-04-04,US,PA
807,2024-06-08,US,NH
808,2024-08-23,US,SZ
809,2025-07-15,US,PG
810,2025-07-28,US,TO
811,2024-11-04,US,LI
812,2024-09-17,US,NY
813,2023-06-05,US,AR
814,2024-04-10,US,AS
815,2025-07-18,US,MA
816,2025-10-12,US,CO
817,2024-06-05,US,HI
818,2023-02-10,US,VT
819,2024-03-28,US,OM
820,2024-06-25,US,RI
821,2023-06-14,US,MN
822,2025-08-07,CA,MS
823,2024-02-27,US,MA
824,2024-12-02,AU,AR
825,2025-03-27,DE,SD
826,2023-12-13,US,MA
827,2023-04-08,US,TX
828,2024-02-04,CA,KS
829,2025-01-18,US,KM
830,2025-09-24,US,PA
831,2025-06-21,US,MA
832,2023-03-26,US,TN
833,2023-05-27,US,MG
834,2023-11-17,US,SD
835,2024-12-23,CA,MX
836,2023-05-14,US,VT
837,2025-08-27,US,ME
838,2024-07-31,US,SD
839,2025-03-29,AU,GU
840,2023-05-13,DE,UT
841,2025-05-07,US,WA
842,2025-10-28,US,SL
843,2023-04-07,US,TN
844,2024-03-13,US,MN
845,2023-01-19,US,ME
846,2023-07-06,US,IL
847,2023-12-20,US,WI
848,2024-05-17,US,IN
849,2025-10-30,US,DE
850,2023-03-21,US,PR
851,2025-03-25,UK,SD
852,2025-03-08,US,MP
853,2025-02-02,US,NC
854,2023-02-09,US,MA
855,2025-06-25,UK,RI
856,2023-05-16,US,MS
857,2023-06-09,US,HI
858,2025-05-09,US,WI
859,2024-10-07,UK,DM
860,2025-01-15,US,BD
861,2024-02-29,US,TX
862,2025-01-14,CA,NV
863,2024-09-23,US,WV
864,2025-02-12,US,NV
865,2023-08-30,US,IA
866,2023-11-16,US,AS
867,2025-03-22,US,MH
868,2025-05-13,US,MN
869,2024-12-02,US,OK
870,2025-10-14,CA,PL
871,2025-03-06,US,WI
872,2024-01-30,US,NC
873,2024-03-08,US,DK
874,2025-04-24,CA,AS
875,2024-09-17,DE,ID
876,2023-02-23,US,NJ
877,2025-06-22,US,OH
878,2025-08-24,US,LC
879,2025-05-24,US,PR
880,2023-05-09,US,CO
881,2025-02-28,US,KY
882,2024-04-09,US,NY
883,2023-06-02,US,NE
884,2023-04-05,UK,PW
885,2023-08-18,US,NV
886,2025-07-03,US,AR
887,2024-03-05,AU,MO
888,2024-06-03,US,IA
889,2024-02-04,AU,CO
890,2024-01-23,US,AT
891,2023-11-26,US,CT
892,2025-05-17,US,SD
893,2023-12-13,US,FL
894,2023-05-23,US,LA
895,2025-08-06,US,NJ
896,2024-12-20,US,DC
897,2025-02-23,US,NJ
898,2024-04-08,AU,AL
899,2025-07-25,US,AK
900,2023-09-22,CA,CZ
901,2024-07-21,CA,VA
902,2024-09-21,AU,NE
903,2023-04-25,US,LA
904,2023-09-03,US,DE
905,2023-02-19,US,MT
906,2024-10-22,US,RI
907,2024-04-17,US,DE
908,2025-05-15,US,NM
909,2024-09-09,US,AK
910,2024-10-15,US,OK
911,2023-09-08,US,FL
912,2023-10-29,US,AL
913,2024-09-27,US,IA
914,2024-08-13,DE,HI
915,2024-11-17,US,CO
916,2024-06-25,US,MN
917,2023-03-11,US,NC
918,2024-07-16,US,WY
919,2025-10-18,AU,OH
920,2023-01-22,US,VI
921,2024-05-01,UK,SC
922,2024-02-05,CA,MN
923,2023-09-20,US,AK
924,2024-01-05,US,CA
925,2023-12-23,US,VA
926,2024-11-10,US,CT
927,2025-03-08,US,WA
928,2025-02-21,US,DC
929,2023-02-15,CA,ND
930,2023-12-17,US,SD
931,2023-07-01,US,WI
932,2024-12-08,US,MC
933,2024-05-09,DE,HI
934,2025-04-19,US,CA
935,2025-01-10,US,NH
936,2023-02-08,US,FR
937,2023-02-15,US,ID
938,2025-07-04,UK,MD
939,2025-08-23,UK,SG
940,2024-02-16,US,GU
941,2024-07-15,US,KS
942,2023-02-07,US,SD
943,2023-07-17,US,MI
944,2025-06-10,US,AR
945,2025-06-14,AU,MA
946,2023-10-10,US,AS
947,2024-01-16,US,FM
948,2024-02-18,CA,NV
949,2025-07-14,US,MS
950,2023-12-17,US,HI
951,2024-05-28,DE,SB
952,2024-01-15,US,AS
953,2024-06-20,US,BS
954,2025-01-21,US,CO
955,2024-03-21,UK,GU
956,2023-07-06,US,LA
957,2023-11-29,US,CO
958,2023-12-06,US,LA
959,2023-11-13,US,UY
960,2025-01-12,US,GA
961,2024-12-14,US,MI
962,2024-04-07,UK,VA
963,2025-06-18,AU,MI
964,2024-09-27,US,NE
965,2023-10-11,US,BG
966,2023-03-19,AU,SC
967,2024-02-25,US,NY
968,2025-04-08,UK,TX
969,2023-06-15,US,AK
970,2023-05-28,CA,PA
971,2024-12-02,US,NV
972,2023-02-05,US,CA
973,2023-09-02,US,SD
974,2024-01-14,US,MS
975,2025-09-08,US,AZ
976,2024-09-17,US,TX
977,2024-04-10,AU,MN
978,2024-01-20,US,WV
979,2023-03-21,US,DC
980,2024-07-01,US,MO
981,2023-11-22,US,KY
982,2023-09-16,US,DE
983,2023-01-27,US,HI
984,2024-05-31,US,MS
985,2025-08-02,CA,CL
986,2023-09-28,US,KS
987,2024-12-28,US,GH
988,2025-10-27,US,LA
989,2024-12-18,US,NM
990,2023-07-26,UK,DC
991,2025-05-31,US,NV
992,2023-06-28,US,VT
993,2024-04-05,US,CO
994,2025-04-18,US,LB
995,2024-11-21,US,VT
996,2023-03-09,CA,ND
997,2023-10-28,US,ME
998,2025-05-30,US,LC
999,2025-01-03,US,UT
1000,2024-10-21,US,WY
1001,2024-01-09,US,IN
1002,2023-05-06,US,ID
1003,2025-03-29,US,IA
1004,2025-03-28,US,AR
1005,2024-01-09,US,OK
1006,2024-01-17,US,AS
1007,2025-10-13,CA,DC
1008,2024-09-24,US,CO
1009,2023-03-09,US,MO
1010,2025-10-30,US,VA
1011,2024-05-09,US,MT
1012,2025-03-06,US,GU
1013,2024-08-17,US,DC
1014,2025-10-02,US,SD
1015,2023-03-18,US,NH
1016,2024-12-04,AU,LY
1017,2023-05-13,US,TG
1018,2024-10-23,CA,EG
1019,2025-03-04,US,DC
1020,2024-03-23,US,BG
1021,2025-05-09,US,SI
1022,2023-06-08,UK,GA
1023,2023-06-17,CA,VT
1024,2023-08-22,US,SI
1025,2025-07-14,DE,PR
1026,2023-03-23,US,ID
1027,2024-10-18,UK,OH
1028,2023-10-11,US,YE
1029,2023-11-10,UK,SN
1030,2023-04-07,US,BA
1031,2023-06-24,US,OR
1032,2023-06-09,US,TN
1033,2024-10-07,US,UY
1034,2023-12-16,UK,OK
1035,2023-02-12,US,VI
1036,2023-01-30,US,AZ
1037,2025-09-07,US,WI
1038,2024-08-19,US,SD
1039,2023-08-06,US,TO
1040,2024-03-06,US,SC
1041,2023-02-01,US,FM
1042,2024-10-10,US,JP
1043,2024-10-25,US,ME
1044,2024-05-14,US,AS
1045,2025-04-14,US,MO
1046,2023-11-04,US,BN
1047,2024-12-13,US,GA
1048,2024-03-30,DE,NJ
1049,2024-04-25,UK,LV
1050,2024-09-19,US,MD
1051,2025-06-09,US,MD
1052,2025-01-29,US,VI
1053,2023-12-24,US,MZ
1054,2023-05-16,US,MN
1055,2024-06-16,US,CT
1056,2023-11-26,US,NH
1057,2023-05-07,US,NV
1058,2023-09-14,UK,CT
1059,2023-02-22,US,MS
1060,2025-06-12,US,NL
1061,2023-09-14,US,VI
1062,2025-07-21,US,GU
1063,2023-12-05,US,OK
1064,2025-01-15,UK,ID
1065,2025-02-28,US,NM
1066,2025-10-26,US,NH
1067,2024-05-30,US,ME
1068,2024-05-29,US,CO
1069,2025-09-04,US,NY
1070,2024-04-17,US,IA
1071,2023-08-11,CA,MH
1072,2023-02-20,US,JM
1073,2024-05-26,US,FM
1074,2025-05-21,US,TX
1075,2024-05-01,US,ND
1076,2023-01-09,US,CT
1077,2024-03-21,CA,IN
1078,2025-01-22,US,WV
1079,2024-02-21,UK,AZ
1080,2024-02-19,US,OK
1081,2024-08-03,US,MN
1082,2024-07-26,US,CA
1083,2024-02-04,US,NV
1084,2025-03-01,CA,KY
1085,2025-05-03,US,RI
1086,2024-12-04,US,DE
1087,2023-05-14,DE,CT
1088,2024-02-12,AU,WY
1089,2025-10-17,US,OH
1090,2025-08-28,US,TW
1091,2023-05-30,DE,PA
1092,2024-06-10,US,NY
1093,2023-02-11,US,AZ
1094,2023-05-22,US,MA
1095,2025-04-11,US,NC
1096,2024-04-17,CA,PA
1097,2025-07-12,US,DC
1098,2023-12-06,DE,VA
1099,2023-11-26,US,MO
1100,2025-10-21,US,SZ
1101,2025-05-21,CA,OR
1102,2023-12-14,US,MP
1103,2024-06-11,US,NM
1104,2025-01-02,US,ME
1105,2024-05-06,UK,AM
1106,2024-01-16,US,TX
1107,2023-04-24,US,MT
1108,2024-08-26,US,RS
1109,2025-06-20,US,SC
1110,2023-01-28,US,NJ
1111,2023-10-02,US,SD
1112,2025-03-20,US,TT
1113,2024-08-20,US,VA
1114,2023-02-23,UK,NJ
1115,2023-06-26,US,SC
1116,2025-01-15,DE,WI
1117,2025-05-19,US,CY
1118,2025-04-29,DE,IA
1119,2023-02-02,CA,UT
1120,2023-04-24,US,AM
1121,2024-04-01,US,MT
1122,2023-06-06,US,UT
1123,2023-07-30,US,NY
1124,2025-03-12,US,PW
1125,2024-05-02,US,PR
1126,2025-01-30,AU,AR
1127,2024-12-30,AU,NC
1128,2023-08-03,US,MD
1129,2025-10-29,US,NJ
1130,2024-06-27,AU,MD
1131,2025-09-16,AU,NH
1132,2025-08-01,US,LV
1133,2024-07-18,CA,GD
1134,2025-03-09,US,VA
1135,2024-12-04,US,AS
1136,2024-12-17,US,RI
1137,2024-05-15,US,IA
1138,2023-10-16,US,ME
1139,2023-08-21,CA,ME
1140,2025-03-08,CA,VT
1141,2023-08-03,US,MA
1142,2024-05-20,US,NJ
1143,2023-12-27,DE,WY
1144,2025-01-16,US,LA
1145,2023-05-07,US,TX
1146,2024-07-15,CA,MH
1147,2025-10-10,CA,GU
1148,2023-12-23,US,WI
1149,2025-04-11,US,LA
1150,2023-02-13,US,VT
1151,2023-03-23,AU,NV
1152,2024-11-09,US,WA
1153,2024-05-10,US,ID
1154,2025-05-06,US,KY
1155,2025-08-22,CA,MC
1156,2023-10-08,DE,CT
1157,2024-09-28,US,OR
1158,2023-09-05,DE,BE
1159,2024-11-23,US,NC
1160,2023-08-22,US,IN
1161,2023-02-24,US,MT
1162,2023-12-08,US,NJ
1163,2023-04-14,US,WI
1164,2023-05-23,US,OH
1165,2025-10-08,US,GA
1166,2024-02-25,UK,FM
1167,2025-06-27,US,NJ
1168,2024-11-03,US,TW
1169,2025-09-23,US,MD
1170,2023-10-23,US,AR
1171,2025-07-27,US,CO
1172,2024-11-05,US,HT
1173,2024-07-07,US,RS
1174,2025-05-29,AU,AZ
1175,2025-08-02,US,HI
1176,2024-03-08,US,MP
1177,2023-07-01,US,AZ
1178,2025-10-28,US,MO
1179,2025-03-25,CA,ER
1180,2025-08-26,US,VI
1181,2025-08-15,US,FM
1182,2023-02-08,US,ME
1183,2024-08-10,US,CT
1184,2025-08-18,US,MA
1185,2023-10-22,US,SD
1186,2024-07-15,US,SA
1187,2025-07-08,US,DC
1188,2025-05-29,US,NH
1189,2023-10-10,US,AS
1190,2023-04-27,US,GA
1191,2025-01-25,AU,KH
1192,2023-09-24,US,HI
1193,2023-01-15,AU,MA
1194,2025-03-28,UK,TN
1195,2024-11-28,US,FI
1196,2023-07-01,DE,PR
1197,2024-10-22,US,MO
1198,2025-05-05,UK,SG
1199,2023-12-06,AU,MO
1200,2024-11-23,AU,HI
1201,2025-10-12,CA,NJ
1202,2023-12-01,DE,IA
1203,2023-01-08,US,MS
1204,2023-09-01,US,GB
1205,2023-10-04,US,MA
1206,2023-11-09,DE,RS
1207,2024-08-15,US,KS
1208,2024-11-06,US,UT
1209,2023-09-02,US,TN
1210,2023-05-03,US,ME
1211,2023-06-15,US,TX
1212,2024-06-03,US,MH
1213,2025-07-06,CA,WI
1214,2023-11-18,US,DE
1215,2024-10-22,US,KE
1216,2024-01-16,UK,IN
1217,2023-08-15,US,DC
1218,2024-05-09,US,NH
1219,2025-02-12,US,PA
1220,2024-01-22,UK,UT
1221,2024-07-21,DE,NJ
1222,2025-02-22,US,AS
1223,2024-11-17,CA,IL
1224,2025-02-26,DE,TX
1225,2025-02-19,US,VI
1226,2025-03-25,US,NC
1227,2024-04-06,US,VT
1228,2024-01-10,US,PW
1229,2024-08-06,US,AR
1230,2025-05-06,US,SD
1231,2023-07-29,US,ND
1232,2023-06-04,US,MD
1233,2025-06-02,US,PA
1234,2023-05-01,US,IL
1235,2025-01-11,AU,NM
1236,2023-04-05,US,NY
1237,2024-04-05,CA,AR
1238,2024-04-13,US,NY
1239,2024-03-05,US,OK
1240,2023-03-01,US,NH
1241,2024-11-26,US,ME
1242,2025-01-17,US,MO
1243,2023-09-21,US,AD
1244,2025-02-10,US,OR
1245,2023-03-17,CA,NO
1246,2023-12-23,UK,CA
1247,2024-07-13,US,AR
1248,2025-08-24,CA,CA
1249,2025-10-16,US,NJ
1250,2023-02-02,CA,MT
1251,2023-07-06,US,DC
1252,2025-03-02,US,VA
1253,2024-10-29,US,MT
1254,2024-01-23,US,MH
1255,2024-01-31,AU,VI
1256,2025-08-06,UK,MS
1257,2024-01-24,UK,KZ
1258,2025-09-23,US,VI
1259,2024-07-11,CA,SD
1260,2025-06-08,US,DE
1261,2023-07-04,US,ND
1262,2024-02-11,US,DC
1263,2025-01-22,US,IN
1264,2025-05-13,US,WV
1265,2023-01-24,US,ME
1266,2024-04-23,US,VA
1267,2024-07-16,US,SN
1268,2024-01-28,US,GT
1269,2023-09-13,US,LY
1270,2023-06-10,US,ET
1271,2025-08-27,US,VA
1272,2025-03-02,US,AZ
1273,2025-04-17,DE,MT
1274,2024-09-27,CA,AM
1275,2023-09-06,US,CA
1276,2023-04-15,CA,AZ
1277,2024-04-06,CA,TX
1278,2024-12-28,CA,AR
1279,2023-09-11,US,AZ
1280,2024-02-20,US,HT
1281,2024-07-12,US,WV
1282,2025-06-12,US,AR
1283,2023-05-25,US,LA
1284,2023-08-31,US,PW
1285,2025-01-26,US,MD
1286,2024-08-20,US,WI
1287,2024-11-26,US,MD
1288,2023-09-02,US,FM
1289,2023-05-29,US,TN
1290,2024-06-22,CA,MT
1291,2023-11-07,US,BH
1292,2024-07-29,US,OR
1293,2025-06-28,US,EC
1294,2024-10-09,US,NP
1295,2024-07-28,US,AR
1296,2025-10-02,US,SD
1297,2024-11-25,US,WY
1298,2024-06-26,US,UT
1299,2024-03-06,US,FL
1300,2023-11-07,UK,HI
1301,2025-02-19,US,PY
1302,2023-09-07,US,GR
1303,2023-11-07,US,KN
1304,2023-05-30,US,NH
1305,2025-08-03,US,OH
1306,2024-03-02,US,MT
1307,2024-07-30,US,CR
1308,2024-02-06,US,IE
1309,2023-07-30,US,SD
1310,2023-03-23,US,NV
1311,2025-05-25,US,CO
1312,2024-07-07,US,MP
1313,2023-07-16,US,KY
1314,2024-01-25,US,PA
1315,2024-09-15,US,VI
1316,2023-03-17,US,AS
1317,2025-02-26,US,VA
1318,2024-11-25,UK,IL
1319,2024-05-10,UK,VI
1320,2025-07-26,US,ME
1321,2025-09-16,US,AL
1322,2023-08-08,UK,ID
1323,2025-09-21,DE,DE
1324,2025-02-11,US,WV
1325,2024-05-10,US,HN
1326,2024-12-20,CA,VT
1327,2023-07-31,US,GY
1328,2024-07-24,US,WI
1329,2023-10-20,US,NH
1330,2024-07-05,US,MI
1331,2023-11-15,US,MN
1332,2024-06-14,US,NM
1333,2024-04-26,US,AS
1334,2025-10-11,US,NJ
1335,2025-02-26,US,LB
1336,2025-08-03,US,MN
1337,2023-11-20,US,AZ
1338,2024-08-04,US,IN
1339,2025-02-05,DE,AK
1340,2023-09-27,AU,OR
1341,2024-08-21,CA,MT
1342,2023-11-02,US,ID
1343,2023-12-08,US,MS
1344,2024-08-12,US,IA
1345,2024-05-31,CA,SD
1346,2025-09-02,AU,MA
1347,2023-09-24,US,RW
1348,2025-09-26,US,SD
1349,2025-02-03,US,NH
1350,2023-06-23,US,WY
1351,2023-12-31,US,DC
1352,2025-01-14,US,NM
1353,2023-07-10,US,FM
1354,2024-07-14,US,SD
1355,2025-09-16,US,NC
1356,2023-02-04,CA,PR
1357,2023-03-18,US,GU
1358,2024-11-21,US,AF
1359,2024-03-02,CA,MP
1360,2024-10-14,AU,CA
1361,2025-01-01,US,AL
1362,2023-08-15,US,NH
1363,2024-01-21,AU,RI
1364,2024-10-21,US,RI
1365,2025-08-01,AU,TN
1366,2024-05-19,US,AL
1367,2024-07-04,US,NG
1368,2023-01-13,US,NC
1369,2025-01-16,US,ND
1370,2025-10-07,US,AK
1371,2024-06-03,DE,MC
1372,2024-11-27,UK,AS
1373,2025-08-29,US,HI
1374,2023-04-21,US,BY
1375,2024-06-26,US,IA
1376,2023-07-18,AU,NC
1377,2023-09-19,US,MI
1378,2023-10-04,US,MO
1379,2023-03-23,US,MO
1380,2024-04-19,US,HN
1381,2025-10-20,DE,IN
1382,2023-11-07,US,GU
1383,2025-05-26,US,SD
1384,2025-10-22,US,SD
1385,2025-02-24,AU,CO
1386,2024-02-24,US,MS
1387,2024-07-25,US,BG
1388,2024-10-20,US,UT
1389,2023-06-27,US,NM
1390,2025-05-24,US,SD
1391,2025-03-22,US,OK
1392,2025-10-07,DE,CT
1393,2025-07-14,US,PW
1394,2023-02-13,US,IL
1395,2025-07-20,US,UT
1396,2025-07-06,US,NJ
1397,2023-10-08,US,BO
1398,2024-12-08,US,KY
1399,2025-07-18,US,OK
1400,2024-11-11,US,HI
1401,2025-08-18,US,MD
1402,2023-01-17,US,IL
1403,2024-08-29,US,WV
1404,2025-04-28,US,GU
1405,2024-02-16,US,BO
1406,2023-11-06,US,OK
1407,2023-09-06,US,MP
1408,2025-05-28,AU,GD
1409,2025-07-16,US,MA
1410,2024-02-01,US,WA
1411,2023-05-25,US,UT
1412,2025-01-18,US,SC
1413,2025-02-09,US,MI
1414,2023-02-25,US,NZ
1415,2023-08-29,US,CA
1416,2023-12-19,UK,WI
1417,2024-09-26,US,PA
1418,2024-02-15,US,WI
1419,2023-12-04,US,SC
1420,2023-10-10,US,PG
1421,2024-05-22,US,MI
1422,2024-07-25,US,MS
1423,2024-03-22,US,TX
1424,2024-08-28,US,MS
1425,2023-03-30,UK,RI
1426,2023-11-02,US,HU
1427,2025-01-07,US,CO
1428,2023-10-05,CA,MS
1429,2025-01-05,DE,SC
1430,2023-06-09,CA,MW
1431,2023-11-24,US,CT
1432,2023-04-05,US,ME
1433,2024-04-04,UK,WV
1434,2023-10-06,AU,DC
1435,2023-04-01,US,NE
1436,2024-04-09,UK,OH
1437,2024-06-13,US,CT
1438,2023-01-28,US,MI
1439,2024-07-27,US,PA
1440,2024-09-10,US,MD
1441,2025-06-12,US,AL
1442,2023-10-29,DE,MS
1443,2025-03-16,US,RS
1444,2025-07-20,US,HN
1445,2024-08-14,US,GA
1446,2024-12-09,AU,GA
1447,2023-05-24,US,KI
1448,2023-10-05,US,FL
1449,2023-03-07,US,NE
1450,2023-10-13,DE,KG
1451,2024-05-15,US,CA
1452,2024-01-09,US,IA
1453,2025-01-15,US,NM
1454,2024-09-05,US,ID
1455,2024-04-18,US,DC
1456,2023-11-12,US,MO
1457,2023-12-10,AU,RI
1458,2024-01-28,US,VI
1459,2023-12-07,US,MA
1460,2024-03-21,US,GU
1461,2025-06-07,US,UG
1462,2023-05-21,US,MD
1463,2024-09-15,US,UT
1464,2023-07-27,US,MD
1465,2023-07-03,US,MY
1466,2025-09-28,US,JP
1467,2025-01-29,US,SC
1468,2024-05-22,US,OK
1469,2025-03-19,UK,MD
1470,2024-01-24,US,GU
1471,2025-03-23,US,MN
1472,2023-04-28,US,TM
1473,2023-07-26,CA,ND
1474,2023-07-06,US,WI
1475,2024-07-22,US,ZA
1476,2024-04-22,US,VT
1477,2023-08-05,US,AS
1478,2023-10-29,US,UT
1479,2023-03-13,US,PR
1480,2025-04-02,CA,MT
1481,2024-11-26,US,CU
1482,2024-10-16,US,IA
1483,2023-09-19,US,DE
1484,2025-01-09,US,WY
1485,2024-01-25,US,NV
1486,2025-10-21,DE,NJ
1487,2024-08-25,US,ND
1488,2024-06-07,US,PW
1489,2025-06-18,US,MT
1490,2024-07-16,UK,WY
1491,2025-09-28,US,UT
1492,2025-07-14,UK,ND
1493,2024-09-06,US,PW
1494,2023-03-29,US,WI
1495,2023-09-14,US,TN
1496,2024-01-03,US,SD
1497,2024-09-25,CA,OK
1498,2025-10-14,DE,TX
1499,2024-10-30,UK,GB
1500,2023-12-09,US,WY
1501,2024-03-21,US,AL
1502,2023-04-12,US,IN
1503,2024-06-12,US,SI
1504,2024-07-30,US,UT
1505,2024-08-17,US,PE
1506,2024-01-22,US,NH
1507,2025-03-09,US,OR
1508,2024-12-14,US,FL
1509,2023-12-23,US,AK
1510,2024-05-14,AU,LA
1511,2024-03-06,US,BS
1512,2023-05-01,DE,VA
1513,2023-05-27,US,ME
1514,2023-12-21,US,WY
1515,2023-08-02,DE,RO
1516,2023-12-27,US,BY
1517,2024-03-29,US,UT
1518,2024-04-12,US,CA
1519,2023-11-07,US,AS
1520,2025-01-04,US,AK
1521,2025-05-28,US,SD
1522,2023-04-24,US,AS
1523,2023-06-19,US,WA
1524,2023-09-10,CA,HI
1525,2024-07-24,US,MA
1526,2024-08-01,US,PL
1527,2023-08-28,US,MO
1528,2024-10-13,US,HI
1529,2024-10-24,US,NR
1530,2024-02-14,US,WA
1531,2024-09-26,US,ID
1532,2024-04-09,US,NE
1533,2024-02-07,US,VT
1534,2023-08-11,US,IT
1535,2025-02-16,US,BI
1536,2024-08-19,US,SO
1537,2023-07-13,US,MD
1538,2023-07-23,US,DE
1539,2023-09-29,US,VI
1540,2024-05-21,US,SC
1541,2023-11-21,DE,MS
1542,2024-09-24,AU,OR
1543,2023-04-29,CA,MI
1544,2025-05-24,US,RI
1545,2023-06-28,US,TX
1546,2024-12-30,US,KG
1547,2025-08-07,US,OR
1548,2023-03-29,AU,DC
1549,2023-11-20,US,IA
1550,2023-11-12,US,HI
1551,2024-01-21,US,FL
1552,2024-06-12,US,MT
1553,2024-09-08,UK,OK
1554,2024-02-01,US,HI
1555,2024-05-18,DE,ND
1556,2024-12-18,US,SD
1557,2025-08-20,US,HI
1558,2024-07-27,US,NM
1559,2023-10-26,US,HI
1560,2023-11-22,US,NV
1561,2024-10-02,US,VI
1562,2024-01-07,US,AL
1563,2024-05-16,US,ID
1564,2025-04-22,CA,OH
1565,2024-06-06,AU,NM
1566,2024-02-28,US,NM
1567,2024-03-05,DE,MP
1568,2024-04-03,US,GA
1569,2023-03-27,DE,AK
1570,2025-04-02,US,IN
1571,2023-10-30,CA,KY
1572,2023-08-21,CA,LA
1573,2023-06-23,US,NH
1574,2024-08-07,UK,WI
1575,2025-03-02,US,OH
1576,2024-06-12,CA,OK
1577,2023-04-29,US,WI
1578,2024-07-15,US,MN
1579,2024-07-14,US,WV
1580,2023-02-13,US,WS
1581,2024-04-01,UK,IL
1582,2025-10-20,AU,CT
1583,2025-01-31,US,SD
1584,2025-02-15,US,KG
1585,2025-06-23,US,AU
1586,2024-04-10,US,MG
1587,2025-06-10,DE,CO
1588,2024-03-29,US,DE
1589,2025-03-13,US,IA
1590,2023-08-06,US,WA
1591,2024-08-30,US,MI
1592,2025-06-09,US,RI
1593,2024-10-16,US,GA
1594,2024-09-29,US,WY
1595,2023-08-02,CA,IL
1596,2025-04-12,US,TN
1597,2023-12-29,US,IT
1598,2024-09-09,US,DO
1599,2023-12-01,US,VT
1600,2023-10-30,US,OK
1601,2023-10-04,US,PR
1602,2024-06-15,CA,MH
1603,2024-12-03,AU,BY
1604,2023-05-21,US,WV
1605,2025-03-23,US,PW
1606,2023-03-03,US,KY
1607,2025-06-15,DE,DC
1608,2024-12-26,US,DC
1609,2023-09-16,US,VT
1610,2023-11-30,US,IA
1611,2025-02-26,US,GD
1612,2024-02-11,US,FL
1613,2024-08-20,US,KY
1614,2024-10-11,AU,MS
1615,2024-04-12,US,ZW
1616,2025-04-01,US,WI
1617,2023-04-07,US,NY
1618,2025-02-14,US,MD
1619,2025-08-26,US,MN
1620,2024-04-15,DE,NM
1621,2023-12-05,US,AD
1622,2025-06-17,US,PR
1623,2025-01-27,US,VA
1624,2025-10-02,US,SC
1625,2024-11-17,US,MI
1626,2025-05-29,US,WY
1627,2024-07-06,US,GM
1628,2025-09-28,US,GH
1629,2024-05-26,US,LI
1630,2025-05-06,US,MA
1631,2024-07-19,US,DC
1632,2024-08-08,US,NM
1633,2025-03-26,US,KZ
1634,2025-02-27,AU,AZ
1635,2023-04-13,AU,PK
1636,2023-01-17,UK,DJ
1637,2024-04-01,US,AL
1638,2025-10-22,US,NE
1639,2023-07-29,US,UT
1640,2025-07-29,US,CF
1641,2023-11-09,CA,VI
1642,2025-08-22,US,KY
1643,2023-04-07,US,MN
1644,2023-09-16,US,MN
1645,2024-11-18,US,SD
1646,2023-06-21,AU,MO
1647,2024-10-08,DE,VA
1648,2024-12-24,US,IN
1649,2024-03-19,AU,CO
1650,2024-12-28,US,AL
1651,2023-08-09,US,CA
1652,2023-05-18,US,GR
1653,2024-06-21,CA,NV
1654,2023-01-10,CA,MC
1655,2023-12-22,US,DE
1656,2025-10-18,US,NO
1657,2024-12-18,CA,NJ
1658,2023-03-15,UK,MS
1659,2023-04-03,US,AS
1660,2023-04-16,UK,KW
1661,2024-01-16,US,KG
1662,2023-05-22,US,GB
1663,2025-06-23,US,BA
1664,2025-10-23,US,FL
1665,2023-03-12,UK,TM
1666,2023-01-09,CA,SD
1667,2023-06-19,DE,MI
1668,2025-01-16,US,SC
1669,2025-02-12,CA,PW
1670,2024-03-01,UK,TX
1671,2024-04-02,US,IL
1672,2023-03-31,US,CT
1673,2023-05-25,DE,CM
1674,2024-09-01,US,MS
1675,2023-12-30,US,NP
1676,2023-11-22,US,DC
1677,2023-09-14,US,SD
1678,2023-03-29,DE,OH
1679,2024-09-13,US,VA
1680,2024-09-20,AU,FM
1681,2023-01-28,CA,PR
1682,2024-11-11,US,ME
1683,2023-08-01,US,PA
1684,2024-06-10,US,WA
1685,2024-02-10,UK,SD
1686,2023-02-26,DE,MH
1687,2025-03-31,US,IA
1688,2024-05-26,CA,DE
1689,2023-09-07,DE,DZ
1690,2024-09-06,US,NC
1691,2025-07-07,AU,AL
1692,2025-10-17,US,LB
1693,2023-05-17,US,VI
1694,2025-05-17,US,MT
1695,2024-01-13,US,KZ
1696,2023-06-28,CA,NJ
1697,2025-09-13,CA,WI
1698,2023-03-17,US,OR
1699,2023-03-11,US,KS
1700,2023-08-12,US,AR
1701,2025-09-07,US,MO
1702,2024-06-07,US,SC
1703,2025-01-06,CA,NI
1704,2024-03-13,AU,MO
1705,2023-03-27,US,ND
1706,2024-07-09,AU,FL
1707,2023-10-14,US,ME
1708,2023-03-23,US,GA
1709,2025-10-04,US,DE
1710,2024-07-08,US,MO
1711,2024-08-29,US,CF
1712,2024-12-05,US,CA
1713,2023-11-17,US,NE
1714,2025-01-24,US,PR
1715,2023-09-04,US,IA
1716,2023-03-31,US,NZ
1717,2023-04-30,US,RI
1718,2024-09-21,US,ME
1719,2024-11-19,US,TN
1720,2025-02-04,US,DE
1721,2023-01-14,US,DC
1722,2024-12-26,CA,GA
1723,2024-05-28,US,MI
1724,2024-06-24,CA,WY
1725,2025-04-30,CA,KS
1726,2023-06-22,US,DC
1727,2025-02-14,US,VI
1728,2023-10-05,US,FM
1729,2023-05-03,US,MH
1730,2023-01-31,US,AS
1731,2024-03-19,US,NC
1732,2023-03-08,US,VT
1733,2025-10-05,UK,SC
1734,2023-03-21,US,NH
1735,2024-06-12,US,AR
1736,2024-05-31,US,TN
1737,2023-06-22,US,GA
1738,2023-09-21,US,CT
1739,2025-07-13,US,TX
1740,2025-01-17,UK,IN
1741,2025-02-04,CA,AL
1742,2023-02-15,US,VI
1743,2023-01-13,DE,AZ
1744,2024-05-02,US,MS
1745,2025-08-09,US,HI
1746,2025-08-20,US,PR
1747,2023-02-06,US,AS
1748,2025-08-03,US,SZ
1749,2024-11-08,US,IN
1750,2023-11-29,US,NI
1751,2025-08-04,US,MD
1752,2023-10-08,US,CA
1753,2024-08-13,US,DE
1754,2024-06-03,US,MH
1755,2023-02-24,US,IN
1756,2025-04-11,US,AZ
1757,2025-09-13,US,BJ
1758,2025-06-25,US,VI
1759,2023-10-19,US,PR
1760,2023-11-18,US,CO
1761,2024-07-25,US,AL
1762,2024-01-17,AU,LA
1763,2024-08-05,CA,ME
1764,2025-02-03,US,IA
1765,2024-04-24,AU,OR
1766,2025-10-01,US,WI
1767,2025-03-13,US,ES
1768,2025-07-20,US,WV
1769,2025-04-03,UK,FL
1770,2023-01-07,US,MT
1771,2023-01-25,US,SR
1772,2023-12-25,US,MP
1773,2024-12-18,US,AL
1774,2025-09-10,US,AL
1775,2025-02-23,US,MS
1776,2025-05-27,US,VA
1777,2023-11-14,US,IL
1778,2024-07-01,CA,IA
1779,2024-03-10,US,AR
1780,2025-10-02,US,FL
1781,2025-01-05,US,CO
1782,2023-02-15,US,IN
1783,2025-07-16,US,NC
1784,2024-03-03,US,MR
1785,2024-04-19,US,AE
1786,2023-03-29,US,CT
1787,2024-06-06,AU,SC
1788,2025-04-27,US,CA
1789,2024-09-04,US,AR
1790,2024-03-25,US,DC
1791,2023-09-02,UK,KS
1792,2025-05-29,US,MX
1793,2024-12-25,US,LK
1794,2023-12-04,US,NV
1795,2023-10-09,UK,CA
1796,2025-09-02,US,DC
1797,2025-03-17,US,TV
1798,2023-04-23,US,CT
1799,2023-06-19,AU,NH
1800,2023-11-21,US,DE
1801,2024-07-08,US,WI
1802,2023-08-03,US,ME
1803,2024-04-24,US,PR
1804,2023-05-04,CA,DJ
1805,2025-04-15,CA,ME
1806,2025-05-04,DE,UT
1807,2024-09-15,CA,IL
1808,2025-05-14,US,MD
1809,2023-06-03,US,LC
1810,2023-09-14,US,MK
1811,2024-02-14,US,AR
1812,2024-12-01,US,KS
1813,2025-04-27,US,HI
1814,2023-02-02,US,MO
1815,2025-06-02,US,OH
1816,2025-02-12,US,IA
1817,2023-04-08,US,CT
1818,2025-04-11,US,DC
1819,2023-05-06,US,AR
1820,2025-05-08,US,IN
1821,2023-05-16,UK,MZ
1822,2024-01-20,US,SC
1823,2025-08-27,US,CO
1824,2024-08-25,UK,KS
1825,2025-08-06,US,CA
1826,2023-01-23,US,BI
1827,2023-07-24,US,SD
1828,2024-04-03,US,DC
1829,2023-04-06,AU,PR
1830,2025-05-07,US,MA
1831,2023-05-07,CA,NH
1832,2023-02-22,US,TO
1833,2024-03-23,US,VA
1834,2024-02-13,DE,AK
1835,2024-01-31,CA,NE
1836,2023-06-28,US,GH
1837,2025-07-28,AU,IS
1838,2023-10-17,US,CZ
1839,2023-02-05,US,RI
1840,2024-09-29,DE,SD
1841,2023-11-02,US,MT
1842,2025-07-01,US,NJ
1843,2023-03-05,US,KY
1844,2024-02-01,US,MT
1845,2023-07-26,CA,FM
1846,2025-04-04,US,IA
1847,2024-10-14,US,AS
1848,2024-07-16,US,AK
1849,2025-10-20,US,WY
1850,2025-01-07,DE,NJ
1851,2024-07-17,US,NM
1852,2023-12-22,US,OK
1853,2024-06-03,US,MW
1854,2023-10-07,US,AK
1855,2023-11-26,US,GN
1856,2023-01-31,CA,IT
1857,2023-03-02,US,NJ
1858,2024-07-01,US,TV
1859,2025-10-30,US,DJ
1860,2023-04-14,US,KM
1861,2023-09-07,CA,ND
1862,2025-04-24,US,PW
1863,2025-02-01,AU,GN
1864,2024-08-18,US,AS
1865,2024-02-06,US,EC
1866,2023-07-02,UK,OR
1867,2023-11-25,US,LK
1868,2024-12-22,UK,PW
1869,2024-09-03,US,VT
1870,2024-12-25,CA,OK
1871,2024-08-05,US,OK
1872,2025-09-07,AU,SA
1873,2024-07-14,DE,HI
1874,2024-05-22,AU,CO
1875,2023-02-28,US,UY
1876,2023-08-15,US,NC
1877,2024-05-09,US,MA
1878,2025-08-07,US,ID
1879,2025-04-13,US,MA
1880,2025-01-11,US,PW
1881,2025-04-09,US,VI
1882,2023-12-01,US,AK
1883,2023-06-02,US,VT
1884,2025-08-06,US,WI
1885,2023-04-25,US,SL
1886,2025-06-08,US,CA
1887,2024-01-22,US,TN
1888,2024-02-14,US,BZ
1889,2023-12-15,CA,LI
1890,2023-05-22,US,GA
1891,2025-01-27,US,NE
1892,2025-03-29,UK,NM
1893,2024-11-02,US,HI
1894,2025-01-01,DE,OH
1895,2024-12-18,US,RI
1896,2025-03-24,US,IN
1897,2024-11-19,US,GU
1898,2023-07-01,US,KP
1899,2025-01-28,US,KE
1900,2023-05-12,US,VA
1901,2023-01-02,AU,UT
1902,2025-09-07,US,MO
1903,2025-05-29,US,WI
1904,2025-09-25,US,AZ
1905,2023-07-08,US,MD
1906,2025-08-10,UK,VA
1907,2023-08-17,DE,OK
1908,2023-04-18,US,NM
1909,2023-05-26,US,WA
1910,2023-03-22,AU,MI
1911,2025-10-12,US,DM
1912,2024-10-19,US,CO
1913,2025-04-29,US,TN
1914,2024-10-22,US,LT
1915,2024-04-06,US,KS
1916,2023-08-05,US,UT
1917,2023-03-12,US,KS
1918,2025-03-24,US,VA
1919,2023-01-02,US,MV
1920,2024-03-29,AU,MT
1921,2025-09-29,US,NG
1922,2024-05-24,US,MT
1923,2023-12-30,US,MS
1924,2023-04-15,US,NJ
1925,2025-03-26,AU,OK
1926,2024-11-04,US,TX
1927,2023-08-22,US,NV
1928,2023-03-18,US,PR
1929,2023-02-04,US,AK
1930,2023-11-26,CA,CT
1931,2023-03-18,US,GA
1932,2025-07-07,US,GA
1933,2025-01-26,CA,OH
1934,2025-08-31,US,CO
1935,2023-12-16,US,VE
1936,2025-07-12,US,VT
1937,2023-02-02,US,SD
1938,2023-06-20,US,FM
1939,2024-03-24,US,AR
1940,2023-04-15,UK,IL
1941,2025-10-04,US,MT
1942,2024-12-21,US,VA
1943,2025-08-15,CA,ND
1944,2023-10-02,US,LA
1945,2023-11-04,US,CT
1946,2023-02-21,US,OK
1947,2024-07-22,DE,NM
1948,2023-06-08,US,MN
1949,2023-01-04,US,CO
1950,2023-11-01,US,TN
1951,2024-10-08,US,NJ
1952,2023-07-26,DE,AK
1953,2023-08-02,US,SC
1954,2023-10-29,US,CO
1955,2024-05-04,US,DE
1956,2023-11-15,US,MO
1957,2024-05-01,US,HR
1958,2023-10-02,CA,SD
1959,2024-07-16,US,ER
1960,2024-01-19,US,MU
1961,2024-01-17,AU,NV
1962,2023-02-16,US,OM
1963,2024-04-25,US,IN
1964,2025-05-15,US,TM
1965,2023-03-05,AU,GB
1966,2024-12-21,US,CT
1967,2023-03-30,US,MI
1968,2025-04-15,US,NG
1969,2025-09-30,US,OR
1970,2023-08-24,US,BH
1971,2025-05-19,US,SK
1972,2024-03-08,US,ND
1973,2024-12-11,US,NJ
1974,2024-08-15,CA,IA
1975,2024-05-07,US,CO
1976,2024-02-13,US,PR
1977,2025-01-08,US,NY
1978,2024-08-13,US,NC
1979,2025-04-07,AU,GD
1980,2025-10-13,UK,FL
1981,2023-05-05,US,WV
1982,2024-04-09,CA,GA
1983,2025-10-02,US,AS
1984,2023-07-19,US,AZ
1985,2024-03-13,US,TX
1986,2024-03-26,US,GU
1987,2024-10-10,US,MP
1988,2024-09-07,US,MD
1989,2025-07-30,UK,PW
1990,2025-04-14,US,CO
1991,2024-02-06,US,MY
1992,2024-07-24,US,PR
1993,2023-10-13,US,NH
1994,2025-08-06,DE,AL
1995,2025-03-24,US,RI
1996,2024-08-30,US,WY
1997,2024-03-09,US,NI
1998,2023-06-04,US,OK
1999,2024-08-30,US,WV
2000,2025-09-24,US,CT
2001,2025-08-14,US,OK
2002,2025-03-17,AU,WY
2003,2023-10-23,US,ND
2004,2025-06-29,UK,NG
2005,2023-10-01,US,SD
2006,2024-05-17,US,PA
2007,2024-05-04,US,EC
2008,2023-10-12,US,FL
2009,2024-10-01,CA,TX
2010,2024-12-18,AU,AZ
2011,2024-02-14,US,LS
2012,2024-12-14,US,BE
2013,2025-02-10,UK,IQ
2014,2025-07-16,DE,AK
2015,2023-12-16,US,KI
2016,2023-11-18,US,MP
2017,2024-05-23,US,UT
2018,2024-12-09,DE,VI
2019,2023-08-24,US,ME
2020,2025-10-04,DE,NV
2021,2025-03-11,US,MD
2022,2023-10-06,CA,MT
2023,2024-09-17,UK,CO
2024,2023-07-14,US,GH
2025,2025-08-02,US,MT
2026,2025-02-05,AU,WV
2027,2024-06-18,US,MN
2028,2025-04-28,US,NY
2029,2025-03-29,CA,BI
2030,2023-11-18,US,SD
2031,2024-02-22,US,WI
2032,2025-05-30,US,TN
2033,2023-01-30,AU,ID
2034,2025-06-23,US,ID
2035,2025-05-15,US,IA
2036,2023-02-04,UK,AR
2037,2025-08-07,US,MA
2038,2023-07-25,US,MN
2039,2025-05-01,US,NY
2040,2024-02-15,US,CM
2041,2024-12-05,US,IA
2042,2024-01-21,US,PA
2043,2024-04-06,US,VI
2044,2024-05-05,US,TG
2045,2023-12-28,AU,GA
2046,2025-05-16,US,KS
2047,2025-02-13,AU,UT
2048,2023-04-04,US,AT
2049,2024-02-04,US,DK
2050,2025-06-01,US,WI
2051,2025-09-24,US,PR
2052,2023-08-17,US,IN
2053,2024-12-01,US,KY
2054,2024-11-04,US,NY
2055,2023-01-21,CA,WI
2056,2025-09-27,AU,TX
2057,2023-01-10,US,PW
2058,2023-05-17,US,HI
2059,2024-09-13,US,AG
2060,2023-08-20,US,UZ
2061,2025-04-12,DE,ME
2062,2025-01-06,CA,VT
2063,2024-10-26,UK,NE
2064,2025-07-14,US,MG
2065,2024-04-19,US,GM
2066,2024-04-27,UK,TX
2067,2024-06-22,US,RI
2068,2024-02-15,US,CT
2069,2023-01-08,CA,TN
2070,2025-09-26,US,MP
2071,2024-01-22,AU,SD
2072,2024-09-05,US,LA
2073,2023-11-05,CA,CD
2074,2024-05-13,US,MA
2075,2025-10-18,US,DZ
2076,2023-12-03,US,IS
2077,2023-09-28,US,VT
2078,2025-09-11,US,SD
2079,2023-11-05,US,FL
2080,2024-06-18,AU,GY
2081,2025-07-19,US,AS
2082,2025-06-05,UK,AS
2083,2024-09-12,UK,TN
2084,2023-11-27,US,DC
2085,2025-01-15,US,SD
2086,2024-05-29,US,LA
2087,2023-09-26,US,MT
2088,2024-02-23,US,LK
2089,2023-02-06,UK,VT
2090,2025-10-25,US,GU
2091,2023-07-16,US,VA
2092,2025-01-07,US,LA
2093,2024-07-06,US,WY
2094,2024-05-06,US,TN
2095,2024-01-06,US,KG
2096,2025-05-24,US,MP
2097,2024-11-10,US,OH
2098,2023-07-07,US,CT
2099,2024-05-01,AU,SZ
2100,2023-09-25,US,AS
2101,2024-08-01,CA,PW
2102,2023-07-09,US,KZ
2103,2025-07-19,US,SD
2104,2023-04-03,US,MI
2105,2023-08-19,US,VI
2106,2023-11-14,US,WY
2107,2025-07-05,US,MN
2108,2023-09-27,US,LA
2109,2024-04-24,US,DE
2110,2024-05-01,US,VI
2111,2024-10-17,US,TT
2112,2025-09-03,US,CA
2113,2024-05-03,US,ID
2114,2024-06-01,US,VI
2115,2024-12-04,US,NC
2116,2023-11-05,US,AR
2117,2025-06-19,US,FL
2118,2023-05-23,US,ID
2119,2023-12-21,US,OK
2120,2025-07-12,UK,NH
2121,2023-05-29,CA,VI
2122,2025-01-10,US,WI
2123,2023-03-25,US,MA
2124,2024-10-14,US,HI
2125,2023-11-21,US,AR
2126,2023-01-05,AU,KY
2127,2023-08-05,US,WI
2128,2023-06-24,UK,DJ
2129,2024-05-21,US,WV
2130,2025-03-17,US,CO
2131,2024-09-27,US,SC
2132,2024-03-20,US,NP
2133,2025-09-25,US,MS
2134,2023-01-05,US,ND
2135,2023-07-26,US,MN
2136,2025-09-09,US,MH
2137,2023-11-30,US,MP
2138,2024-07-03,US,AK
2139,2024-11-30,US,SC
2140,2025-01-28,DE,IN
2141,2024-12-18,AU,MI
2142,2023-11-19,US,CA
2143,2024-02-01,US,OR
2144,2023-11-13,US,CA
2145,2025-05-01,US,KG
2146,2025-09-07,US,PH
2147,2025-01-22,US,PA
2148,2024-06-25,US,NE
2149,2025-07-07,US,DC
2150,2023-12-21,US,MH
2151,2024-05-21,US,WV
2152,2023-07-14,CA,PW
2153,2025-08-07,US,MO
2154,2023-01-20,US,IN
2155,2025-01-21,US,CO
2156,2023-08-07,US,AK
2157,2024-09-01,US,GA
2158,2023-05-08,US,VT
2159,2024-11-03,US,AZ
2160,2024-01-23,US,SC
2161,2023-09-22,US,ND
2162,2024-10-06,US,PA
2163,2025-10-25,US,TN
2164,2023-04-22,US,MP
2165,2023-01-21,US,FM
2166,2023-04-30,US,NV
2167,2024-01-29,US,SY
2168,2023-09-19,US,UT
2169,2023-06-08,US,UT
2170,2024-12-10,US,AL
2171,2023-11-08,US,TN
2172,2023-04-15,US,NC
2173,2023-10-07,US,PA
2174,2024-12-25,DE,MT
2175,2025-05-08,AU,CT
2176,2024-06-12,US,RI
2177,2023-05-02,US,DE
2178,2025-03-22,US,NM
2179,2023-07-25,US,ID
2180,2025-03-15,US,MP
2181,2024-06-24,US,ID
2182,2024-01-06,US,MT
2183,2023-11-02,US,AZ
2184,2024-07-20,US,PW
2185,2023-08-03,US,NJ
2186,2023-12-08,DE,AL
2187,2023-01-14,US,CO
2188,2025-07-26,DE,MP
2189,2024-08-16,US,SA
2190,2023-06-04,US,BW
2191,2025-03-17,US,CA
2192,2025-01-18,US,CT
2193,2025-07-24,US,BA
2194,2023-08-28,US,LA
2195,2023-10-01,US,AR
2196,2023-04-14,US,HI
2197,2025-06-22,CA,PR
2198,2023-10-28,US,GD
2199,2023-11-20,DE,WA
2200,2023-04-30,US,PS
2201,2025-07-09,US,AL
2202,2025-05-30,US,TN
2203,2024-10-31,US,MA
2204,2024-01-05,US,OM
2205,2025-09-14,US,KY
2206,2025-06-27,US,CO
2207,2024-01-21,US,MA
2208,2023-07-09,US,MO
2209,2024-02-18,US,PH
2210,2023-10-09,US,MS
2211,2024-12-14,AU,NJ
2212,2025-04-07,US,SD
2213,2025-07-05,DE,GA
2214,2023-04-27,US,UT
2215,2025-01-21,US,PR
2216,2023-06-14,US,NI
2217,2025-07-31,US,NJ
2218,2025-04-09,AU,TX
2219,2024-03-29,US,RI
2220,2024-01-28,AU,MI
2221,2024-09-24,US,LA
2222,2025-06-28,US,VA
2223,2025-10-03,UK,DC
2224,2024-05-14,US,NM
2225,2023-04-27,US,MT
2226,2024-03-31,US,CA
2227,2023-09-28,CA,MD
2228,2023-01-13,US,VI
2229,2024-12-01,US,WI
2230,2025-02-07,US,VA
2231,2024-08-07,US,SV
2232,2025-06-21,AU,NC
2233,2024-06-24,US,UT
2234,2024-10-01,US,NR
2235,2024-11-15,US,IA
2236,2024-05-13,CA,TN
2237,2024-11-30,AU,MS
2238,2023-06-03,US,GU
2239,2024-07-31,US,RI
2240,2023-02-26,AU,SD
2241,2025-08-24,AU,NY
2242,2025-05-27,CA,SA
2243,2025-06-17,US,CA
2244,2025-02-15,US,MD
2245,2023-09-07,UK,KY
2246,2023-02-22,DE,IN
2247,2024-07-23,US,MT
2248,2024-02-21,AU,IA
2249,2023-03-23,AU,NV
2250,2025-04-08,CA,NV
2251,2023-04-02,US,NM
2252,2024-04-07,DE,DE
2253,2025-10-11,US,WA
2254,2024-11-06,US,CA
2255,2024-02-22,US,AZ
2256,2024-07-30,US,AD
2257,2025-05-03,AU,WY
2258,2024-09-16,US,RI
2259,2024-10-21,AU,FM
2260,2024-06-09,US,GA
2261,2024-11-07,AU,NH
2262,2025-09-09,US,MM
2263,2025-05-03,US,GU
2264,2023-08-19,US,NH
2265,2023-12-10,US,WI
2266,2024-10-02,US,NJ
2267,2025-01-11,US,MM
2268,2025-01-10,US,DE
2269,2023-04-11,CA,TN
2270,2023-08-18,CA,MA
2271,2024-01-03,AU,SC
2272,2025-09-24,DE,LA
2273,2024-07-20,DE,MN
2274,2024-12-26,US,AZ
2275,2025-07-16,US,NM
2276,2023-05-26,US,VT
2277,2025-02-06,US,MT
2278,2023-04-21,US,VA
2279,2023-07-22,CA,CL
2280,2025-08-19,US,MO
2281,2023-08-11,US,GU
2282,2025-03-18,US,VT
2283,2023-12-16,DE,TW
2284,2024-03-04,US,SC
2285,2025-05-15,US,OR
2286,2023-05-08,US,MH
2287,2024-04-10,US,TN
2288,2024-09-01,US,NY
2289,2023-05-20,CA,NM
2290,2023-01-05,DE,WA
2291,2023-02-20,US,NE
2292,2025-05-17,US,RO
2293,2025-08-13,US,EE
2294,2024-12-16,US,HI
2295,2025-01-25,US,DC
2296,2023-04-18,CA,TN
2297,2024-09-12,US,FM
2298,2023-11-29,US,FM
2299,2024-02-02,US,UZ
2300,2025-08-05,US,WV
2301,2023-09-14,US,MO
2302,2025-09-23,US,KE
2303,2024-04-13,AU,DC
2304,2023-05-23,US,PA
2305,2024-12-24,US,WA
2306,2024-06-13,US,MP
2307,2024-12-26,US,VI
2308,2023-11-21,UK,WA
2309,2025-08-25,US,SC
2310,2023-08-13,US,IL
2311,2024-10-07,US,LA
2312,2024-12-10,CA,PW
2313,2024-11-26,US,VT
2314,2024-11-03,US,HI
2315,2024-06-05,CA,UT
2316,2024-10-20,US,VT
2317,2023-04-30,US,MI
2318,2024-08-04,US,OR
2319,2024-08-13,UK,TN
2320,2025-01-04,CA,TX
2321,2025-02-12,CA,MP
2322,2024-07-06,US,FM
2323,2025-05-26,US,AS
2324,2023-01-14,AU,CD
2325,2023-01-27,US,FL
2326,2023-02-24,US,AR
2327,2023-07-26,US,WV
2328,2025-03-23,CA,LA
2329,2024-12-07,AU,FL
2330,2025-05-17,UK,FM
2331,2025-03-22,CA,IL
2332,2025-02-18,US,AZ
2333,2024-01-06,CA,PG
2334,2023-04-16,US,VI
2335,2024-11-29,US,OH
2336,2025-06-13,CA,WA
2337,2024-10-31,US,MS
2338,2023-09-03,US,MC
2339,2023-10-25,US,TN
2340,2023-02-18,US,MS
2341,2024-02-05,US,WY
2342,2025-10-06,UK,MD
2343,2025-09-25,US,AR
2344,2023-01-14,US,KS
2345,2023-07-29,US,PA
2346,2025-05-08,US,ZW
2347,2024-12-29,UK,SD
2348,2024-01-16,US,OR
2349,2024-07-19,US,PA
2350,2023-07-23,AU,VA
2351,2025-09-24,US,LA
2352,2024-04-09,US,TX
2353,2023-03-19,US,HI
2354,2025-01-30,US,DE
2355,2024-01-26,US,NE
2356,2023-10-16,US,KS
2357,2023-05-15,US,OR
2358,2025-05-24,US,AL
2359,2023-12-08,US,VT
2360,2025-08-27,UK,AZ
2361,2023-06-08,US,LI
2362,2024-09-09,US,WI
2363,2025-08-22,US,RI
2364,2025-05-21,US,ME
2365,2024-05-22,US,OK
2366,2024-07-22,US,BN
2367,2025-03-21,US,LB
2368,2024-06-27,CA,HI
2369,2024-06-22,US,SD
2370,2023-06-14,US,ND
2371,2024-07-09,US,CO
2372,2023-12-28,CA,FM
2373,2023-08-09,US,MA
2374,2023-12-09,US,LA
2375,2023-08-14,UK,GB
2376,2024-10-01,US,NJ
2377,2025-10-27,US,GB
2378,2025-10-11,US,AL
2379,2023-04-29,US,LY
2380,2024-04-05,UK,MH
2381,2024-10-26,US,PW
2382,2024-10-04,US,AZ
2383,2024-12-06,US,MD
2384,2024-01-30,US,WY
2385,2025-09-04,US,MV
2386,2023-09-23,US,VA
2387,2023-10-20,US,PW
2388,2024-06-18,US,WI
2389,2024-01-23,US,AS
2390,2024-06-10,US,NM
2391,2023-02-15,UK,MH
2392,2024-11-04,US,MD
2393,2024-06-15,DE,CT
2394,2023-06-23,US,WI
2395,2024-07-10,US,AL
2396,2024-10-10,US,IL
2397,2024-11-24,US,WI
2398,2023-08-09,US,TX
2399,2024-03-14,US,CT
2400,2023-08-01,US,MP
2401,2024-12-27,US,WA
2402,2025-03-12,US,KH
2403,2025-04-24,US,CA
2404,2025-02-11,US,FL
2405,2023-01-25,UK,VT
2406,2023-12-09,US,CO
2407,2023-03-17,UK,HI
2408,2025-04-01,US,OH
2409,2023-03-14,US,GU
2410,2023-08-24,US,KS
2411,2024-02-26,US,NV
2412,2024-10-13,UK,NE
2413,2023-11-24,CA,MS
2414,2024-11-27,US,SN
2415,2023-01-07,US,VA
2416,2024-10-01,DE,WV
2417,2025-02-10,US,BD
2418,2024-12-25,US,CA
2419,2024-01-05,US,NY
2420,2023-04-20,US,WY
2421,2024-12-10,US,PA
2422,2023-03-31,US,WV
2423,2025-08-16,CA,MS
2424,2024-02-13,US,TN
2425,2023-02-01,US,GA
2426,2024-07-05,US,DC
2427,2025-02-11,US,ST
2428,2023-11-02,US,SC
2429,2023-05-29,US,TX
2430,2025-07-06,US,WY
2431,2025-06-15,US,KH
2432,2024-01-21,US,AL
2433,2024-07-26,US,OH
2434,2023-05-27,US,BB
2435,2023-01-06,US,PA
2436,2024-02-12,US,OH
2437,2025-09-06,DE,ME
2438,2023-08-06,US,WA
2439,2025-07-23,US,MI
2440,2023-08-07,US,MH
2441,2024-10-29,US,NY
2442,2023-05-28,US,HI
2443,2023-08-17,US,MP
2444,2023-09-19,CA,DE
2445,2023-07-07,US,AS
2446,2024-08-09,CA,AR
2447,2025-05-30,US,SY
2448,2024-04-21,US,OH
2449,2023-03-17,US,SV
2450,2023-03-11,US,CT
2451,2023-07-24,US,OR
2452,2024-05-18,US,MA
2453,2024-01-05,DE,TN
2454,2024-11-08,UK,BZ
2455,2023-10-22,UK,BJ
2456,2025-07-19,US,MD
2457,2024-05-17,DE,MA
2458,2024-09-29,US,ME
2459,2024-12-18,US,FL
2460,2024-08-07,UK,MN
2461,2025-04-15,US,NP
2462,2023-06-24,AU,MD
2463,2023-09-12,US,GN
2464,2025-01-06,US,SD
2465,2024-03-26,US,ML
2466,2023-05-19,US,VA
2467,2023-12-09,UK,NJ
2468,2024-04-23,US,MI
2469,2025-03-12,US,NM
2470,2024-07-24,AU,HI
2471,2024-10-29,US,CO
2472,2025-05-20,US,CU
2473,2025-07-10,AU,ID
2474,2023-09-30,US,FM
2475,2024-10-09,US,VA
2476,2023-03-19,US,AK
2477,2025-05-28,US,SC
2478,2023-02-02,US,TT
2479,2024-08-21,AU,WI
2480,2024-09-02,US,PW
2481,2023-02-07,US,IL
2482,2024-07-15,US,ND
2483,2024-05-03,US,WI
2484,2023-06-03,CA,MO
2485,2023-08-19,CA,TZ
2486,2025-01-28,US,LA
2487,2023-05-19,US,NY
2488,2024-06-11,US,MO
2489,2024-01-12,US,AL
2490,2024-11-16,US,PR
2491,2025-09-23,DE,VE
2492,2024-12-08,CA,WV
2493,2024-06-15,US,NV
2494,2023-06-14,US,OK
2495,2025-09-07,UK,KM
2496,2025-06-20,US,FL
2497,2025-01-30,US,RO
2498,2025-08-29,CA,BB
2499,2023-08-15,US,NM
2500,2023-08-28,US,KS
