credit_check_id,application_id,check_time,result,score
CC200000,APP100955,2025-11-08 02:29:18.777888,approved,482
CC200001,APP100575,2025-09-13 16:40:55.496190,approved,815
CC200002,APP100712,2025-09-23 10:10:48.110718,approved,630
CC200003,APP100278,2025-09-30 08:40:38.781886,approved,418
CC200004,APP100140,2025-12-05 19:27:51.079681,approved,660
CC200005,APP100111,2025-12-11 09:12:54.768780,approved,791
CC200006,APP100630,2026-01-02 07:40:30.875480,approved,727
CC200007,APP100758,2025-11-27 07:23:35.022269,approved,846
CC200008,APP100600,2025-12-13 14:20:50.947702,manual_review,592
CC200009,APP100245,2025-10-19 04:09:46.723196,manual_review,732
CC200010,APP100248,2025-12-04 16:09:33.585030,approved,313
CC200011,APP100051,2025-08-27 18:29:14.063277,approved,835
CC200012,APP100685,2025-09-06 11:02:49.750916,approved,409
CC200013,APP100926,2025-10-10 16:52:37.065994,approved,325
CC200014,APP100543,2025-09-29 06:32:29.505487,denied,690
CC200015,APP100231,2025-11-07 07:20:40.429174,denied,448
CC200016,APP100653,2025-12-04 06:12:19.860938,denied,354
CC200017,APP100238,2025-12-06 01:11:03.647332,manual_review,357
CC200018,APP100053,2025-08-27 13:49:08.573996,approved,504
CC200019,APP100102,2026-01-22 11:32:32.028252,approved,573
CC200020,APP100423,2025-07-29 23:21:48.374694,approved,464
CC200021,APP100338,2025-08-14 18:14:49.876793,approved,593
CC200022,APP100734,2025-08-24 17:46:13.341542,denied,556
CC200023,APP100483,2026-01-15 08:36:20.357695,approved,449
CC200024,APP100102,2025-10-17 02:37:36.303546,approved,363
CC200025,APP100697,2025-08-09 18:58:45.463177,denied,602
CC200026,APP100789,2025-09-07 19:20:14.640863,approved,508
CC200027,APP100140,2025-08-12 17:27:19.718095,approved,333
CC200028,APP100005,2025-08-04 22:43:39.265921,approved,667
CC200029,APP100987,2025-10-07 17:11:01.183349,denied,763
CC200030,APP100563,2026-01-26 03:19:22.124596,approved,404
CC200031,APP100951,2025-11-18 23:16:19.374978,approved,529
CC200032,APP100161,2025-11-01 20:45:37.723903,approved,698
CC200033,APP100416,2025-12-06 22:27:04.870177,approved,543
CC200034,APP100668,2025-11-15 22:26:19.830491,denied,823
CC200035,APP100957,2026-01-19 00:16:52.421686,approved,594
CC200036,APP100901,2025-12-26 22:07:48.328446,denied,348
CC200037,APP100899,2025-11-23 19:31:35.201874,approved,690
CC200038,APP100487,2025-10-17 18:30:02.038889,approved,696
CC200039,APP100488,2025-09-04 02:44:21.063233,approved,726
CC200040,APP100666,2025-11-26 20:48:02.618904,approved,620
CC200041,APP100204,2025-12-23 22:03:58.171153,approved,355
CC200042,APP100774,2025-09-19 15:00:17.120540,manual_review,313
CC200043,APP100987,2025-08-04 04:25:08.024757,approved,557
CC200044,APP100294,2025-11-16 07:27:28.279200,denied,507
CC200045,APP100328,2025-10-31 21:49:58.788974,denied,753
CC200046,APP100292,2025-09-09 15:03:32.457472,approved,530
CC200047,APP100661,2025-08-29 04:26:11.220888,approved,676
CC200048,APP100060,2025-08-04 15:14:45.470276,approved,501
CC200049,APP100929,2025-09-11 00:33:26.126168,denied,498
CC200050,APP100787,2025-07-29 01:16:06.933036,denied,601
CC200051,APP100091,2025-08-26 23:16:33.830095,approved,759
CC200052,APP100667,2026-01-28 09:56:40.225707,denied,481
CC200053,APP100587,2025-12-19 11:02:07.560816,approved,376
CC200054,APP100237,2025-10-01 23:24:42.340977,approved,491
CC200055,APP100547,2025-10-09 16:57:07.217633,denied,477
CC200056,APP100756,2025-11-13 20:07:48.034438,approved,826
CC200057,APP100740,2025-11-01 06:21:06.363247,denied,422
CC200058,APP100870,2025-12-11 14:15:47.467031,approved,686
CC200059,APP100959,2025-08-10 15:00:48.352587,denied,341
CC200060,APP100038,2025-08-14 14:10:20.737705,approved,738
CC200061,APP100935,2025-09-19 08:19:28.428790,denied,585
CC200062,APP100943,2025-12-28 16:14:28.923418,denied,570
CC200063,APP100179,2026-01-13 08:40:46.664238,denied,433
CC200064,APP100427,2025-10-01 01:11:19.018551,denied,464
CC200065,APP100903,2026-01-22 05:52:41.984145,approved,561
CC200066,APP100857,2025-09-17 21:03:31.175447,denied,305
CC200067,APP100180,2025-11-17 13:42:02.914898,denied,638
CC200068,APP100956,2025-09-02 19:01:23.709603,denied,777
CC200069,APP100941,2026-01-16 01:36:58.755695,denied,458
CC200070,APP100037,2025-11-11 18:47:17.099626,approved,340
CC200071,APP100856,2025-09-15 01:03:02.682170,approved,457
CC200072,APP100406,2025-10-11 21:54:23.432002,approved,630
CC200073,APP100806,2025-08-17 14:08:57.290747,approved,352
CC200074,APP100507,2025-08-11 07:39:23.205045,manual_review,608
CC200075,APP100190,2025-09-21 03:24:57.804664,approved,802
CC200076,APP100959,2026-01-19 06:01:13.059208,approved,666
CC200077,APP100766,2025-12-23 17:47:34.595518,manual_review,374
CC200078,APP100985,2026-01-21 00:49:42.555967,approved,625
CC200079,APP100893,2026-01-06 04:54:54.763954,manual_review,838
CC200080,APP100948,2025-12-25 14:51:31.305102,denied,525
CC200081,APP100296,2025-11-11 18:43:52.927196,approved,488
CC200082,APP100897,2025-12-03 17:33:04.536926,denied,833
CC200083,APP100038,2026-01-22 18:06:03.211473,approved,369
CC200084,APP100009,2025-11-09 14:57:09.195849,approved,817
CC200085,APP100305,2025-12-17 16:10:30.443205,approved,463
CC200086,APP100581,2025-12-15 09:00:07.296358,denied,725
CC200087,APP100617,2026-01-21 20:49:48.759355,denied,849
CC200088,APP100109,2025-10-21 10:16:28.790182,approved,713
CC200089,APP100950,2025-10-21 18:32:29.290226,approved,394
CC200090,APP100343,2025-11-13 23:25:33.239043,approved,657
CC200091,APP100291,2025-08-03 00:46:50.449086,approved,526
CC200092,APP100465,2025-08-19 09:26:26.948987,denied,518
CC200093,APP100656,2025-08-10 10:19:10.614288,approved,639
CC200094,APP100556,2025-11-22 14:15:01.792861,approved,639
CC200095,APP100536,2026-01-27 22:22:42.655231,denied,669
CC200096,APP100505,2025-11-30 13:14:51.728292,denied,600
CC200097,APP100910,2025-09-09 07:22:17.371235,approved,523
CC200098,APP100961,2025-09-25 02:16:00.281394,approved,843
CC200099,APP100137,2026-01-20 19:14:53.355612,denied,786
CC200100,APP100871,2025-11-01 00:52:57.443436,denied,309
CC200101,APP100516,2025-07-30 18:56:15.412599,approved,417
CC200102,APP100479,2025-12-29 02:53:37.789371,denied,654
CC200103,APP100279,2025-09-12 16:18:20.170594,denied,756
CC200104,APP100197,2025-08-15 02:43:46.716945,denied,546
CC200105,APP100828,2025-11-29 23:03:00.001831,approved,549
CC200106,APP100115,2025-12-27 01:51:56.983676,approved,340
CC200107,APP100338,2025-08-11 23:44:35.777316,approved,628
CC200108,APP100166,2026-01-16 09:02:44.862411,denied,690
CC200109,APP100748,2025-10-24 16:28:07.986930,denied,416
CC200110,APP100469,2025-10-02 01:13:24.535814,approved,695
CC200111,APP100663,2026-01-09 13:18:02.061629,manual_review,562
CC200112,APP100263,2025-09-16 12:14:19.159376,denied,589
CC200113,APP100735,2026-01-19 06:28:24.850647,denied,325
CC200114,APP100190,2025-12-01 16:36:06.747988,denied,829
CC200115,APP100014,2026-01-12 10:14:22.772006,denied,683
CC200116,APP100754,2025-10-28 19:34:51.913366,approved,826
CC200117,APP100345,2025-09-03 17:43:38.771906,manual_review,820
CC200118,APP100809,2025-12-11 07:39:17.107605,denied,756
CC200119,APP100302,2026-01-05 14:01:51.142696,approved,798
CC200120,APP100581,2025-09-05 01:08:03.985202,approved,344
CC200121,APP100690,2025-09-04 07:25:01.644992,approved,603
CC200122,APP100775,2025-09-12 22:39:18.130715,approved,497
CC200123,APP100197,2025-11-19 19:43:26.064433,approved,628
CC200124,APP100179,2025-08-26 16:52:35.149407,denied,826
CC200125,APP100625,2025-08-17 15:08:23.658380,denied,384
CC200126,APP100876,2026-01-14 07:33:02.808064,denied,398
CC200127,APP100654,2025-11-30 08:23:10.836437,denied,471
CC200128,APP100918,2025-11-28 01:40:50.627507,approved,850
CC200129,APP100415,2025-11-18 22:39:35.722144,denied,846
CC200130,APP100846,2025-12-16 14:54:08.794795,denied,307
CC200131,APP100437,2025-11-05 15:08:56.340697,approved,367
CC200132,APP100527,2025-08-05 18:38:02.283519,manual_review,515
CC200133,APP100335,2025-10-25 17:48:06.590102,approved,518
CC200134,APP100088,2025-11-20 04:52:03.247885,approved,734
CC200135,APP100410,2025-10-27 14:10:30.388591,manual_review,406
CC200136,APP100685,2026-01-26 07:21:20.269068,approved,510
CC200137,APP100097,2026-01-10 01:09:03.594318,manual_review,850
CC200138,APP100189,2026-01-04 20:28:59.441225,manual_review,745
CC200139,APP100143,2025-10-27 07:23:47.157700,denied,373
CC200140,APP100488,2026-01-26 03:05:12.907335,approved,457
CC200141,APP100331,2026-01-13 13:05:10.175402,denied,324
CC200142,APP100958,2025-09-18 13:39:26.668717,denied,770
CC200143,APP100254,2025-09-07 20:45:42.228290,approved,639
CC200144,APP100006,2025-11-12 02:33:12.466477,approved,338
CC200145,APP100267,2025-08-07 23:07:05.967880,approved,389
CC200146,APP100392,2025-12-23 01:34:33.444899,denied,375
CC200147,APP100241,2025-10-25 00:15:41.249948,denied,355
CC200148,APP100457,2025-11-05 12:01:52.491841,approved,482
CC200149,APP100771,2025-10-29 10:55:49.932225,denied,557
CC200150,APP100273,2025-10-09 10:39:14.152738,denied,372
CC200151,APP100976,2025-12-02 06:52:17.267081,denied,533
CC200152,APP100337,2025-08-30 03:55:06.236824,approved,564
CC200153,APP100309,2026-01-24 16:15:20.787000,approved,717
CC200154,APP100596,2025-12-04 11:26:52.845765,approved,697
CC200155,APP100740,2025-10-21 15:40:18.212322,approved,761
CC200156,APP100586,2025-12-02 19:33:13.624731,approved,714
CC200157,APP100011,2025-07-31 04:11:49.291957,approved,743
CC200158,APP100267,2025-09-05 18:40:57.126927,approved,623
CC200159,APP100669,2025-11-12 21:43:56.262048,approved,317
CC200160,APP100368,2025-09-26 21:07:34.531775,approved,698
CC200161,APP100709,2025-11-18 18:01:41.064721,approved,421
CC200162,APP100241,2025-09-14 18:50:18.946690,approved,847
CC200163,APP100063,2025-11-06 22:27:21.513868,denied,306
CC200164,APP100683,2025-09-10 15:12:23.390904,denied,364
CC200165,APP100121,2025-10-23 17:27:40.070466,approved,346
CC200166,APP100476,2025-11-18 19:22:44.884198,approved,374
CC200167,APP100314,2025-10-04 07:55:15.784876,approved,666
CC200168,APP100163,2025-10-28 18:34:06.216062,denied,814
CC200169,APP100415,2025-09-05 17:42:41.187602,approved,408
CC200170,APP100702,2025-12-04 22:20:49.056075,approved,596
CC200171,APP100514,2025-10-05 12:07:09.540007,approved,608
CC200172,APP100945,2026-01-02 04:42:14.404520,approved,388
CC200173,APP100916,2025-09-18 10:50:38.446026,denied,588
CC200174,APP100909,2025-08-31 02:23:27.002610,denied,748
CC200175,APP100720,2025-08-22 03:06:38.013330,denied,690
CC200176,APP100788,2025-11-11 23:08:32.251857,denied,704
CC200177,APP100318,2025-09-09 01:21:02.756846,approved,331
CC200178,APP100706,2025-08-16 09:01:29.193082,approved,785
CC200179,APP100120,2025-09-16 16:05:42.921894,denied,460
CC200180,APP100654,2025-09-10 09:18:56.316465,approved,846
CC200181,APP100938,2025-10-16 12:40:40.827516,approved,525
CC200182,APP100963,2025-10-07 01:58:51.657363,approved,439
CC200183,APP100302,2025-08-24 20:02:45.366902,denied,700
CC200184,APP100376,2026-01-21 11:35:49.984862,manual_review,602
CC200185,APP100629,2025-08-25 12:24:15.195184,denied,447
CC200186,APP100226,2025-12-24 05:49:53.344698,approved,605
CC200187,APP100224,2025-08-30 11:53:51.841424,approved,682
CC200188,APP100980,2025-10-28 22:13:26.400396,denied,311
CC200189,APP100136,2026-01-28 04:24:02.799515,approved,444
CC200190,APP100489,2026-01-01 06:54:21.119010,approved,426
CC200191,APP100156,2025-11-01 03:06:10.084496,denied,342
CC200192,APP100465,2025-12-08 13:59:39.894651,approved,305
CC200193,APP100765,2025-12-20 12:01:48.894385,approved,703
CC200194,APP100620,2025-09-22 04:57:03.414203,denied,850
CC200195,APP100382,2025-11-09 10:24:12.255655,approved,387
CC200196,APP100425,2025-11-10 11:33:26.052518,denied,612
CC200197,APP100718,2025-10-10 07:20:34.075063,approved,515
CC200198,APP100562,2025-12-03 01:26:19.194152,denied,652
CC200199,APP100934,2025-08-09 01:07:14.318505,denied,516
CC200200,APP100482,2025-12-25 17:49:14.137023,approved,722
CC200201,APP100775,2025-10-24 16:23:53.152580,manual_review,824
CC200202,APP100550,2025-11-21 21:28:17.507249,approved,445
CC200203,APP100821,2025-10-19 18:33:31.971549,denied,464
CC200204,APP100680,2025-09-28 13:50:35.786689,denied,488
CC200205,APP100845,2025-10-03 10:00:29.825926,approved,526
CC200206,APP100223,2025-11-09 02:30:20.713463,denied,558
CC200207,APP100780,2026-01-16 11:01:32.327885,approved,498
CC200208,APP100253,2025-09-14 10:04:07.209112,approved,417
CC200209,APP100696,2025-08-01 15:35:34.199658,denied,485
CC200210,APP100772,2025-08-20 07:23:05.108572,denied,355
CC200211,APP100610,2026-01-04 14:17:58.800587,denied,772
CC200212,APP100894,2026-01-22 05:07:21.838849,approved,374
CC200213,APP100806,2025-09-03 14:35:56.459661,approved,597
CC200214,APP100083,2025-11-11 23:08:59.727128,approved,368
CC200215,APP100538,2025-11-25 10:33:44.220919,denied,556
CC200216,APP100457,2025-08-30 02:45:48.594893,approved,400
CC200217,APP100540,2025-12-19 13:50:41.917943,denied,502
CC200218,APP100720,2025-10-02 08:09:41.448723,approved,798
CC200219,APP100370,2025-11-29 20:49:10.495527,approved,638
CC200220,APP100079,2025-10-26 16:46:20.549453,approved,665
CC200221,APP100939,2025-12-11 12:29:58.356923,approved,431
CC200222,APP100577,2026-01-08 16:37:00.823420,denied,540
CC200223,APP100114,2025-10-07 02:48:34.304368,approved,402
CC200224,APP100063,2025-09-19 17:17:17.210653,approved,591
CC200225,APP100848,2025-11-22 05:38:27.719430,approved,371
CC200226,APP100560,2025-08-24 15:39:00.942609,approved,498
CC200227,APP100924,2025-08-28 20:00:48.832855,manual_review,625
CC200228,APP100517,2025-12-24 14:52:44.067772,approved,797
CC200229,APP100207,2025-09-29 01:54:24.397039,approved,761
CC200230,APP100586,2025-11-22 03:42:12.136201,approved,636
CC200231,APP100549,2025-11-11 04:21:05.494416,approved,613
CC200232,APP100153,2026-01-01 04:44:44.911974,manual_review,456
CC200233,APP100168,2025-08-11 03:03:19.617220,manual_review,673
CC200234,APP100335,2025-08-27 19:23:23.075484,approved,623
CC200235,APP100874,2025-09-08 23:48:37.513213,approved,738
CC200236,APP100532,2025-09-25 07:20:03.535179,denied,472
CC200237,APP100452,2025-09-20 14:37:46.754184,denied,304
CC200238,APP100119,2025-09-16 05:09:29.081105,approved,620
CC200239,APP100696,2025-11-24 14:44:57.114864,approved,552
CC200240,APP100210,2025-09-16 21:49:53.816043,denied,526
CC200241,APP100734,2025-10-18 20:40:16.607472,approved,746
CC200242,APP100597,2026-01-03 18:09:12.354427,approved,583
CC200243,APP100500,2025-10-03 19:44:09.364365,approved,668
CC200244,APP100093,2025-11-13 23:50:15.791607,approved,437
CC200245,APP100920,2026-01-22 15:45:46.659399,manual_review,639
CC200246,APP100522,2025-10-13 04:10:32.494145,manual_review,791
CC200247,APP100456,2025-08-31 20:02:29.238866,approved,773
CC200248,APP100828,2025-08-02 06:00:51.925211,approved,756
CC200249,APP100056,2025-12-09 21:50:34.767476,approved,667
CC200250,APP100464,2025-11-27 19:29:29.656043,denied,612
CC200251,APP100135,2026-01-18 00:58:16.614064,denied,798
CC200252,APP100525,2025-12-04 22:16:39.489324,denied,411
CC200253,APP100425,2025-08-12 17:33:57.176850,approved,479
CC200254,APP100467,2025-08-28 17:04:35.809014,approved,383
CC200255,APP100577,2025-08-16 22:53:20.871151,manual_review,587
CC200256,APP100059,2025-08-09 17:42:26.051740,approved,443
CC200257,APP100572,2026-01-06 16:17:57.667207,approved,501
CC200258,APP100473,2025-11-06 21:53:00.285726,manual_review,569
CC200259,APP100688,2025-08-02 20:25:38.846731,approved,378
CC200260,APP100826,2025-10-10 01:12:26.250037,denied,377
CC200261,APP100315,2025-12-16 18:13:26.325631,approved,319
CC200262,APP100740,2025-08-13 07:38:14.299229,denied,819
CC200263,APP100022,2025-09-15 06:59:21.116379,denied,331
CC200264,APP100405,2025-08-26 13:41:29.697334,approved,714
CC200265,APP100260,2025-11-26 11:44:27.942718,approved,517
CC200266,APP100836,2026-01-07 22:14:28.810672,approved,337
CC200267,APP100003,2025-09-23 22:10:50.901876,approved,566
CC200268,APP100763,2025-09-12 12:30:10.905465,approved,783
CC200269,APP100223,2025-09-19 06:55:04.932251,approved,452
CC200270,APP100592,2025-11-21 06:32:19.331913,approved,674
CC200271,APP100074,2025-08-22 03:43:10.993902,denied,701
CC200272,APP100046,2025-12-30 06:53:40.241727,approved,528
CC200273,APP100433,2025-08-03 06:10:14.987913,approved,597
CC200274,APP100352,2025-11-28 02:13:58.733406,denied,437
CC200275,APP100717,2026-01-03 07:23:19.311711,denied,775
CC200276,APP100065,2025-09-26 20:05:20.451678,denied,813
CC200277,APP100554,2025-10-24 14:41:57.605043,approved,822
CC200278,APP100061,2026-01-24 09:31:06.616788,denied,392
CC200279,APP100957,2025-11-05 11:13:10.764150,approved,706
CC200280,APP100915,2025-09-17 02:58:55.604409,approved,672
CC200281,APP100070,2025-10-18 20:26:06.796857,approved,814
CC200282,APP100956,2026-01-23 09:29:55.104982,approved,310
CC200283,APP100483,2025-12-04 08:42:09.447917,manual_review,544
CC200284,APP100032,2025-08-30 13:47:37.687742,denied,469
CC200285,APP100293,2025-11-15 22:55:54.559424,approved,826
CC200286,APP100418,2025-11-22 02:42:21.095938,approved,443
CC200287,APP100184,2025-11-22 23:55:07.026443,approved,756
CC200288,APP100787,2025-11-09 18:33:19.776100,denied,463
CC200289,APP100138,2025-11-02 07:35:54.585706,approved,483
CC200290,APP100784,2025-11-23 16:09:24.286705,approved,449
CC200291,APP100656,2025-09-23 23:27:51.929825,denied,795
CC200292,APP100746,2025-09-30 21:05:42.768689,denied,667
CC200293,APP100661,2025-11-05 07:10:27.938470,denied,341
CC200294,APP100986,2025-12-24 01:35:22.184680,approved,524
CC200295,APP100430,2025-10-18 07:15:18.393934,denied,799
CC200296,APP100383,2025-10-04 07:17:56.939007,approved,537
CC200297,APP100912,2025-09-14 19:18:28.461704,denied,364
CC200298,APP100391,2025-09-22 20:34:40.782615,approved,570
CC200299,APP100459,2025-07-29 00:24:28.086048,approved,678
CC200300,APP100890,2025-12-26 00:43:01.736164,approved,539
CC200301,APP100939,2026-01-01 00:31:54.093712,manual_review,343
CC200302,APP100928,2025-09-30 06:35:44.860473,approved,511
CC200303,APP100386,2025-10-23 07:58:41.413287,manual_review,830
CC200304,APP100384,2025-07-30 12:43:42.097417,approved,669
CC200305,APP100082,2026-01-14 15:56:32.480181,denied,697
CC200306,APP100699,2026-01-19 05:45:51.740675,denied,780
CC200307,APP100987,2025-10-24 18:43:41.459209,denied,765
CC200308,APP100677,2025-07-30 16:19:46.415025,approved,347
CC200309,APP100895,2025-10-16 04:48:08.436229,approved,340
CC200310,APP100552,2025-09-20 21:32:46.532467,manual_review,631
CC200311,APP100136,2025-09-09 13:02:49.840010,approved,405
CC200312,APP100669,2025-07-30 07:52:28.638428,denied,833
CC200313,APP100880,2025-10-05 18:00:40.891476,approved,580
CC200314,APP100356,2025-10-12 18:13:32.152066,approved,569
CC200315,APP100121,2025-11-09 03:24:28.971909,denied,478
CC200316,APP100182,2025-10-09 15:13:30.660970,approved,685
CC200317,APP100550,2025-08-28 00:59:53.128963,approved,687
CC200318,APP100402,2025-12-11 15:06:44.797394,approved,674
CC200319,APP100541,2025-10-08 17:01:04.654818,approved,379
CC200320,APP100130,2025-10-06 14:49:45.099027,approved,829
CC200321,APP100745,2025-09-15 09:19:15.226934,denied,557
CC200322,APP100228,2025-10-14 16:36:32.811265,denied,685
CC200323,APP100854,2025-09-11 01:54:17.909167,denied,528
CC200324,APP100003,2025-12-16 16:12:03.983912,approved,828
CC200325,APP100774,2026-01-12 10:21:31.124116,approved,715
CC200326,APP100023,2025-12-24 14:15:03.372941,approved,661
CC200327,APP100305,2025-12-01 23:22:17.480322,approved,653
CC200328,APP100474,2025-09-19 09:07:58.764857,approved,798
CC200329,APP100689,2025-12-12 16:45:54.560344,denied,793
CC200330,APP100736,2025-12-24 19:41:56.379917,denied,306
CC200331,APP100557,2025-10-12 23:23:00.667257,approved,813
CC200332,APP100434,2026-01-02 00:58:35.815070,approved,442
CC200333,APP100544,2025-08-31 13:30:36.368912,manual_review,750
CC200334,APP100388,2025-09-20 06:51:10.230013,manual_review,469
CC200335,APP100843,2025-11-23 04:31:05.539316,denied,535
CC200336,APP100235,2025-11-19 15:53:35.130457,denied,378
CC200337,APP100253,2025-09-17 01:44:39.552268,approved,826
CC200338,APP100471,2025-11-20 14:04:50.497309,denied,587
CC200339,APP100354,2025-09-01 13:16:41.441788,approved,516
CC200340,APP100158,2025-08-01 13:39:00.267274,manual_review,453
CC200341,APP100282,2025-08-07 03:10:30.831374,approved,491
CC200342,APP100193,2025-11-04 10:25:51.043843,approved,461
CC200343,APP100959,2025-09-01 05:06:01.560215,denied,670
CC200344,APP100896,2025-08-16 19:38:23.013266,denied,421
CC200345,APP100742,2025-09-16 12:45:56.544618,approved,535
CC200346,APP100783,2025-12-07 14:18:19.010898,approved,724
CC200347,APP100115,2025-12-09 18:54:17.363147,denied,638
CC200348,APP100032,2025-09-09 20:05:28.172305,approved,416
CC200349,APP100828,2025-08-25 17:25:09.088925,denied,793
CC200350,APP100676,2025-10-27 19:38:50.304885,approved,790
CC200351,APP100429,2025-09-29 21:53:13.785662,approved,790
CC200352,APP100629,2025-09-24 07:55:21.510684,manual_review,515
CC200353,APP100784,2025-12-23 02:25:32.686139,approved,465
CC200354,APP100958,2026-01-28 15:00:23.681762,manual_review,720
CC200355,APP100904,2025-10-22 07:37:50.185813,manual_review,322
CC200356,APP100910,2025-12-21 14:55:53.537504,approved,549
CC200357,APP100016,2025-09-27 18:22:40.891117,approved,344
CC200358,APP100246,2025-12-31 05:06:01.647244,approved,430
CC200359,APP100211,2026-01-20 02:27:36.317848,approved,464
CC200360,APP100068,2025-08-08 07:27:55.183964,denied,437
CC200361,APP100103,2025-12-18 17:16:59.713343,approved,824
CC200362,APP100608,2025-08-11 03:14:05.323243,denied,340
CC200363,APP100034,2025-10-23 12:10:05.395656,approved,450
CC200364,APP100457,2025-09-02 08:43:16.196028,denied,357
CC200365,APP100612,2025-12-30 20:14:14.983959,approved,470
CC200366,APP100688,2025-12-26 08:58:45.109856,approved,564
CC200367,APP100720,2025-12-28 09:33:39.748656,denied,484
CC200368,APP100893,2025-08-20 10:34:56.035619,approved,829
CC200369,APP100049,2025-12-17 08:07:52.616924,approved,715
CC200370,APP100250,2025-09-12 19:25:04.022400,approved,319
CC200371,APP100758,2025-12-17 21:43:51.854335,denied,590
CC200372,APP100045,2025-10-18 12:06:55.873811,approved,387
CC200373,APP100411,2025-12-11 17:19:32.013971,approved,521
CC200374,APP100449,2025-08-04 03:58:53.211268,denied,759
CC200375,APP100239,2025-10-21 19:02:44.698340,manual_review,782
CC200376,APP100552,2025-12-17 20:43:05.497541,approved,793
CC200377,APP100222,2025-11-01 21:21:01.275023,denied,474
CC200378,APP100772,2026-01-25 17:01:24.959306,approved,524
CC200379,APP100884,2025-10-23 23:59:51.384057,approved,720
CC200380,APP100794,2025-12-01 09:14:57.427352,approved,446
CC200381,APP100057,2025-09-24 10:16:29.850309,manual_review,486
CC200382,APP100143,2025-09-26 10:38:49.345226,approved,823
CC200383,APP100515,2025-11-21 18:23:21.646468,denied,570
CC200384,APP100296,2025-08-05 18:17:34.811759,approved,471
CC200385,APP100239,2026-01-17 11:39:02.875536,approved,650
CC200386,APP100835,2025-11-01 20:24:37.198381,approved,764
CC200387,APP100938,2025-09-13 14:37:44.620751,approved,370
CC200388,APP100749,2025-11-23 11:42:15.743439,approved,535
CC200389,APP100589,2025-09-03 13:33:48.808942,approved,687
CC200390,APP100326,2026-01-08 07:17:11.212110,denied,694
CC200391,APP100591,2026-01-03 21:54:44.107021,approved,435
CC200392,APP100612,2025-09-07 01:45:10.468179,approved,411
CC200393,APP100791,2025-08-18 18:41:31.474826,denied,316
CC200394,APP100688,2025-11-22 10:55:33.576320,approved,507
CC200395,APP100838,2025-09-26 17:03:05.620948,denied,835
CC200396,APP100328,2025-08-28 19:03:48.002036,approved,816
CC200397,APP100242,2025-09-17 19:15:28.056926,denied,729
CC200398,APP100309,2025-08-20 00:22:21.353950,denied,453
CC200399,APP100897,2025-12-21 04:51:32.160026,approved,398
CC200400,APP100146,2025-07-30 15:26:03.276986,denied,481
CC200401,APP100676,2025-08-05 17:26:33.783350,approved,787
CC200402,APP100533,2025-12-20 03:49:35.979415,denied,339
CC200403,APP100226,2025-10-24 10:47:43.142681,manual_review,844
CC200404,APP100423,2025-11-15 16:52:24.405031,approved,815
CC200405,APP100307,2025-10-05 08:05:47.389729,approved,420
CC200406,APP100281,2025-08-14 11:08:35.701953,approved,395
CC200407,APP100062,2025-08-27 00:23:46.977243,denied,793
CC200408,APP100570,2025-08-14 19:37:45.317911,approved,433
CC200409,APP100971,2025-11-19 19:56:08.501503,manual_review,301
CC200410,APP100605,2026-01-16 06:37:41.636763,denied,741
CC200411,APP100900,2026-01-28 10:37:59.601991,approved,834
CC200412,APP100752,2025-11-21 00:35:03.732737,approved,730
CC200413,APP100933,2025-08-08 23:58:01.132274,approved,679
CC200414,APP100179,2025-11-24 14:26:33.876950,approved,344
CC200415,APP100641,2025-12-05 01:03:54.238830,denied,842
CC200416,APP100695,2025-12-21 15:06:53.766420,approved,739
CC200417,APP100437,2025-08-21 03:39:14.590979,approved,534
CC200418,APP100569,2025-09-09 19:29:28.211497,denied,793
CC200419,APP100507,2026-01-25 15:04:47.782619,approved,690
CC200420,APP100048,2025-12-21 02:17:20.481629,approved,658
CC200421,APP100995,2025-12-15 05:34:34.544846,approved,400
CC200422,APP100352,2025-12-24 05:12:00.226823,denied,735
CC200423,APP100964,2025-10-17 17:22:57.554380,manual_review,437
CC200424,APP100658,2025-09-02 12:08:05.138180,approved,560
CC200425,APP100687,2025-12-02 19:43:40.486564,approved,788
CC200426,APP100390,2025-10-02 21:40:03.604288,manual_review,538
CC200427,APP100804,2025-08-22 18:58:38.205582,approved,385
CC200428,APP100537,2026-01-10 08:29:45.612587,manual_review,590
CC200429,APP100326,2025-10-26 07:05:39.192164,approved,718
CC200430,APP100713,2025-10-17 12:00:00.066215,denied,563
CC200431,APP100426,2025-09-21 05:27:34.768379,denied,493
CC200432,APP100418,2025-12-04 06:07:07.731771,approved,305
CC200433,APP100152,2025-09-01 22:03:00.333885,denied,307
CC200434,APP100307,2025-09-01 08:08:37.086141,denied,835
CC200435,APP100385,2025-09-30 23:17:14.001161,approved,420
CC200436,APP100188,2025-12-10 18:17:20.555167,manual_review,832
CC200437,APP100772,2025-09-17 15:49:58.180736,approved,307
CC200438,APP100550,2025-12-28 23:14:23.295895,manual_review,684
CC200439,APP100484,2026-01-13 06:19:01.893846,approved,510
CC200440,APP100246,2025-11-08 00:45:42.082896,denied,623
CC200441,APP100869,2025-08-10 16:09:32.371642,approved,718
CC200442,APP100230,2025-08-26 12:35:33.040250,approved,670
CC200443,APP100307,2025-09-21 09:41:25.698864,approved,409
CC200444,APP100878,2025-09-15 10:57:01.337192,approved,458
CC200445,APP100724,2025-10-04 13:10:10.970875,manual_review,736
CC200446,APP100147,2025-07-29 03:10:43.549127,approved,559
CC200447,APP100825,2025-11-23 09:31:23.130302,approved,567
CC200448,APP100474,2025-10-06 17:51:23.053131,approved,848
CC200449,APP100936,2025-09-01 03:19:09.930248,denied,733
CC200450,APP100059,2025-08-01 10:40:00.792094,denied,674
CC200451,APP100575,2026-01-02 15:45:29.294222,denied,582
CC200452,APP100422,2025-12-18 18:53:20.988225,approved,706
CC200453,APP100991,2025-09-10 22:28:53.187895,denied,508
CC200454,APP100426,2025-12-08 15:57:06.238124,approved,723
CC200455,APP100570,2025-11-27 03:00:21.841738,approved,794
CC200456,APP100542,2025-11-05 04:01:55.197683,approved,483
CC200457,APP100137,2025-10-08 07:09:34.380857,approved,679
CC200458,APP100397,2025-11-02 10:17:31.556641,denied,795
CC200459,APP100248,2025-10-28 13:10:37.519173,denied,559
CC200460,APP100261,2025-11-07 11:16:54.612525,approved,614
CC200461,APP100208,2025-11-18 19:10:52.659192,manual_review,652
CC200462,APP100338,2025-09-26 08:36:06.394518,approved,707
CC200463,APP100662,2025-11-23 22:13:54.314151,approved,441
CC200464,APP100080,2025-08-18 07:48:34.617305,approved,421
CC200465,APP100944,2025-11-02 06:27:12.891878,denied,535
CC200466,APP100460,2025-08-10 06:27:29.473607,approved,757
CC200467,APP100867,2025-12-29 16:12:49.926524,denied,465
CC200468,APP100379,2025-08-21 21:04:59.376285,approved,402
CC200469,APP100094,2026-01-05 17:20:38.780865,approved,519
CC200470,APP100548,2025-09-04 04:22:51.566483,approved,820
CC200471,APP100741,2025-10-26 07:23:42.678374,approved,710
CC200472,APP100849,2025-08-16 04:05:45.019104,approved,646
CC200473,APP100195,2025-11-11 01:35:23.254304,approved,353
CC200474,APP100052,2025-12-29 21:05:55.354179,approved,464
CC200475,APP100274,2025-11-27 01:22:48.995711,denied,698
CC200476,APP100386,2025-11-02 18:01:37.694299,approved,305
CC200477,APP100689,2025-12-05 01:00:09.789386,denied,393
CC200478,APP100619,2025-09-14 02:13:28.379838,approved,448
CC200479,APP100617,2025-10-04 09:49:09.669851,approved,782
CC200480,APP100040,2025-11-17 11:53:28.336598,approved,745
CC200481,APP100894,2025-08-11 00:58:45.881601,approved,390
CC200482,APP100074,2026-01-16 03:48:42.978776,approved,365
CC200483,APP100192,2025-09-05 09:47:14.715122,approved,569
CC200484,APP100823,2025-10-27 10:02:48.099506,approved,527
CC200485,APP100779,2026-01-08 17:12:45.028519,approved,679
CC200486,APP100601,2025-08-12 17:05:21.275075,denied,381
CC200487,APP100741,2025-12-23 09:18:14.741395,denied,338
CC200488,APP100687,2025-08-09 04:03:07.313296,denied,693
CC200489,APP100572,2025-11-08 16:12:56.994839,manual_review,710
CC200490,APP100222,2026-01-17 15:17:05.552169,approved,833
CC200491,APP100490,2025-10-13 12:50:57.635399,manual_review,593
CC200492,APP100213,2025-10-04 21:48:25.783888,approved,358
CC200493,APP100890,2025-12-06 08:26:36.940079,manual_review,479
CC200494,APP100928,2025-12-27 13:12:26.420691,manual_review,806
CC200495,APP100340,2025-09-15 21:50:30.630974,approved,749
CC200496,APP100310,2025-08-05 11:31:27.553596,approved,310
CC200497,APP100979,2025-08-10 22:50:02.329292,approved,506
CC200498,APP100930,2025-09-22 22:02:32.956085,denied,830
CC200499,APP100015,2026-01-18 19:22:08.315558,approved,592
CC200500,APP100216,2026-01-21 17:57:03.844261,approved,499
CC200501,APP100959,2025-08-15 20:52:42.991307,denied,334
CC200502,APP100194,2025-12-09 10:21:33.319027,approved,822
CC200503,APP100985,2025-11-03 19:48:54.730776,approved,828
CC200504,APP100759,2025-09-01 20:39:25.863405,approved,537
CC200505,APP100120,2025-11-02 19:39:50.285667,manual_review,473
CC200506,APP100764,2025-09-12 18:32:15.130689,denied,336
CC200507,APP100772,2025-11-21 01:26:07.571144,denied,668
CC200508,APP100490,2025-08-30 22:00:47.121960,manual_review,544
CC200509,APP100936,2025-12-13 20:26:32.225381,approved,300
CC200510,APP100248,2025-10-13 09:27:18.700930,approved,461
CC200511,APP100712,2025-08-17 09:57:02.258160,approved,388
CC200512,APP100618,2025-11-23 12:09:53.669900,approved,582
CC200513,APP100720,2025-10-02 20:45:58.405277,denied,709
CC200514,APP100209,2025-10-21 09:42:36.490189,approved,661
CC200515,APP100406,2025-11-28 09:42:36.859248,approved,704
CC200516,APP100937,2026-01-07 10:33:03.130388,approved,715
CC200517,APP100245,2025-08-28 16:37:47.828201,denied,505
CC200518,APP100565,2025-08-31 04:37:52.012048,denied,830
CC200519,APP100329,2025-10-10 21:16:35.323260,approved,315
CC200520,APP100794,2025-09-29 02:27:24.611040,approved,370
CC200521,APP100289,2025-08-27 02:30:26.025305,denied,392
CC200522,APP100389,2026-01-28 17:04:57.555074,denied,591
CC200523,APP100477,2025-10-18 12:20:30.273765,approved,656
CC200524,APP100546,2025-10-01 19:51:47.219018,approved,655
CC200525,APP100664,2025-09-24 23:43:28.066673,denied,583
CC200526,APP100367,2026-01-27 10:18:02.039651,approved,531
CC200527,APP100315,2025-09-26 17:40:21.157199,approved,499
CC200528,APP100267,2025-10-05 09:30:48.120893,approved,765
CC200529,APP100368,2025-12-16 14:38:17.407197,approved,713
CC200530,APP100525,2025-10-16 05:28:36.945084,approved,304
CC200531,APP100903,2025-12-09 13:25:54.087040,denied,567
CC200532,APP100509,2025-11-17 22:45:12.394998,denied,479
CC200533,APP100477,2025-11-09 14:50:49.227301,approved,716
CC200534,APP100100,2025-09-06 08:42:23.935569,approved,818
CC200535,APP100822,2025-12-16 21:22:02.992458,approved,409
CC200536,APP100739,2026-01-15 09:51:53.316609,manual_review,374
CC200537,APP100480,2025-09-13 18:03:27.308305,denied,815
CC200538,APP100779,2026-01-21 22:39:15.268277,approved,601
CC200539,APP100859,2025-10-19 08:09:32.645579,denied,648
CC200540,APP100327,2025-10-10 01:33:06.913513,approved,419
CC200541,APP100936,2025-12-09 15:23:57.973695,approved,825
CC200542,APP100208,2026-01-25 20:44:08.796208,denied,563
CC200543,APP100379,2025-11-15 14:53:19.112534,approved,850
CC200544,APP100320,2025-11-01 05:45:46.543100,denied,556
CC200545,APP100423,2026-01-27 18:54:26.763094,denied,753
CC200546,APP100046,2025-09-22 12:55:57.877556,approved,686
CC200547,APP100576,2025-09-22 06:16:29.189970,denied,795
CC200548,APP100884,2025-09-07 19:51:06.057282,denied,549
CC200549,APP100226,2026-01-02 10:51:41.036559,approved,647
CC200550,APP100759,2025-08-01 23:49:59.722884,denied,769
CC200551,APP100149,2025-12-27 05:41:12.111095,approved,771
CC200552,APP100016,2025-12-02 21:47:59.698118,approved,328
CC200553,APP100267,2025-09-17 18:37:36.177095,approved,793
CC200554,APP100566,2025-11-07 20:58:35.345669,denied,419
CC200555,APP100957,2025-11-08 08:43:21.884152,approved,564
CC200556,APP100598,2026-01-15 08:52:24.744486,denied,369
CC200557,APP100593,2025-08-26 11:13:13.785391,denied,691
CC200558,APP100737,2025-08-04 22:38:36.604212,approved,525
CC200559,APP100427,2025-10-02 10:34:32.903431,approved,535
CC200560,APP100302,2025-08-23 11:12:38.096611,approved,623
CC200561,APP100156,2025-10-04 13:02:17.000171,denied,722
CC200562,APP100200,2025-11-13 02:47:58.557427,denied,661
CC200563,APP100337,2025-09-09 20:54:07.776056,denied,828
CC200564,APP100235,2025-12-25 05:42:13.786676,approved,848
CC200565,APP100388,2025-08-14 21:51:10.856146,approved,309
CC200566,APP100583,2025-10-10 13:30:32.635000,approved,569
CC200567,APP100853,2026-01-13 21:21:57.756849,approved,554
CC200568,APP100251,2025-12-11 02:31:06.428364,approved,594
CC200569,APP100511,2025-12-09 03:19:53.781974,approved,395
CC200570,APP100563,2025-12-21 21:27:53.719531,denied,708
CC200571,APP100670,2025-08-29 19:32:14.638638,manual_review,650
CC200572,APP100966,2025-12-27 22:18:51.693133,denied,377
CC200573,APP100701,2025-12-02 21:15:07.078451,denied,482
CC200574,APP100345,2025-11-12 00:38:33.184341,denied,787
CC200575,APP100263,2026-01-12 00:12:26.336598,approved,621
CC200576,APP100781,2025-11-15 12:32:27.565811,approved,662
CC200577,APP100841,2025-09-22 06:32:11.792299,approved,523
CC200578,APP100500,2025-12-10 11:09:56.960636,denied,575
CC200579,APP100989,2025-11-12 00:52:07.688015,approved,487
CC200580,APP100740,2025-08-12 10:33:22.249423,denied,494
CC200581,APP100657,2025-08-08 06:57:16.855790,denied,810
CC200582,APP100757,2025-12-17 20:18:03.744746,approved,504
CC200583,APP100502,2025-10-01 00:27:35.258055,approved,540
CC200584,APP100471,2025-12-26 08:29:51.890660,approved,547
CC200585,APP100172,2025-10-13 15:21:35.578515,approved,571
CC200586,APP100750,2026-01-04 16:20:31.646892,approved,511
CC200587,APP100814,2026-01-05 00:58:38.086894,denied,534
CC200588,APP100360,2025-09-08 17:11:06.852247,approved,507
CC200589,APP100173,2025-11-26 02:40:22.342210,approved,555
CC200590,APP100143,2025-11-16 19:45:50.461711,denied,664
CC200591,APP100737,2025-07-31 02:29:39.214791,denied,459
CC200592,APP100559,2025-12-19 01:04:50.223807,approved,409
CC200593,APP100500,2025-10-07 09:03:44.730036,denied,422
CC200594,APP100188,2025-09-23 01:55:24.466637,approved,380
CC200595,APP100938,2025-08-05 13:51:38.971995,approved,804
CC200596,APP100910,2025-11-05 08:19:46.866724,denied,306
CC200597,APP100555,2025-08-25 12:32:43.312714,approved,343
CC200598,APP100657,2025-10-29 10:36:19.842246,approved,793
CC200599,APP100980,2025-09-07 15:02:25.166423,approved,680
CC200600,APP100060,2025-08-07 07:05:43.797365,approved,622
CC200601,APP100536,2025-12-10 14:39:03.531106,approved,804
CC200602,APP100034,2025-10-09 06:58:12.083362,denied,581
CC200603,APP100859,2025-10-18 23:50:28.673079,approved,802
CC200604,APP100867,2025-11-15 12:06:13.524329,approved,487
CC200605,APP100076,2025-10-29 20:53:05.252751,manual_review,823
CC200606,APP100967,2025-09-07 20:43:48.482100,manual_review,586
CC200607,APP100837,2025-09-20 07:40:54.684321,approved,707
CC200608,APP100684,2025-10-09 13:19:39.847892,manual_review,527
CC200609,APP100049,2025-08-22 07:44:48.567688,denied,431
CC200610,APP100782,2025-08-13 04:31:09.182683,denied,355
CC200611,APP100006,2025-11-11 03:28:53.931702,approved,838
CC200612,APP100422,2025-08-07 01:45:28.112679,denied,733
CC200613,APP100140,2025-10-10 10:49:43.603678,denied,789
CC200614,APP100862,2025-08-13 15:42:31.711175,approved,333
CC200615,APP100645,2025-10-29 08:03:03.162655,approved,814
CC200616,APP100236,2025-12-18 09:12:42.490917,approved,655
CC200617,APP100069,2025-08-21 23:44:12.380414,manual_review,703
CC200618,APP100724,2025-08-22 19:35:21.453410,approved,478
CC200619,APP100154,2025-11-08 21:51:06.908460,approved,768
CC200620,APP100009,2025-10-26 18:23:40.620249,manual_review,423
CC200621,APP100223,2025-11-26 00:19:44.783515,approved,830
CC200622,APP100517,2025-09-03 01:58:28.237931,denied,771
CC200623,APP100466,2025-11-19 08:14:31.325338,approved,623
CC200624,APP100382,2025-12-11 08:42:31.688301,approved,308
CC200625,APP100061,2025-09-12 07:25:17.874046,approved,312
CC200626,APP100632,2025-08-11 04:22:47.341871,approved,515
CC200627,APP100653,2025-12-18 22:13:28.938231,approved,688
CC200628,APP100682,2025-09-26 12:11:08.906445,approved,403
CC200629,APP100956,2026-01-15 00:59:37.554838,approved,633
CC200630,APP100631,2025-08-14 11:38:59.878060,approved,670
CC200631,APP100934,2025-11-29 14:26:13.905723,denied,565
CC200632,APP100494,2025-10-14 22:21:19.080168,denied,491
CC200633,APP100675,2025-10-01 02:07:38.985003,approved,569
CC200634,APP100499,2025-09-26 00:22:50.197287,approved,542
CC200635,APP100016,2025-11-15 06:33:41.364595,approved,575
CC200636,APP100006,2025-08-02 10:53:50.505938,denied,782
CC200637,APP100544,2025-09-23 02:04:48.110754,manual_review,651
CC200638,APP100564,2026-01-26 17:28:15.115123,approved,674
CC200639,APP100421,2025-11-19 09:13:54.881440,approved,488
CC200640,APP100012,2026-01-27 04:32:34.616077,denied,810
CC200641,APP100017,2025-10-18 08:47:59.368972,approved,734
CC200642,APP100542,2025-08-24 19:56:03.791185,denied,515
CC200643,APP100739,2025-08-06 06:10:45.353687,approved,729
CC200644,APP100281,2025-12-26 13:02:49.917488,denied,681
CC200645,APP100548,2025-09-03 17:48:35.651819,approved,673
CC200646,APP100293,2025-10-05 18:47:33.396200,approved,710
CC200647,APP100017,2025-12-15 10:09:08.582151,approved,586
CC200648,APP100514,2026-01-01 21:48:23.274401,approved,761
CC200649,APP100832,2025-08-18 16:14:00.986305,approved,484
CC200650,APP100714,2025-08-08 00:50:23.521220,approved,434
CC200651,APP100690,2026-01-19 14:31:23.090714,approved,534
CC200652,APP100440,2026-01-15 12:26:18.000967,denied,402
CC200653,APP100825,2026-01-04 20:24:37.385511,approved,576
CC200654,APP100962,2025-12-26 21:42:41.585742,approved,541
CC200655,APP100931,2025-07-31 12:38:46.393923,denied,742
CC200656,APP100183,2025-12-03 15:47:58.969852,approved,690
CC200657,APP100109,2025-08-18 11:24:13.010650,denied,500
CC200658,APP100940,2025-10-19 19:28:18.825380,denied,449
CC200659,APP100098,2025-08-02 04:27:20.435428,approved,453
CC200660,APP100536,2025-09-05 10:59:10.080976,denied,784
CC200661,APP100152,2025-11-04 23:49:55.567622,approved,309
CC200662,APP100246,2025-09-04 11:59:12.387491,approved,480
CC200663,APP100196,2025-11-02 06:44:31.677202,approved,731
CC200664,APP100634,2025-09-14 14:14:01.475259,approved,811
CC200665,APP100539,2025-10-25 21:02:39.389288,manual_review,437
CC200666,APP100258,2025-12-10 07:20:33.161205,denied,829
CC200667,APP100834,2025-08-24 00:11:24.758880,manual_review,846
CC200668,APP100362,2025-12-04 13:42:11.176374,approved,623
CC200669,APP100273,2025-08-01 09:12:13.217215,approved,798
CC200670,APP100814,2025-11-13 06:32:59.387026,approved,607
CC200671,APP100406,2025-11-28 02:08:28.169774,approved,556
CC200672,APP100080,2025-08-06 00:00:59.562423,denied,348
CC200673,APP100382,2025-08-29 08:07:53.620859,approved,707
CC200674,APP100982,2025-09-19 06:12:13.670165,approved,401
CC200675,APP100415,2025-12-21 05:03:23.010281,approved,467
CC200676,APP100470,2025-11-19 16:55:56.829160,approved,361
CC200677,APP100578,2025-08-07 18:25:28.049038,manual_review,520
CC200678,APP100249,2025-11-26 11:24:38.742972,approved,560
CC200679,APP100713,2025-07-30 12:48:13.384429,manual_review,787
CC200680,APP100231,2025-10-08 12:15:25.092715,approved,398
CC200681,APP100307,2025-09-16 22:06:23.882468,manual_review,760
CC200682,APP100700,2026-01-01 18:47:53.822573,approved,642
CC200683,APP100847,2025-11-27 11:00:11.695041,approved,566
CC200684,APP100868,2026-01-04 00:40:13.872147,approved,669
CC200685,APP100082,2025-08-01 12:14:59.562576,approved,668
CC200686,APP100669,2026-01-04 14:29:04.256323,approved,563
CC200687,APP100878,2025-11-25 11:47:58.614813,denied,652
CC200688,APP100665,2025-09-09 12:50:26.255503,approved,320
CC200689,APP100777,2025-10-07 01:10:35.444222,denied,721
CC200690,APP100032,2026-01-24 16:43:05.975593,approved,424
CC200691,APP100095,2025-08-16 07:50:59.969388,approved,659
CC200692,APP100415,2025-09-25 01:03:12.817683,approved,503
CC200693,APP100388,2026-01-04 11:40:06.399308,denied,478
CC200694,APP100386,2025-11-03 19:22:18.512547,denied,591
CC200695,APP100565,2025-09-01 07:13:09.058209,approved,663
CC200696,APP100487,2025-10-29 02:52:26.521640,approved,632
CC200697,APP100057,2025-10-21 06:28:02.401121,approved,822
CC200698,APP100652,2026-01-15 10:45:41.331185,denied,799
CC200699,APP100009,2025-08-01 22:53:34.913308,approved,757
CC200700,APP100719,2025-09-12 12:29:01.280886,manual_review,380
CC200701,APP100175,2025-11-03 09:53:53.688423,approved,690
CC200702,APP100084,2025-09-28 09:02:36.623506,denied,593
CC200703,APP100511,2025-10-09 09:15:12.943891,approved,774
CC200704,APP100865,2025-08-26 21:20:06.671793,denied,448
CC200705,APP100444,2025-09-30 19:22:48.184463,approved,471
CC200706,APP100660,2025-10-01 18:02:53.416651,approved,645
CC200707,APP100803,2025-11-21 01:01:11.872663,approved,731
CC200708,APP100339,2025-09-10 11:04:48.883307,approved,714
CC200709,APP100579,2026-01-24 23:55:36.062947,manual_review,373
CC200710,APP100878,2025-10-29 05:31:35.229210,approved,381
CC200711,APP100997,2025-12-25 09:19:07.932722,approved,465
CC200712,APP100097,2025-11-21 03:29:56.681408,denied,651
CC200713,APP100916,2026-01-06 16:14:19.834181,denied,533
CC200714,APP100540,2026-01-08 20:00:56.203646,denied,621
CC200715,APP100941,2025-12-25 22:24:56.678355,denied,624
CC200716,APP100043,2025-08-03 10:07:17.067281,denied,598
CC200717,APP100235,2025-11-08 02:36:43.835945,approved,573
CC200718,APP100216,2025-09-18 13:20:09.664361,denied,704
CC200719,APP100922,2025-08-25 21:56:35.974588,approved,577
CC200720,APP100888,2026-01-10 01:55:34.287254,approved,755
CC200721,APP100708,2025-11-26 21:00:38.331077,approved,671
CC200722,APP100908,2025-08-14 03:42:10.064442,approved,833
CC200723,APP100580,2025-10-07 07:49:35.940393,denied,761
CC200724,APP100486,2026-01-21 18:02:05.072104,denied,723
CC200725,APP100277,2025-11-18 16:34:19.578123,approved,471
CC200726,APP100047,2025-11-21 02:18:59.888827,approved,488
CC200727,APP100946,2025-09-08 20:19:19.014352,denied,323
CC200728,APP100076,2025-09-11 05:25:59.983973,denied,428
CC200729,APP100700,2025-08-26 02:32:24.953315,approved,540
CC200730,APP100947,2026-01-23 13:53:31.762999,approved,557
CC200731,APP100287,2026-01-12 09:23:29.392726,approved,381
CC200732,APP100920,2025-09-27 14:07:17.056720,approved,515
CC200733,APP100556,2025-11-05 18:30:15.283171,approved,470
CC200734,APP100577,2025-09-05 01:02:24.449651,denied,706
CC200735,APP100673,2025-08-23 11:57:14.192432,approved,405
CC200736,APP100033,2025-11-05 14:37:06.597747,denied,397
CC200737,APP100183,2025-12-23 05:15:50.188567,denied,365
CC200738,APP100951,2026-01-03 17:11:13.608735,denied,784
CC200739,APP100870,2025-09-23 20:32:12.902828,manual_review,355
CC200740,APP100322,2025-12-05 17:52:56.238452,approved,326
CC200741,APP100016,2025-11-02 09:07:30.054519,approved,706
CC200742,APP100984,2025-08-22 21:16:30.046133,denied,836
CC200743,APP100212,2026-01-28 04:56:54.577768,denied,385
CC200744,APP100601,2026-01-24 13:01:50.989609,approved,406
CC200745,APP100147,2025-08-24 16:59:34.713043,denied,568
CC200746,APP100770,2026-01-16 16:15:36.876253,denied,459
CC200747,APP100840,2026-01-13 17:58:01.649618,approved,386
CC200748,APP100729,2025-09-25 10:03:47.761481,approved,699
CC200749,APP100840,2025-11-08 13:12:53.122972,manual_review,616
CC200750,APP100407,2026-01-19 13:01:28.226466,approved,534
CC200751,APP100951,2025-08-19 18:47:53.792905,approved,553
CC200752,APP100078,2025-09-25 10:30:39.433926,approved,590
CC200753,APP100306,2026-01-06 20:28:55.002207,approved,753
CC200754,APP100166,2025-12-09 18:46:59.587957,approved,429
CC200755,APP100577,2025-12-16 20:09:39.655820,denied,434
CC200756,APP100246,2026-01-06 22:39:44.895166,approved,839
CC200757,APP100580,2025-10-13 04:24:04.774800,denied,474
CC200758,APP100854,2025-10-12 16:05:16.031910,approved,329
CC200759,APP100869,2025-10-18 12:18:28.133321,denied,335
CC200760,APP100398,2026-01-16 19:31:18.493361,approved,665
CC200761,APP100693,2026-01-09 12:28:42.568604,approved,633
CC200762,APP100918,2026-01-16 17:13:55.683538,approved,787
CC200763,APP100553,2025-09-17 09:05:01.906846,denied,778
CC200764,APP100339,2025-12-19 08:32:25.512143,approved,578
CC200765,APP100393,2025-08-17 15:30:09.530771,approved,755
CC200766,APP100773,2025-08-31 23:50:25.903944,approved,438
CC200767,APP100757,2025-12-16 06:58:05.117393,approved,481
CC200768,APP100143,2025-11-18 14:30:38.647103,approved,767
CC200769,APP100809,2025-09-16 02:27:55.076500,approved,745
CC200770,APP100705,2025-11-10 08:03:44.274307,approved,836
CC200771,APP100741,2025-09-09 11:42:16.257618,approved,846
CC200772,APP100080,2025-09-09 17:19:05.056800,approved,617
CC200773,APP100512,2025-12-02 11:27:38.667412,manual_review,655
CC200774,APP100763,2025-10-03 02:29:52.991896,denied,793
CC200775,APP100997,2025-12-02 14:49:54.888167,approved,532
CC200776,APP100354,2025-10-24 16:40:31.453374,approved,391
CC200777,APP100054,2025-10-29 10:15:55.361452,approved,752
CC200778,APP100100,2025-11-17 06:24:25.669461,manual_review,615
CC200779,APP100447,2025-12-07 00:16:35.288922,approved,674
CC200780,APP100237,2025-10-05 19:24:16.975412,approved,722
CC200781,APP100858,2026-01-01 19:00:12.865565,approved,566
CC200782,APP100077,2025-10-27 10:13:25.523922,denied,459
CC200783,APP100348,2025-08-23 07:15:22.254698,approved,610
CC200784,APP100619,2025-09-02 13:26:07.465117,denied,310
CC200785,APP100787,2025-08-03 22:19:32.545382,approved,300
CC200786,APP100628,2025-12-16 16:12:12.887389,approved,835
CC200787,APP100977,2025-07-31 18:18:10.706958,approved,439
CC200788,APP100609,2025-09-16 15:41:45.711188,denied,652
CC200789,APP100406,2025-10-13 00:00:08.647195,denied,593
CC200790,APP100992,2025-12-12 14:17:28.240452,approved,780
CC200791,APP100792,2026-01-26 20:04:58.553459,approved,847
CC200792,APP100334,2025-12-15 10:20:29.112822,approved,308
CC200793,APP100030,2025-08-10 04:03:28.828156,approved,803
CC200794,APP100649,2026-01-15 14:05:15.930532,denied,788
CC200795,APP100279,2026-01-26 08:31:53.963088,approved,606
CC200796,APP100802,2026-01-04 13:14:30.032347,denied,309
CC200797,APP100461,2025-10-27 03:35:16.223366,manual_review,740
CC200798,APP100502,2025-09-26 18:44:20.716680,denied,599
CC200799,APP100233,2025-10-21 04:31:06.270293,approved,536
CC200800,APP100364,2025-09-12 09:47:50.788481,approved,307
CC200801,APP100566,2025-10-11 11:53:29.934812,approved,682
CC200802,APP100963,2025-08-05 16:42:17.390237,denied,493
CC200803,APP100384,2025-12-11 07:13:30.504133,approved,721
CC200804,APP100442,2025-10-06 23:43:56.385201,denied,747
CC200805,APP100190,2025-09-24 13:45:19.159463,manual_review,704
CC200806,APP100696,2025-11-18 12:24:19.895555,denied,555
CC200807,APP100599,2025-12-12 14:44:16.967005,denied,467
CC200808,APP100676,2025-11-15 06:14:47.108222,approved,699
CC200809,APP100389,2025-11-02 15:25:04.900800,denied,687
CC200810,APP100087,2026-01-06 03:27:27.373439,denied,525
CC200811,APP100790,2025-12-20 19:02:17.203201,approved,569
CC200812,APP100633,2025-11-01 19:11:10.992639,approved,381
CC200813,APP100302,2025-10-20 02:18:28.658740,approved,732
CC200814,APP100817,2025-12-28 04:04:35.792140,approved,545
CC200815,APP100252,2025-08-05 19:18:31.266346,denied,829
CC200816,APP100730,2026-01-28 05:36:48.299941,approved,578
CC200817,APP100075,2025-11-01 10:35:27.289775,approved,591
CC200818,APP100084,2025-10-09 19:01:08.559639,manual_review,844
CC200819,APP100274,2025-12-11 06:30:39.888453,manual_review,575
CC200820,APP100157,2025-11-08 14:48:26.619754,denied,722
CC200821,APP100389,2025-10-31 23:12:55.557168,approved,492
CC200822,APP100728,2025-11-22 00:56:38.437647,approved,370
CC200823,APP100802,2025-08-07 01:41:19.332904,approved,486
CC200824,APP100649,2025-09-20 13:50:53.029053,denied,439
CC200825,APP100157,2025-10-10 05:44:38.978388,approved,596
CC200826,APP100757,2025-09-23 00:54:40.020419,approved,413
CC200827,APP100398,2025-12-28 06:46:27.730513,approved,766
CC200828,APP100324,2025-10-21 21:18:32.673834,approved,763
CC200829,APP100369,2025-10-14 17:35:34.791724,approved,578
CC200830,APP100109,2025-11-18 19:36:03.517708,denied,803
CC200831,APP100093,2025-08-08 00:52:41.090367,manual_review,492
CC200832,APP100005,2025-11-01 02:56:16.712071,denied,628
CC200833,APP100965,2025-08-24 04:07:48.563439,approved,319
CC200834,APP100315,2025-12-28 16:48:34.975973,approved,455
CC200835,APP100455,2025-10-20 02:41:55.521081,approved,350
CC200836,APP100368,2025-12-08 23:12:29.632437,approved,847
CC200837,APP100779,2025-08-18 19:45:56.609466,denied,322
CC200838,APP100276,2025-12-19 06:52:36.201088,denied,490
CC200839,APP100104,2026-01-17 13:30:44.255519,approved,404
CC200840,APP100135,2025-12-04 02:02:24.181312,approved,588
CC200841,APP100089,2025-08-22 21:30:51.383609,approved,575
CC200842,APP100191,2025-10-13 02:16:40.408720,approved,428
CC200843,APP100441,2025-10-19 23:06:42.966017,approved,748
CC200844,APP100459,2025-08-30 21:55:40.096614,approved,308
CC200845,APP100570,2025-11-14 14:49:59.299965,manual_review,538
CC200846,APP100568,2025-12-07 02:59:36.499231,approved,392
CC200847,APP100524,2025-09-04 03:43:54.238064,denied,454
CC200848,APP100417,2025-10-20 15:52:51.761894,approved,315
CC200849,APP100105,2025-09-13 00:21:48.278322,manual_review,805
CC200850,APP100026,2025-12-03 06:37:26.988633,denied,522
CC200851,APP100091,2026-01-11 22:01:45.971875,approved,650
CC200852,APP100362,2025-12-22 13:16:59.370430,denied,730
CC200853,APP100567,2025-12-08 04:20:33.944198,denied,619
CC200854,APP100095,2025-08-20 17:34:16.541563,denied,810
CC200855,APP100611,2025-08-19 00:09:08.531450,approved,680
CC200856,APP100612,2025-10-19 16:32:36.290390,manual_review,774
CC200857,APP100803,2025-10-03 18:45:28.823466,approved,332
CC200858,APP100332,2025-11-02 09:10:38.004917,approved,638
CC200859,APP100884,2025-10-07 16:07:47.441061,approved,382
CC200860,APP100394,2025-12-21 13:21:00.288543,denied,449
CC200861,APP100012,2025-10-31 03:31:08.579120,approved,357
CC200862,APP100298,2026-01-19 18:06:47.428035,approved,572
CC200863,APP100423,2025-10-06 16:14:41.410745,approved,701
CC200864,APP100397,2025-10-07 00:45:37.990430,denied,373
CC200865,APP100797,2025-12-17 08:38:15.323395,denied,781
CC200866,APP100086,2026-01-12 20:30:29.776603,approved,485
CC200867,APP100742,2025-11-10 01:12:38.918587,manual_review,496
CC200868,APP100922,2025-11-27 08:29:09.542755,manual_review,556
CC200869,APP100572,2025-08-25 14:47:46.563354,denied,690
CC200870,APP100926,2026-01-04 20:42:09.581414,denied,312
CC200871,APP100248,2025-08-30 21:52:32.278070,approved,424
CC200872,APP100585,2025-12-07 00:24:06.143315,approved,554
CC200873,APP100533,2025-10-14 04:52:21.894590,denied,694
CC200874,APP100173,2025-09-23 22:49:58.212515,approved,753
CC200875,APP100701,2025-12-17 10:16:19.002525,denied,553
CC200876,APP100389,2025-10-19 02:40:34.903208,approved,334
CC200877,APP100173,2025-11-21 06:24:56.822779,approved,503
CC200878,APP100142,2025-08-19 15:07:06.127051,approved,771
CC200879,APP100275,2025-08-22 05:01:03.635336,approved,396
CC200880,APP100308,2025-09-04 07:47:35.269850,approved,833
CC200881,APP100274,2025-11-20 13:13:35.070212,denied,513
CC200882,APP100504,2025-09-13 13:44:17.038037,approved,784
CC200883,APP100149,2025-10-21 09:21:57.517095,denied,698
CC200884,APP100064,2026-01-02 09:29:42.810527,approved,619
CC200885,APP100171,2025-11-06 00:06:04.034925,approved,630
CC200886,APP100445,2025-07-30 01:23:39.926178,approved,462
CC200887,APP100282,2026-01-07 10:00:57.949532,denied,343
CC200888,APP100431,2025-09-10 18:28:14.920860,approved,833
CC200889,APP100306,2025-11-14 08:24:57.732645,approved,425
CC200890,APP100495,2025-10-24 12:44:38.929095,denied,559
CC200891,APP100801,2025-10-12 11:13:42.351533,approved,792
CC200892,APP100078,2025-08-12 14:39:07.614356,manual_review,605
CC200893,APP100369,2025-11-16 10:03:03.213249,approved,503
CC200894,APP100257,2025-09-12 00:39:12.114263,manual_review,669
CC200895,APP100966,2025-11-06 17:03:37.972509,denied,353
CC200896,APP100252,2025-11-20 00:53:12.579533,manual_review,523
CC200897,APP100738,2025-11-08 14:08:05.390719,approved,415
CC200898,APP100640,2025-12-27 20:18:54.218777,denied,541
CC200899,APP100507,2025-08-07 00:01:31.513974,approved,744
CC200900,APP100608,2025-08-25 06:41:57.259254,approved,632
CC200901,APP100631,2025-11-26 04:52:14.499119,approved,315
CC200902,APP100200,2025-08-04 18:09:36.593452,manual_review,471
CC200903,APP100468,2026-01-02 02:30:36.476734,approved,582
CC200904,APP100109,2025-11-28 17:27:24.241141,approved,422
CC200905,APP100138,2025-12-30 04:40:18.294456,approved,705
CC200906,APP100311,2025-09-21 21:55:04.331898,approved,548
CC200907,APP100006,2026-01-14 08:25:07.779210,denied,309
CC200908,APP100971,2025-08-07 00:31:20.992435,approved,343
CC200909,APP100405,2025-10-13 17:16:54.392683,approved,786
CC200910,APP100340,2025-08-30 19:08:41.632803,denied,458
CC200911,APP100861,2025-11-29 15:57:05.857468,denied,680
CC200912,APP100635,2025-11-18 10:34:20.505759,approved,391
CC200913,APP100389,2025-12-03 05:43:26.894799,approved,554
CC200914,APP100823,2025-11-15 11:22:58.956678,approved,461
CC200915,APP100882,2025-12-20 20:45:00.976393,approved,811
CC200916,APP100337,2025-08-30 15:29:00.544523,approved,393
CC200917,APP100450,2025-10-20 18:46:18.654735,approved,646
CC200918,APP100342,2025-11-12 12:42:54.530731,approved,361
CC200919,APP100440,2026-01-16 09:24:53.576671,denied,361
CC200920,APP100835,2025-08-15 03:14:44.473275,manual_review,664
CC200921,APP100843,2025-09-22 01:41:03.950629,denied,457
CC200922,APP100880,2025-10-04 19:36:09.298433,denied,849
CC200923,APP100666,2025-10-06 17:23:46.235845,approved,409
CC200924,APP100997,2025-08-10 10:48:57.777327,approved,428
CC200925,APP100608,2025-10-15 15:03:43.469104,approved,799
CC200926,APP100139,2025-11-07 06:52:49.086136,denied,538
CC200927,APP100307,2025-09-20 21:08:57.343860,approved,624
CC200928,APP100328,2025-08-22 18:09:15.136447,denied,655
CC200929,APP100617,2025-12-03 19:26:21.985415,approved,749
CC200930,APP100970,2025-09-17 11:49:56.225250,approved,497
CC200931,APP100711,2025-11-02 23:27:53.534573,approved,321
CC200932,APP100205,2025-11-02 12:50:15.576232,approved,686
CC200933,APP100490,2025-12-04 00:46:59.016995,approved,666
CC200934,APP100321,2025-11-18 14:49:45.615374,approved,437
CC200935,APP100181,2025-08-18 02:40:43.202175,manual_review,556
CC200936,APP100987,2025-12-10 06:28:52.115779,approved,340
CC200937,APP100407,2025-11-21 17:34:10.176711,approved,796
CC200938,APP100991,2026-01-26 15:25:40.039528,approved,748
CC200939,APP100326,2025-10-25 23:51:20.641870,approved,601
CC200940,APP100298,2025-12-02 17:05:50.253976,denied,801
CC200941,APP100752,2026-01-16 20:03:56.289113,approved,494
CC200942,APP100711,2026-01-26 11:24:20.165010,manual_review,491
CC200943,APP100648,2025-09-19 20:13:08.880959,approved,656
CC200944,APP100502,2025-11-18 00:39:28.023201,denied,631
CC200945,APP100990,2025-09-25 05:36:48.507585,approved,779
CC200946,APP100589,2025-11-02 16:07:39.543832,manual_review,581
CC200947,APP100800,2026-01-28 02:01:38.876960,denied,464
CC200948,APP100248,2025-10-02 02:36:58.927523,approved,370
CC200949,APP100333,2025-08-21 20:48:47.575583,approved,843
CC200950,APP100385,2025-11-09 12:35:35.646489,manual_review,458
CC200951,APP100287,2025-11-01 15:01:14.929013,approved,760
CC200952,APP100836,2025-11-22 06:16:59.500942,approved,602
CC200953,APP100804,2025-10-27 14:53:58.803436,approved,569
CC200954,APP100402,2025-08-31 02:28:13.205977,approved,675
CC200955,APP100373,2025-11-18 03:08:08.974098,denied,764
CC200956,APP100116,2025-12-06 09:07:13.764342,denied,300
CC200957,APP100954,2026-01-25 04:24:06.568717,approved,818
CC200958,APP100577,2025-07-29 06:58:52.789689,denied,688
CC200959,APP100204,2025-08-02 09:55:32.512225,denied,489
CC200960,APP100606,2025-11-21 02:02:04.698214,denied,319
CC200961,APP100558,2025-08-19 16:45:35.988611,approved,672
CC200962,APP100184,2026-01-01 01:04:34.270773,approved,544
CC200963,APP100698,2025-12-23 02:52:34.230520,approved,628
CC200964,APP100786,2026-01-28 19:31:35.846460,denied,364
CC200965,APP100563,2025-10-13 04:24:20.419703,approved,696
CC200966,APP100027,2025-09-28 10:01:35.783831,approved,494
CC200967,APP100975,2025-11-09 02:47:41.530982,approved,836
CC200968,APP100744,2025-11-23 07:12:56.334545,approved,809
CC200969,APP100472,2025-07-31 01:53:19.447407,approved,457
CC200970,APP100965,2025-09-04 00:26:32.659855,denied,589
CC200971,APP100725,2025-09-18 19:39:48.677596,approved,630
CC200972,APP100214,2025-12-21 09:30:12.026048,denied,719
CC200973,APP100448,2025-09-23 15:07:24.878860,approved,629
CC200974,APP100816,2025-10-30 05:32:29.015722,approved,413
CC200975,APP100298,2025-09-26 14:26:51.628976,approved,398
CC200976,APP100851,2025-07-30 03:04:32.357691,approved,835
CC200977,APP100709,2025-12-02 04:39:03.033594,denied,368
CC200978,APP100070,2025-09-29 19:27:09.937352,denied,344
CC200979,APP100838,2025-12-09 06:56:08.068752,approved,432
CC200980,APP100868,2025-11-19 08:13:35.769621,denied,482
CC200981,APP100814,2025-08-03 08:34:56.489086,approved,332
CC200982,APP100814,2025-08-30 07:34:40.993172,denied,506
CC200983,APP100418,2025-09-27 19:33:12.594682,approved,409
CC200984,APP100689,2025-09-29 04:19:44.950397,denied,797
CC200985,APP100511,2025-11-29 17:38:26.087022,approved,496
CC200986,APP100142,2026-01-13 13:46:33.754132,denied,401
CC200987,APP100648,2025-12-22 16:40:31.292359,denied,332
CC200988,APP100310,2025-11-24 19:12:00.743237,denied,697
CC200989,APP100247,2025-10-25 14:17:03.228358,manual_review,801
CC200990,APP100258,2025-11-21 09:43:02.473382,approved,838
CC200991,APP100674,2026-01-09 03:19:46.455975,approved,562
CC200992,APP100157,2025-11-04 19:14:55.242953,approved,350
CC200993,APP100732,2025-09-28 15:50:39.243926,approved,675
CC200994,APP100433,2025-12-20 06:05:44.054336,manual_review,526
CC200995,APP100808,2025-10-13 04:01:00.251457,denied,372
CC200996,APP100386,2025-12-12 15:15:13.670881,approved,313
CC200997,APP100075,2025-12-29 15:49:36.948087,approved,513
CC200998,APP100459,2025-09-22 01:54:07.146574,approved,803
CC200999,APP100612,2025-12-09 09:26:30.140183,approved,381
CC201000,APP100490,2025-09-25 01:15:37.972024,approved,779
CC201001,APP100596,2025-11-04 14:28:12.938733,approved,362
CC201002,APP100410,2025-09-05 07:41:13.446191,approved,669
CC201003,APP100547,2025-12-02 03:08:18.291587,manual_review,725
CC201004,APP100518,2025-12-23 02:44:52.917624,denied,677
CC201005,APP100945,2026-01-08 09:32:17.294613,approved,359
CC201006,APP100942,2025-10-02 01:28:40.463394,denied,572
CC201007,APP100890,2026-01-23 09:48:44.277824,manual_review,841
CC201008,APP100708,2025-09-18 14:30:41.351528,denied,341
CC201009,APP100428,2025-08-03 17:39:38.502963,approved,372
CC201010,APP100556,2026-01-25 23:39:37.739911,manual_review,611
CC201011,APP100037,2025-11-21 06:40:18.851048,approved,379
CC201012,APP100809,2025-12-31 00:03:50.047620,approved,521
CC201013,APP100991,2025-11-11 01:27:17.738444,denied,831
CC201014,APP100368,2025-10-08 16:19:28.795846,denied,399
CC201015,APP100718,2025-11-15 12:22:02.225296,denied,403
CC201016,APP100916,2026-01-04 02:02:44.654128,approved,536
CC201017,APP100831,2025-12-14 06:48:05.621346,denied,844
CC201018,APP100549,2025-12-05 18:27:19.687482,approved,694
CC201019,APP100608,2025-09-24 20:49:45.635912,approved,494
CC201020,APP100653,2025-08-03 19:40:12.724228,denied,497
CC201021,APP100936,2025-10-13 03:38:52.842045,denied,838
CC201022,APP100087,2025-10-28 10:59:32.576265,approved,554
CC201023,APP100111,2025-09-10 17:25:41.374350,approved,483
CC201024,APP100787,2025-10-20 03:37:06.065653,denied,725
CC201025,APP100254,2026-01-19 22:24:33.577105,approved,408
CC201026,APP100673,2025-09-06 18:28:25.344598,denied,666
CC201027,APP100680,2025-09-22 15:02:15.384308,manual_review,769
CC201028,APP100363,2025-08-18 15:36:47.873991,approved,737
CC201029,APP100170,2025-12-20 10:18:45.467915,denied,406
CC201030,APP100662,2025-12-19 02:43:20.527287,approved,470
CC201031,APP100627,2026-01-13 01:22:14.104825,approved,484
CC201032,APP100045,2025-10-18 15:42:23.020672,approved,711
CC201033,APP100576,2025-08-02 14:06:43.073157,approved,816
CC201034,APP100660,2025-10-25 19:26:26.347576,approved,645
CC201035,APP100693,2025-10-29 00:14:23.373696,denied,461
CC201036,APP100662,2025-09-01 23:58:29.181635,denied,846
CC201037,APP100409,2026-01-14 22:46:47.881210,approved,753
CC201038,APP100990,2025-12-10 18:27:35.102859,approved,660
CC201039,APP100770,2025-11-02 08:20:27.880808,denied,622
CC201040,APP100339,2025-12-18 16:45:16.746574,approved,632
CC201041,APP100988,2025-08-24 08:47:27.354288,approved,680
CC201042,APP100815,2026-01-05 09:51:51.550906,denied,722
CC201043,APP100440,2025-12-27 06:33:49.303168,manual_review,740
CC201044,APP100108,2026-01-17 14:18:47.905565,denied,631
CC201045,APP100010,2025-11-30 12:23:00.769439,approved,546
CC201046,APP100100,2025-08-22 10:04:44.266361,manual_review,519
CC201047,APP100264,2025-12-09 07:42:14.083309,approved,684
CC201048,APP100227,2025-10-21 12:34:15.244578,approved,560
CC201049,APP100522,2025-12-07 07:35:57.681665,approved,668
CC201050,APP100764,2025-11-02 02:40:29.856478,denied,763
CC201051,APP100531,2025-07-29 18:08:57.057137,denied,758
CC201052,APP100571,2026-01-16 13:12:06.160306,denied,706
CC201053,APP100594,2025-12-02 10:01:23.133065,denied,300
CC201054,APP100704,2025-11-15 08:22:26.244323,denied,335
CC201055,APP100589,2025-08-14 00:31:37.694201,denied,591
CC201056,APP100226,2025-10-22 21:43:26.347310,denied,316
CC201057,APP100456,2025-08-06 11:45:11.607938,approved,830
CC201058,APP100383,2025-11-01 18:52:16.235961,approved,438
CC201059,APP100400,2025-11-27 06:04:28.595884,denied,609
CC201060,APP100474,2025-09-24 11:54:54.766418,approved,306
CC201061,APP100790,2025-11-12 06:30:15.223508,approved,607
CC201062,APP100695,2025-09-24 10:25:22.942109,denied,527
CC201063,APP100602,2026-01-09 03:40:14.666999,approved,519
CC201064,APP100707,2025-09-26 01:00:27.767667,denied,622
CC201065,APP100512,2025-09-02 10:16:53.560478,approved,322
CC201066,APP100154,2025-09-17 21:41:03.705930,denied,582
CC201067,APP100353,2025-09-25 17:21:55.709477,denied,823
CC201068,APP100025,2025-10-18 03:57:59.724267,approved,458
CC201069,APP100494,2025-08-19 15:32:45.973915,manual_review,396
CC201070,APP100107,2025-08-25 11:24:01.122781,denied,338
CC201071,APP100302,2025-09-17 08:22:49.756332,approved,771
CC201072,APP100425,2025-07-31 19:22:25.191975,denied,664
CC201073,APP100942,2025-11-20 14:55:29.838663,denied,459
CC201074,APP100984,2025-10-31 14:05:30.779567,approved,441
CC201075,APP100087,2025-09-05 00:14:44.549505,denied,571
CC201076,APP100118,2025-10-01 11:00:17.629462,approved,675
CC201077,APP100851,2025-09-25 14:25:45.734658,denied,555
CC201078,APP100963,2025-08-24 01:06:53.841395,denied,538
CC201079,APP100747,2025-12-05 14:25:33.319719,approved,562
CC201080,APP100145,2025-09-19 02:54:36.524068,denied,607
CC201081,APP100356,2025-09-12 01:08:51.094239,denied,394
CC201082,APP100319,2025-08-11 02:36:30.669511,denied,709
CC201083,APP100351,2025-11-18 20:10:08.016984,approved,522
CC201084,APP100466,2025-09-29 07:52:15.417881,manual_review,379
CC201085,APP100803,2025-10-18 15:08:52.695294,approved,632
CC201086,APP100211,2025-08-21 22:24:24.455224,approved,794
CC201087,APP100533,2025-10-23 14:46:05.940846,approved,477
CC201088,APP100494,2025-11-30 06:59:24.221446,approved,799
CC201089,APP100356,2025-08-17 11:46:23.785289,denied,397
CC201090,APP100487,2025-08-07 21:34:48.904282,approved,607
CC201091,APP100099,2025-10-15 11:16:21.831051,approved,338
CC201092,APP100448,2025-08-30 22:23:20.033494,approved,690
CC201093,APP100739,2025-11-15 16:28:18.972985,approved,380
CC201094,APP100713,2025-11-15 01:36:41.345043,approved,357
CC201095,APP100463,2025-12-29 20:32:46.201890,approved,642
CC201096,APP100326,2025-12-04 16:23:52.972119,denied,656
CC201097,APP100068,2025-11-19 09:38:54.712380,approved,744
CC201098,APP100307,2025-09-24 11:44:16.495739,approved,726
CC201099,APP100045,2025-12-26 09:49:25.605936,approved,423
CC201100,APP100829,2025-12-07 04:09:38.130334,approved,532
CC201101,APP100727,2025-11-29 10:33:47.131763,approved,311
CC201102,APP100117,2025-11-04 03:52:10.005603,approved,691
CC201103,APP100023,2026-01-24 03:46:45.196962,manual_review,355
CC201104,APP100869,2025-12-15 01:21:38.892538,denied,612
CC201105,APP100351,2025-10-22 16:30:38.603515,approved,836
CC201106,APP100663,2025-08-22 06:00:28.649273,approved,342
CC201107,APP100111,2025-12-25 13:33:00.339481,approved,626
CC201108,APP100693,2026-01-14 05:20:48.515860,approved,453
CC201109,APP100819,2025-10-23 03:54:23.033371,denied,634
CC201110,APP100168,2025-10-20 19:51:34.912863,denied,814
CC201111,APP100952,2025-12-01 22:39:17.052266,manual_review,526
CC201112,APP100758,2025-12-06 16:18:48.324889,denied,456
CC201113,APP100249,2025-10-22 15:11:28.419573,denied,351
CC201114,APP100528,2025-09-09 15:09:41.930993,approved,702
CC201115,APP100178,2025-09-08 04:16:34.710589,denied,756
CC201116,APP100565,2026-01-03 10:36:04.174124,approved,816
CC201117,APP100163,2025-11-19 12:24:58.526240,approved,392
CC201118,APP100338,2026-01-12 23:11:48.741894,denied,527
CC201119,APP100573,2025-10-09 03:24:42.017300,denied,742
CC201120,APP100436,2025-12-04 17:29:53.400120,denied,596
CC201121,APP100981,2025-11-28 09:26:15.401332,approved,703
CC201122,APP100473,2025-12-21 03:14:48.362036,denied,451
CC201123,APP100237,2026-01-07 08:41:44.085288,approved,435
CC201124,APP100816,2025-10-20 09:41:52.897061,denied,644
CC201125,APP100414,2025-08-03 13:38:47.068251,approved,384
CC201126,APP100644,2025-10-24 11:04:35.553914,approved,787
CC201127,APP100188,2025-10-01 15:57:45.590905,approved,350
CC201128,APP100190,2025-10-21 20:50:35.790867,denied,708
CC201129,APP100655,2025-08-29 10:15:34.638649,approved,568
CC201130,APP100673,2025-12-17 07:13:47.025126,approved,387
CC201131,APP100442,2025-11-17 05:12:29.023223,denied,708
CC201132,APP100405,2025-08-21 10:34:18.886039,denied,813
CC201133,APP100029,2025-08-16 22:32:55.106608,approved,744
CC201134,APP100755,2025-12-26 10:18:48.859437,approved,433
CC201135,APP100628,2025-12-22 14:28:56.377799,approved,438
CC201136,APP100904,2025-09-26 23:02:26.592592,denied,792
CC201137,APP100202,2025-11-25 11:58:38.779954,approved,502
CC201138,APP100460,2025-12-21 19:22:30.104449,denied,799
CC201139,APP100606,2025-11-04 00:36:15.908902,denied,704
CC201140,APP100439,2025-10-10 18:00:19.989533,approved,500
CC201141,APP100398,2025-10-13 01:45:34.039527,approved,836
CC201142,APP100004,2025-11-20 05:46:59.838206,approved,552
CC201143,APP100721,2025-11-06 19:44:34.297095,approved,548
CC201144,APP100219,2026-01-24 04:42:21.186248,denied,373
CC201145,APP100210,2025-10-07 14:56:00.535054,approved,572
CC201146,APP100285,2025-09-29 16:35:37.401069,denied,740
CC201147,APP100770,2025-12-25 18:15:06.310084,approved,631
CC201148,APP100720,2025-11-14 17:43:27.836293,approved,391
CC201149,APP100828,2025-12-20 07:31:49.874670,denied,415
CC201150,APP100815,2025-10-17 02:31:19.108665,approved,723
CC201151,APP100064,2025-12-20 20:50:06.068135,denied,733
CC201152,APP100591,2025-11-06 04:37:50.530521,denied,674
CC201153,APP100104,2025-09-10 10:51:26.904046,approved,656
CC201154,APP100818,2025-11-27 22:05:44.615712,denied,495
CC201155,APP100892,2025-08-12 07:58:54.054594,approved,628
CC201156,APP100549,2026-01-16 06:41:31.747493,approved,652
CC201157,APP100191,2025-11-11 15:36:55.771984,approved,324
CC201158,APP100374,2025-10-26 12:57:33.960608,manual_review,612
CC201159,APP100333,2025-11-14 22:59:32.656281,approved,473
CC201160,APP100201,2025-10-22 04:12:13.125317,denied,658
CC201161,APP100468,2025-11-08 03:16:02.238816,approved,752
CC201162,APP100116,2025-12-27 06:03:13.676468,approved,449
CC201163,APP100268,2025-08-30 09:59:03.817385,approved,751
CC201164,APP100686,2026-01-20 21:10:52.677154,manual_review,345
CC201165,APP100883,2025-08-10 19:23:14.335464,denied,539
CC201166,APP100501,2025-08-18 00:12:58.690853,manual_review,504
CC201167,APP100540,2025-12-25 18:55:07.087587,denied,682
CC201168,APP100989,2025-12-17 22:15:08.499934,approved,459
CC201169,APP100654,2025-10-06 17:16:15.725998,denied,387
CC201170,APP100320,2025-10-27 22:48:26.535251,approved,415
CC201171,APP100611,2025-11-27 11:17:15.273014,denied,355
CC201172,APP100397,2025-08-14 15:47:37.497623,denied,548
CC201173,APP100625,2025-12-26 08:01:13.199132,approved,451
CC201174,APP100401,2026-01-08 06:08:49.003841,denied,594
CC201175,APP100601,2026-01-11 04:46:42.660532,approved,314
CC201176,APP100116,2025-11-23 01:09:45.119612,denied,651
CC201177,APP100356,2025-07-29 00:48:50.570821,denied,413
CC201178,APP100360,2025-08-24 23:56:20.988580,approved,612
CC201179,APP100865,2025-08-25 10:56:23.145771,approved,760
CC201180,APP100468,2025-11-03 18:01:32.541127,approved,782
CC201181,APP100632,2025-10-08 18:09:48.339285,approved,323
CC201182,APP100176,2025-11-12 08:08:42.461450,denied,639
CC201183,APP100833,2025-09-03 00:03:49.660934,approved,514
CC201184,APP100689,2025-12-01 09:34:41.288697,denied,850
CC201185,APP100722,2025-09-25 06:05:43.869807,denied,516
CC201186,APP100819,2025-11-10 22:20:26.221521,approved,508
CC201187,APP100304,2026-01-13 00:42:36.126977,denied,835
CC201188,APP100940,2025-09-23 00:53:36.194990,approved,564
CC201189,APP100629,2026-01-18 13:45:35.430274,approved,794
CC201190,APP100604,2025-10-16 23:45:16.485548,denied,444
CC201191,APP100086,2026-01-25 19:04:28.633135,approved,318
CC201192,APP100688,2025-09-30 08:16:21.325144,approved,685
CC201193,APP100137,2025-08-14 10:17:35.443167,approved,839
CC201194,APP100320,2025-07-30 11:51:16.627109,denied,344
CC201195,APP100120,2026-01-26 12:02:16.799044,denied,561
CC201196,APP100244,2025-10-11 08:56:08.841626,manual_review,474
CC201197,APP100312,2025-08-21 11:17:09.449540,approved,361
CC201198,APP100119,2025-09-21 03:07:10.096389,denied,590
CC201199,APP100187,2025-10-04 22:29:17.872880,manual_review,505
