loan_id,application_id,amount,funded_date,term_months
LN300000,APP100808,18713,2025-11-06 23:52:36.347669,48
LN300001,APP100713,15537,2025-08-07 18:36:36.742158,48
LN300002,APP100632,2662,2025-12-05 10:00:42.528492,12
LN300003,APP100277,5262,2025-12-27 00:26:47.401995,12
LN300004,APP100054,1950,2025-10-03 02:25:27.438759,36
LN300005,APP100476,16425,2026-01-03 11:16:13.655558,12
LN300006,APP100670,23134,2026-01-04 06:50:28.594468,36
LN300007,APP100967,2653,2025-09-10 06:49:30.031566,12
LN300008,APP100008,4471,2025-12-05 05:00:42.595576,48
LN300009,APP100068,13569,2025-10-09 13:05:20.102359,12
LN300010,APP100397,2762,2025-09-25 12:51:00.717394,24
LN300011,APP100676,3821,2025-10-07 10:23:56.180906,48
LN300012,APP100996,14974,2025-10-07 04:59:28.460703,24
LN300013,APP100678,13842,2025-11-06 07:14:40.443604,24
LN300014,APP100872,6864,2025-11-27 21:32:42.238824,12
LN300015,APP100934,24090,2025-10-24 09:01:55.774605,12
LN300016,APP100675,20533,2025-09-01 15:12:34.981025,24
LN300017,APP100368,20423,2025-10-07 18:22:18.389150,48
LN300018,APP100885,21626,2026-01-15 02:30:45.723484,12
LN300019,APP100110,23614,2025-12-30 13:16:30.808507,48
LN300020,APP100019,23916,2025-08-26 09:14:39.683712,12
LN300021,APP100299,15609,2026-01-28 12:45:57.189363,24
LN300022,APP100888,21195,2025-11-29 07:00:42.543977,24
LN300023,APP100904,12653,2025-08-22 16:58:09.159623,12
LN300024,APP100664,11238,2025-08-11 04:49:49.154558,24
LN300025,APP100395,11889,2025-07-31 21:21:56.311344,12
LN300026,APP100236,7492,2025-12-08 17:26:02.580398,36
LN300027,APP100389,24360,2025-10-26 13:16:23.174052,12
LN300028,APP100520,22983,2025-10-17 08:37:20.176289,48
LN300029,APP100726,18481,2026-01-27 04:48:03.985580,24
LN300030,APP100101,3573,2025-08-13 13:52:25.571940,12
LN300031,APP100925,16259,2025-11-24 04:08:40.720385,12
LN300032,APP100323,19605,2025-10-13 12:25:03.860694,12
LN300033,APP100496,5318,2025-10-20 21:49:21.135848,48
LN300034,APP100887,4044,2025-12-21 03:54:28.521850,24
LN300035,APP100611,23891,2025-11-17 05:09:38.621049,12
LN300036,APP100544,16344,2025-10-15 07:54:34.627883,24
LN300037,APP100090,4187,2025-08-31 01:59:06.782146,48
LN300038,APP100190,15928,2025-10-30 17:34:34.543644,36
LN300039,APP100203,11170,2025-11-07 13:51:10.562985,48
LN300040,APP100512,23428,2025-10-19 19:24:07.590429,36
LN300041,APP100468,22116,2025-10-02 09:02:12.228314,12
LN300042,APP100574,24272,2025-09-01 04:27:11.537205,24
LN300043,APP100948,16250,2025-11-17 05:47:43.815615,36
LN300044,APP100729,16418,2025-11-12 08:10:35.109969,24
LN300045,APP100022,8592,2025-12-31 19:29:09.468784,12
LN300046,APP100040,8333,2025-09-10 13:29:16.279799,24
LN300047,APP100253,5709,2025-10-29 07:38:03.849183,36
LN300048,APP100944,21215,2025-10-12 14:15:35.226516,12
LN300049,APP100542,9455,2025-11-06 11:52:12.740767,12
LN300050,APP100312,12909,2025-10-04 12:32:22.673450,36
LN300051,APP100341,13847,2026-01-24 23:52:44.085868,24
LN300052,APP100501,7008,2025-11-10 12:56:54.726469,48
LN300053,APP100402,23924,2025-12-05 16:45:40.708520,24
LN300054,APP100762,22796,2025-08-18 19:44:01.882390,36
LN300055,APP100160,11824,2025-10-25 14:26:57.569206,24
LN300056,APP100018,11641,2025-12-03 01:14:09.317878,48
LN300057,APP100355,15853,2025-08-24 03:27:29.920548,24
LN300058,APP100700,16974,2025-12-10 13:23:26.506329,12
LN300059,APP100360,1991,2026-01-25 23:29:07.070438,24
LN300060,APP100363,3141,2026-01-25 23:52:46.400168,12
LN300061,APP100640,16575,2025-12-19 07:29:20.806755,48
LN300062,APP100309,4699,2025-10-22 13:09:31.757131,24
LN300063,APP100241,12516,2025-08-12 09:29:02.407800,12
LN300064,APP100513,16684,2026-01-08 17:52:00.307894,48
LN300065,APP100282,16113,2025-08-14 06:34:44.705408,12
LN300066,APP100831,6596,2025-10-23 22:20:46.116570,12
LN300067,APP100063,10249,2025-12-12 11:17:09.113041,12
LN300068,APP100938,12423,2026-01-21 17:10:30.660109,24
LN300069,APP100263,20806,2025-08-12 08:48:35.105783,12
LN300070,APP100899,19831,2025-11-22 14:21:53.009041,36
LN300071,APP100396,5174,2025-12-22 20:24:06.590414,48
LN300072,APP100911,17644,2025-09-24 11:59:55.571651,48
LN300073,APP100834,4372,2025-08-07 17:03:04.268785,24
LN300074,APP100030,14293,2025-09-30 05:05:59.608127,24
LN300075,APP100568,24405,2025-12-19 05:58:32.953510,24
LN300076,APP100286,4505,2025-10-23 06:31:28.799277,36
LN300077,APP100230,11678,2025-10-31 07:55:13.063747,48
LN300078,APP100155,19223,2025-10-23 08:07:48.876921,48
LN300079,APP100349,22281,2025-12-11 00:31:30.149473,24
LN300080,APP100918,3324,2025-10-14 11:12:25.665009,24
LN300081,APP100946,10899,2026-01-21 17:55:37.314260,12
LN300082,APP100672,18457,2025-12-22 20:57:13.494178,24
LN300083,APP100140,16105,2025-09-20 05:08:40.146946,48
LN300084,APP100089,14133,2025-08-04 12:00:02.435804,12
LN300085,APP100747,20350,2026-01-14 19:22:10.930544,36
LN300086,APP100391,14547,2025-12-13 21:27:43.321462,36
LN300087,APP100533,8817,2025-12-09 18:18:25.521869,48
LN300088,APP100694,21344,2025-11-09 17:19:36.850268,12
LN300089,APP100627,8985,2025-08-09 07:13:15.031508,24
LN300090,APP100893,18955,2025-10-24 01:28:36.872792,24
LN300091,APP100931,6210,2025-08-29 02:39:14.140996,12
LN300092,APP100702,16806,2025-08-07 11:57:12.280459,12
LN300093,APP100232,13576,2026-01-27 05:27:03.911701,36
LN300094,APP100427,3164,2025-12-24 20:05:01.547034,24
LN300095,APP100246,12164,2025-11-20 20:59:02.026320,48
LN300096,APP100586,7823,2025-09-19 18:34:40.546958,24
LN300097,APP100156,23742,2025-08-13 04:21:53.627959,36
LN300098,APP100436,20364,2025-10-30 00:42:44.707323,12
LN300099,APP100319,15127,2026-01-01 15:58:56.102622,24
LN300100,APP100619,15265,2025-09-18 02:58:49.034142,12
LN300101,APP100337,19586,2025-08-22 09:17:28.235590,24
LN300102,APP100459,12213,2025-09-18 16:46:19.377920,48
LN300103,APP100555,18843,2026-01-02 20:18:09.446749,48
LN300104,APP100134,23745,2025-07-31 14:43:13.772779,24
LN300105,APP100211,8738,2025-08-18 12:36:07.809672,24
LN300106,APP100668,6671,2025-08-30 03:05:41.104544,12
LN300107,APP100141,22712,2025-11-14 21:15:24.746685,12
LN300108,APP100594,22941,2025-08-25 19:24:53.528621,36
LN300109,APP100554,3552,2025-10-19 04:25:13.398480,36
LN300110,APP100941,24327,2025-12-24 15:25:28.174386,24
LN300111,APP100819,19815,2025-09-15 01:41:29.141455,48
LN300112,APP100207,16945,2025-12-04 22:37:18.614212,36
LN300113,APP100883,4746,2025-10-26 05:24:00.564209,36
LN300114,APP100892,20404,2025-12-23 02:01:36.409132,48
LN300115,APP100316,20532,2026-01-03 14:39:20.571012,12
LN300116,APP100705,16168,2025-09-30 02:01:00.290739,12
LN300117,APP100722,11661,2025-08-13 12:43:00.741257,12
LN300118,APP100536,19189,2025-08-24 16:37:48.834845,24
LN300119,APP100138,4199,2026-01-16 20:17:14.029253,24
LN300120,APP100440,15588,2025-08-26 08:43:39.785721,12
LN300121,APP100788,6772,2025-10-28 06:06:27.305730,48
LN300122,APP100148,11093,2026-01-27 19:40:26.032722,12
LN300123,APP100671,14297,2025-12-17 17:56:38.964681,12
LN300124,APP100578,3280,2025-09-10 18:46:33.207984,24
LN300125,APP100161,20603,2025-10-17 23:51:25.189408,48
LN300126,APP100325,4563,2025-11-23 07:31:47.018067,36
LN300127,APP100069,23462,2025-09-05 19:08:36.228445,48
LN300128,APP100570,20543,2025-12-11 02:56:19.197269,24
LN300129,APP100545,13416,2025-09-30 11:51:15.757739,36
LN300130,APP100736,11728,2025-11-24 04:13:30.020674,24
LN300131,APP100121,17197,2025-12-15 00:13:01.348596,12
LN300132,APP100188,22135,2025-08-19 08:13:52.007717,36
LN300133,APP100873,22632,2025-08-28 20:07:24.067412,24
LN300134,APP100859,3014,2025-10-10 08:51:25.376118,12
LN300135,APP100149,3966,2025-09-22 10:50:14.085152,24
LN300136,APP100744,8130,2025-12-13 07:00:02.910397,48
LN300137,APP100968,5552,2025-12-14 10:43:17.036905,24
LN300138,APP100783,20030,2025-11-03 23:36:43.184720,48
LN300139,APP100326,21844,2025-10-06 21:12:01.105091,24
LN300140,APP100423,1006,2025-12-05 19:57:50.634124,12
LN300141,APP100421,5807,2025-10-24 07:47:15.319155,48
LN300142,APP100310,22655,2025-08-24 16:58:53.952600,48
LN300143,APP100453,5889,2026-01-05 03:08:47.333445,12
LN300144,APP100763,15843,2025-07-31 04:23:13.866222,48
LN300145,APP100841,18408,2026-01-15 14:36:52.830187,24
LN300146,APP100652,10551,2025-10-19 13:59:30.746083,24
LN300147,APP100756,13778,2025-11-30 20:13:36.759308,48
LN300148,APP100280,21171,2026-01-21 23:08:39.062097,24
LN300149,APP100921,19937,2025-12-01 15:34:54.440383,48
LN300150,APP100797,15652,2025-08-05 13:08:01.636708,36
LN300151,APP100192,7411,2026-01-13 20:37:00.533740,24
LN300152,APP100109,7739,2025-11-23 06:51:54.186998,48
LN300153,APP100895,23331,2026-01-20 22:30:25.287871,24
LN300154,APP100189,11374,2025-10-16 10:45:59.183905,36
LN300155,APP100026,10821,2026-01-13 22:04:24.760195,36
LN300156,APP100780,19686,2026-01-02 22:29:55.150238,24
LN300157,APP100626,23267,2025-09-28 15:12:57.843451,36
LN300158,APP100631,10979,2025-09-16 03:27:35.259178,24
LN300159,APP100273,15245,2025-08-16 01:59:25.071405,12
LN300160,APP100620,24520,2025-11-26 09:34:47.753062,12
LN300161,APP100580,12280,2025-10-08 23:20:06.073637,36
LN300162,APP100910,3925,2025-12-18 06:14:05.580932,24
LN300163,APP100973,20094,2025-12-13 19:59:07.678787,12
LN300164,APP100610,1266,2025-12-11 02:43:41.594285,48
LN300165,APP100237,21037,2025-11-14 07:48:23.290268,48
LN300166,APP100836,17725,2025-09-02 20:47:30.563982,48
LN300167,APP100703,14244,2025-09-29 01:59:15.213139,24
LN300168,APP100844,5179,2025-12-03 00:16:08.761594,36
LN300169,APP100367,10639,2025-08-31 02:30:42.973049,24
LN300170,APP100081,3045,2025-11-06 18:15:25.360788,36
LN300171,APP100704,13098,2025-11-29 19:05:34.845402,24
LN300172,APP100798,18985,2025-12-29 00:44:26.992416,24
LN300173,APP100488,2740,2025-07-31 04:49:17.727887,24
LN300174,APP100137,1027,2025-08-15 23:26:15.798643,12
LN300175,APP100514,24047,2025-08-17 02:51:16.450480,48
LN300176,APP100929,19351,2025-10-19 01:16:50.771807,48
LN300177,APP100480,12771,2025-09-07 08:56:32.979885,24
LN300178,APP100955,4594,2025-09-19 03:02:22.690740,48
LN300179,APP100665,10247,2025-09-02 12:38:21.159122,48
LN300180,APP100382,2021,2025-08-02 08:39:40.637292,36
LN300181,APP100867,8708,2025-08-14 22:00:45.733895,12
LN300182,APP100928,15146,2026-01-17 16:26:24.523766,48
LN300183,APP100503,24010,2025-11-26 19:34:11.891928,24
LN300184,APP100485,20338,2025-12-29 17:23:15.177774,24
LN300185,APP100916,13919,2026-01-19 21:21:33.278545,36
LN300186,APP100167,21487,2025-11-23 09:46:26.475111,48
LN300187,APP100197,11424,2025-12-06 06:51:34.802435,24
LN300188,APP100231,24323,2025-08-20 01:49:08.100404,24
LN300189,APP100033,13543,2026-01-02 14:02:33.648474,12
LN300190,APP100418,14304,2025-08-21 21:40:13.548559,48
LN300191,APP100782,13503,2025-11-26 18:38:19.252578,12
LN300192,APP100015,15260,2026-01-10 13:56:45.967207,12
LN300193,APP100276,18862,2025-11-10 03:45:35.423048,48
LN300194,APP100422,7921,2026-01-22 23:00:10.391949,12
LN300195,APP100227,22708,2026-01-09 20:44:35.518767,48
LN300196,APP100760,6682,2025-12-04 00:00:23.206411,48
LN300197,APP100687,16560,2025-09-13 14:43:50.242525,48
LN300198,APP100965,5557,2025-10-22 22:04:32.985488,12
LN300199,APP100775,7167,2026-01-17 06:10:47.915653,48
LN300200,APP100209,19200,2025-11-23 12:51:17.001493,48
LN300201,APP100067,13602,2026-01-14 18:37:22.245493,24
LN300202,APP100181,12805,2025-09-17 20:30:35.317759,12
LN300203,APP100449,14671,2025-10-15 13:33:31.282133,12
LN300204,APP100854,6055,2026-01-11 05:22:36.597055,48
LN300205,APP100947,10452,2025-12-17 15:47:32.382325,24
LN300206,APP100828,22956,2025-09-26 12:09:09.461900,24
LN300207,APP100332,5113,2025-08-27 19:14:31.184699,36
LN300208,APP100958,5400,2025-08-11 14:46:15.661696,36
LN300209,APP100252,1380,2025-12-18 23:41:59.555233,24
LN300210,APP100437,3350,2025-10-07 10:26:25.421241,12
LN300211,APP100414,22246,2025-09-28 05:00:11.945436,12
LN300212,APP100042,1514,2025-08-09 01:13:08.359712,48
LN300213,APP100622,5718,2026-01-20 19:57:17.163877,36
LN300214,APP100752,24636,2025-09-15 16:45:35.958384,24
LN300215,APP100972,16948,2025-10-18 01:34:42.461566,48
LN300216,APP100737,22558,2025-10-27 11:26:36.271557,12
LN300217,APP100320,15310,2026-01-15 20:38:13.534778,48
LN300218,APP100403,5449,2025-11-18 07:05:35.246244,48
LN300219,APP100842,3774,2025-08-30 20:00:02.242822,24
LN300220,APP100803,5496,2025-10-27 12:55:30.044429,48
LN300221,APP100585,22045,2025-08-24 11:20:29.051348,24
LN300222,APP100608,14626,2025-12-17 10:36:41.543009,36
LN300223,APP100549,15943,2025-09-07 04:23:41.193747,48
LN300224,APP100537,23786,2025-11-24 08:58:52.843205,12
LN300225,APP100656,20805,2026-01-12 22:04:56.381039,12
LN300226,APP100721,14949,2025-12-07 15:12:28.091476,48
LN300227,APP100039,21422,2025-08-17 00:06:57.254572,36
LN300228,APP100912,6891,2025-08-11 10:00:45.096917,12
LN300229,APP100111,15889,2025-11-11 03:03:27.274590,36
LN300230,APP100462,17692,2025-09-13 02:38:00.537923,48
LN300231,APP100467,14897,2025-10-19 01:00:54.515009,36
LN300232,APP100043,19089,2026-01-09 22:59:55.417227,24
LN300233,APP100251,15747,2025-08-25 09:20:25.729261,12
LN300234,APP100531,13606,2025-11-23 19:43:13.976887,36
LN300235,APP100550,12642,2026-01-16 15:39:31.259212,12
LN300236,APP100405,8397,2025-11-28 06:53:57.746332,36
LN300237,APP100785,7088,2025-09-16 00:35:00.602178,12
LN300238,APP100953,14918,2025-12-04 19:26:37.537007,12
LN300239,APP100571,20810,2026-01-11 10:47:27.858814,48
LN300240,APP100817,1243,2025-11-11 17:36:40.865803,36
LN300241,APP100528,19937,2025-10-31 19:55:52.827916,48
LN300242,APP100645,17323,2026-01-17 22:38:50.277783,12
LN300243,APP100050,24950,2025-10-27 06:50:25.686250,36
LN300244,APP100194,8757,2025-10-17 05:37:50.374266,36
LN300245,APP100298,24335,2025-12-31 07:19:15.825604,24
LN300246,APP100450,17440,2025-12-19 16:37:04.638829,12
LN300247,APP100407,9822,2025-12-20 12:14:44.194857,24
LN300248,APP100311,14462,2025-11-05 09:12:30.291682,24
LN300249,APP100292,18896,2025-07-29 14:36:19.091020,36
LN300250,APP100472,19885,2026-01-20 13:33:00.027395,24
LN300251,APP100170,13024,2025-12-26 12:11:05.740256,12
LN300252,APP100432,2096,2025-10-25 16:48:17.872976,48
LN300253,APP100301,2240,2025-11-10 08:56:56.394315,24
LN300254,APP100837,19617,2026-01-17 01:08:46.680142,24
LN300255,APP100055,16835,2025-10-03 00:58:59.988912,36
LN300256,APP100706,24097,2025-12-01 10:59:11.790439,36
LN300257,APP100529,13077,2025-10-10 17:06:53.820319,36
LN300258,APP100145,4708,2025-11-22 08:06:55.718869,48
LN300259,APP100474,20014,2026-01-21 10:09:58.623816,36
LN300260,APP100661,16778,2025-08-14 16:23:07.298944,12
LN300261,APP100769,23626,2025-11-04 08:54:35.012193,12
LN300262,APP100092,3623,2026-01-21 19:26:49.578548,36
LN300263,APP100959,5655,2025-08-12 19:17:49.780040,36
LN300264,APP100115,24926,2025-10-21 13:46:02.590264,48
LN300265,APP100184,24963,2025-12-17 00:53:59.006436,48
LN300266,APP100599,18249,2025-11-25 04:39:07.189548,12
LN300267,APP100712,10156,2025-08-30 11:56:47.157770,48
LN300268,APP100559,16235,2025-08-05 05:41:11.408429,36
LN300269,APP100880,17939,2025-10-07 16:28:00.442298,48
LN300270,APP100919,3563,2025-09-02 03:28:11.850967,36
LN300271,APP100865,18149,2025-12-04 01:00:58.112384,12
LN300272,APP100331,20990,2026-01-09 22:46:13.590146,24
LN300273,APP100461,3898,2025-11-22 00:48:17.732500,48
LN300274,APP100025,9035,2025-10-03 02:29:49.605163,12
LN300275,APP100183,16481,2025-08-13 14:45:09.836334,12
LN300276,APP100464,21665,2025-11-22 10:24:22.479780,48
LN300277,APP100604,22749,2025-12-11 07:11:29.732105,24
LN300278,APP100206,22912,2025-08-23 17:59:17.070001,36
LN300279,APP100465,3558,2025-09-02 12:41:50.808134,12
LN300280,APP100861,23415,2025-12-08 10:22:03.278762,12
LN300281,APP100256,21764,2025-11-15 02:26:49.243793,24
LN300282,APP100727,18668,2025-10-27 00:27:03.394475,36
LN300283,APP100708,19993,2025-08-09 14:10:31.648119,12
LN300284,APP100975,11239,2025-11-05 11:04:40.225860,24
LN300285,APP100813,21088,2025-09-23 14:56:22.432042,48
LN300286,APP100126,2729,2025-11-04 05:52:45.287444,24
LN300287,APP100093,12257,2025-12-29 12:02:57.446387,24
LN300288,APP100116,18531,2025-10-19 16:08:27.375573,12
LN300289,APP100460,1353,2026-01-28 05:36:04.684524,36
LN300290,APP100649,16363,2025-08-04 19:34:49.708461,48
LN300291,APP100371,15877,2025-08-08 07:32:11.273408,24
LN300292,APP100087,17798,2025-12-20 22:49:47.988996,48
LN300293,APP100881,16375,2025-08-05 21:04:08.327030,36
LN300294,APP100393,19807,2025-08-19 17:54:51.379633,48
LN300295,APP100523,11863,2025-12-24 12:10:11.873444,48
LN300296,APP100843,14795,2025-11-28 18:52:09.491779,12
LN300297,APP100163,12564,2025-10-21 08:09:48.710746,36
LN300298,APP100387,10654,2025-11-30 18:23:30.006026,24
LN300299,APP100563,10476,2026-01-05 20:42:42.535325,12
LN300300,APP100784,6488,2025-08-25 09:46:45.221785,12
LN300301,APP100044,2157,2025-11-12 14:23:26.396043,24
LN300302,APP100174,23775,2026-01-15 03:59:11.848933,36
LN300303,APP100343,20583,2025-08-04 18:51:06.405624,48
LN300304,APP100579,10963,2025-08-24 01:15:48.691293,36
LN300305,APP100983,24821,2025-11-26 07:19:12.080123,36
LN300306,APP100153,19471,2025-10-23 16:54:21.282226,48
LN300307,APP100166,9534,2026-01-13 21:58:20.059892,48
LN300308,APP100877,3012,2025-08-06 10:15:37.002889,48
LN300309,APP100724,21620,2025-12-05 00:55:36.185245,36
LN300310,APP100052,16504,2025-08-22 00:27:16.672768,24
LN300311,APP100429,19944,2025-08-29 16:39:05.844819,36
LN300312,APP100315,6540,2025-08-07 04:36:52.259254,24
LN300313,APP100884,19771,2025-09-23 13:12:06.015411,36
LN300314,APP100456,2691,2025-12-22 00:57:59.089817,24
LN300315,APP100295,22506,2025-10-20 22:30:40.184511,48
LN300316,APP100641,10560,2025-08-29 09:45:51.612807,36
LN300317,APP100185,21457,2025-11-14 18:02:37.077735,36
LN300318,APP100120,1894,2025-12-26 11:24:20.106020,12
LN300319,APP100846,10398,2025-08-17 13:33:30.889226,24
LN300320,APP100801,16884,2025-10-28 11:23:08.450524,36
LN300321,APP100003,3703,2025-12-23 01:09:28.014585,36
LN300322,APP100637,5155,2025-09-07 14:02:53.761404,48
LN300323,APP100259,17567,2025-12-24 00:28:00.453270,24
LN300324,APP100012,3518,2025-10-15 10:08:59.369104,24
LN300325,APP100469,10104,2025-12-25 07:40:36.722391,36
LN300326,APP100509,9259,2026-01-25 17:21:47.506800,24
LN300327,APP100510,5343,2025-11-30 19:48:17.458200,24
LN300328,APP100556,21178,2025-09-26 15:49:17.398227,24
LN300329,APP100005,10206,2026-01-24 13:22:04.936069,24
LN300330,APP100786,10018,2025-11-11 23:28:13.145370,24
LN300331,APP100505,9419,2025-08-23 06:26:47.900945,12
LN300332,APP100243,1465,2025-12-29 21:39:43.342376,12
LN300333,APP100222,4655,2025-12-21 22:20:13.108142,36
LN300334,APP100602,20786,2025-12-16 14:49:49.182722,24
LN300335,APP100487,6721,2025-11-15 03:03:52.118742,48
LN300336,APP100723,20391,2025-09-28 17:35:04.060986,36
LN300337,APP100419,5952,2025-08-20 05:12:43.494699,36
LN300338,APP100452,22599,2025-08-23 23:42:06.193321,24
LN300339,APP100829,15635,2025-10-13 09:19:17.384941,24
LN300340,APP100615,13116,2025-12-04 02:50:31.882424,12
LN300341,APP100614,6747,2025-11-07 19:50:54.726881,36
LN300342,APP100006,9560,2025-10-17 17:07:40.484753,36
LN300343,APP100250,23962,2026-01-15 07:46:59.315226,24
LN300344,APP100560,8739,2025-08-05 11:43:34.743008,36
LN300345,APP100284,16889,2025-08-16 09:27:28.902940,48
LN300346,APP100634,6924,2025-12-31 21:58:17.012824,24
LN300347,APP100643,18281,2025-11-18 16:32:30.074878,36
LN300348,APP100871,2084,2025-12-19 02:09:13.650659,12
LN300349,APP100212,12234,2025-07-31 21:01:24.674883,12
LN300350,APP100852,3765,2025-10-26 14:26:54.127756,48
LN300351,APP100845,5753,2025-07-30 04:02:23.060014,48
LN300352,APP100151,20514,2025-08-31 00:17:13.821894,24
LN300353,APP100056,6051,2025-08-14 09:38:51.777360,48
LN300354,APP100357,17251,2025-11-25 22:09:12.876607,36
LN300355,APP100037,14531,2026-01-08 04:37:02.160949,24
LN300356,APP100691,13555,2025-10-13 14:02:14.717878,12
LN300357,APP100810,8797,2025-12-24 13:31:49.883305,36
LN300358,APP100591,22648,2025-12-18 03:38:12.915078,36
LN300359,APP100617,15423,2025-12-03 09:27:15.800323,48
LN300360,APP100305,24789,2025-09-04 22:24:12.691051,36
LN300361,APP100339,21892,2025-11-23 17:28:13.107655,24
LN300362,APP100915,6481,2025-11-02 05:57:05.731222,48
LN300363,APP100709,7909,2025-10-12 19:31:49.184375,36
LN300364,APP100770,19931,2026-01-17 14:36:13.391036,12
LN300365,APP100426,12307,2025-11-18 08:08:08.728052,48
LN300366,APP100182,2780,2025-08-04 22:08:06.979539,12
LN300367,APP100165,22045,2025-08-31 02:52:55.423885,24
LN300368,APP100291,9663,2025-10-28 23:30:13.664643,12
LN300369,APP100625,4800,2026-01-19 20:30:58.504040,36
LN300370,APP100609,2721,2025-11-21 09:40:42.039346,12
LN300371,APP100903,6491,2025-12-19 23:53:11.982850,48
LN300372,APP100575,16204,2025-10-01 00:07:16.864293,24
LN300373,APP100849,14066,2025-07-29 20:10:52.688282,48
LN300374,APP100466,16605,2025-09-10 08:34:54.682917,36
LN300375,APP100592,10875,2025-08-19 14:54:52.362343,12
LN300376,APP100982,16606,2025-11-03 13:21:31.955106,36
LN300377,APP100036,18449,2025-08-15 14:32:23.652601,12
LN300378,APP100095,8656,2025-10-03 14:09:22.179900,24
LN300379,APP100306,13445,2025-12-16 01:08:32.296065,24
LN300380,APP100330,23397,2025-11-05 07:24:57.604786,36
LN300381,APP100377,24121,2025-09-07 08:19:24.262443,24
LN300382,APP100388,13781,2025-12-17 17:46:58.606383,12
LN300383,APP100985,16551,2025-11-27 07:35:19.433257,12
LN300384,APP100789,9605,2025-09-17 20:41:59.260589,48
LN300385,APP100889,5756,2025-09-02 15:27:47.063327,12
LN300386,APP100066,18381,2025-12-22 13:50:34.377988,48
LN300387,APP100978,15245,2025-12-02 02:02:11.110189,24
LN300388,APP100482,1388,2026-01-23 05:13:19.444014,48
LN300389,APP100825,10463,2025-10-24 07:00:25.562660,36
LN300390,APP100124,15706,2025-08-30 10:38:45.519030,12
LN300391,APP100281,13517,2025-11-29 07:20:59.556194,36
LN300392,APP100898,23232,2025-08-05 22:23:54.583960,48
LN300393,APP100539,11344,2025-11-24 15:42:19.635880,24
LN300394,APP100728,18375,2025-09-19 10:50:41.713363,48
LN300395,APP100800,23376,2025-10-16 23:30:35.900136,36
LN300396,APP100214,2344,2025-09-28 12:14:42.297524,48
LN300397,APP100603,4190,2025-12-24 03:33:31.056660,36
LN300398,APP100059,18409,2025-12-15 13:07:47.351991,12
LN300399,APP100635,21887,2025-08-05 23:17:24.012231,36
LN300400,APP100778,12594,2025-12-12 05:40:51.468005,36
LN300401,APP100541,15148,2026-01-15 04:11:15.729695,36
LN300402,APP100677,21004,2025-08-30 08:43:10.840368,36
LN300403,APP100495,22366,2025-12-20 12:43:57.906656,48
LN300404,APP100294,9932,2025-10-26 06:01:52.049438,12
LN300405,APP100659,11976,2025-08-19 08:32:36.302644,24
LN300406,APP100324,9858,2026-01-09 16:40:10.690903,48
LN300407,APP100265,9751,2025-12-08 17:42:57.613494,48
LN300408,APP100538,4220,2025-11-15 01:23:33.434035,48
LN300409,APP100588,9367,2025-09-26 23:29:37.464149,36
LN300410,APP100362,22441,2025-09-03 13:41:10.185841,24
LN300411,APP100132,20142,2025-11-30 12:58:51.033304,48
LN300412,APP100576,13817,2025-09-26 22:13:29.202932,48
LN300413,APP100508,16109,2025-12-19 07:57:17.394789,24
LN300414,APP100532,23127,2025-09-27 00:11:59.655505,12
LN300415,APP100673,8923,2025-08-16 01:03:04.373522,24
LN300416,APP100504,23016,2025-12-11 17:53:40.474667,24
LN300417,APP100734,20291,2026-01-05 01:25:04.489741,36
LN300418,APP100238,7387,2025-10-06 02:21:03.689525,48
LN300419,APP100297,18037,2025-09-07 14:26:48.266385,36
LN300420,APP100198,12056,2025-10-23 15:53:34.754742,12
LN300421,APP100001,23207,2025-10-26 03:08:40.104360,48
LN300422,APP100868,23619,2026-01-08 20:23:55.444579,12
LN300423,APP100024,6895,2025-08-24 16:03:38.365143,12
LN300424,APP100994,11265,2026-01-15 17:32:58.222362,48
LN300425,APP100681,18944,2025-10-20 17:14:22.895885,36
LN300426,APP100650,1346,2025-10-08 06:27:02.239100,48
LN300427,APP100424,23046,2025-08-23 02:21:46.000758,24
LN300428,APP100605,1277,2025-12-08 10:43:49.765429,48
LN300429,APP100046,3226,2025-11-22 07:00:18.908059,24
LN300430,APP100956,1391,2026-01-24 12:03:17.337814,24
LN300431,APP100358,14475,2025-09-04 04:57:47.857092,24
LN300432,APP100217,4201,2025-08-21 09:46:01.750399,48
LN300433,APP100011,18211,2025-12-03 08:48:06.113957,36
LN300434,APP100773,4404,2025-08-08 23:25:19.178058,48
LN300435,APP100288,23462,2025-08-23 02:47:26.236038,12
LN300436,APP100260,15612,2026-01-01 16:53:32.764758,36
LN300437,APP100616,12518,2025-10-21 09:05:04.317611,36
LN300438,APP100802,8189,2025-08-29 12:01:30.052637,48
LN300439,APP100307,24765,2025-09-30 05:13:53.948427,48
LN300440,APP100518,10283,2026-01-08 02:22:55.272616,24
LN300441,APP100717,9254,2025-11-17 01:39:23.400910,12
LN300442,APP100657,7326,2025-12-21 06:38:21.831136,12
LN300443,APP100711,2115,2025-11-23 09:24:16.302579,24
LN300444,APP100569,1776,2025-11-18 12:30:28.970406,36
LN300445,APP100920,21296,2025-08-29 06:26:06.351512,36
LN300446,APP100855,4012,2026-01-23 12:07:11.560375,48
LN300447,APP100029,2863,2026-01-02 07:41:51.936120,12
LN300448,APP100179,20468,2025-08-13 21:52:14.345181,36
LN300449,APP100695,22515,2026-01-02 16:23:46.106075,48
LN300450,APP100338,8104,2025-10-27 00:21:58.924985,24
LN300451,APP100346,20640,2026-01-28 04:51:13.370249,48
LN300452,APP100490,21908,2025-11-14 20:25:16.059501,24
LN300453,APP100815,4990,2025-12-30 00:08:36.743541,12
LN300454,APP100669,24202,2025-09-18 08:49:06.955492,12
LN300455,APP100139,4931,2025-12-10 07:45:30.256244,36
LN300456,APP100493,3830,2025-12-11 10:57:57.030732,48
LN300457,APP100159,20814,2025-09-12 09:13:29.445363,12
LN300458,APP100471,5256,2025-09-27 05:20:20.052274,36
LN300459,APP100696,13319,2025-11-12 14:55:35.056708,48
LN300460,APP100473,22508,2026-01-09 02:17:19.413064,48
LN300461,APP100779,22230,2025-11-14 21:15:48.697400,36
LN300462,APP100057,19548,2025-08-25 09:51:00.731018,48
LN300463,APP100771,7054,2025-11-11 13:27:45.597689,12
LN300464,APP100839,4632,2025-07-29 22:25:21.355521,36
LN300465,APP100992,23795,2026-01-25 08:29:33.814862,12
LN300466,APP100979,7037,2025-08-05 08:53:56.868206,36
LN300467,APP100213,9301,2025-10-23 14:24:07.257517,24
LN300468,APP100638,10652,2025-12-17 10:09:56.958946,12
LN300469,APP100589,16301,2025-08-04 04:28:06.125633,24
LN300470,APP100827,22642,2025-11-03 17:26:00.755896,36
LN300471,APP100152,3481,2025-10-25 04:27:12.247130,48
LN300472,APP100287,21931,2025-12-22 20:02:43.238072,24
LN300473,APP100031,15858,2025-12-27 02:49:20.900852,36
LN300474,APP100347,10056,2025-10-20 05:58:51.895365,24
LN300475,APP100384,14991,2025-09-11 06:05:55.503387,12
LN300476,APP100169,23682,2025-11-08 18:16:42.397663,36
LN300477,APP100398,22875,2025-07-31 06:51:35.749560,36
LN300478,APP100191,11597,2025-12-10 15:34:05.626928,48
LN300479,APP100119,9432,2026-01-19 18:54:29.098736,36
LN300480,APP100561,6307,2025-08-22 10:03:22.319635,12
LN300481,APP100322,3424,2025-09-21 10:12:37.911579,36
LN300482,APP100032,10086,2025-11-25 03:58:44.819059,36
LN300483,APP100278,3044,2025-08-14 16:39:41.377772,12
LN300484,APP100683,13543,2025-10-25 06:43:17.448057,24
LN300485,APP100088,13733,2025-09-23 02:09:30.367523,24
LN300486,APP100628,11900,2025-12-05 09:47:33.426974,12
LN300487,APP100667,2968,2026-01-02 20:35:02.555505,24
LN300488,APP100380,9461,2025-12-13 12:01:04.988032,36
LN300489,APP100811,9672,2025-08-02 11:48:35.639946,36
LN300490,APP100572,6830,2025-10-20 16:34:37.064895,36
LN300491,APP100486,15436,2025-12-18 00:25:24.220101,36
LN300492,APP100154,3274,2026-01-05 20:27:46.626863,36
LN300493,APP100980,17112,2025-10-11 14:04:17.053919,12
LN300494,APP100268,7575,2025-12-21 08:00:57.872435,36
LN300495,APP100507,20998,2025-10-05 03:46:36.314478,24
LN300496,APP100597,13865,2025-10-22 10:19:48.709664,12
LN300497,APP100882,6847,2025-11-22 13:06:16.450128,24
LN300498,APP100521,22151,2026-01-03 07:26:59.232475,36
LN300499,APP100401,17123,2025-08-11 00:12:17.935450,36
LN300500,APP100743,4553,2026-01-09 09:24:23.357726,48
LN300501,APP100522,5714,2025-09-28 06:06:48.625546,48
LN300502,APP100103,18715,2025-08-04 00:27:56.874959,36
LN300503,APP100768,15131,2025-10-15 08:47:03.657902,24
LN300504,APP100047,8156,2025-09-16 15:23:23.656481,12
LN300505,APP100804,21118,2026-01-19 01:57:27.717927,24
LN300506,APP100988,22080,2025-11-05 19:23:36.348308,24
LN300507,APP100927,4481,2025-12-22 04:25:05.427864,24
LN300508,APP100409,15469,2025-12-20 22:26:49.861408,24
LN300509,APP100247,24442,2025-08-12 21:30:54.459248,12
LN300510,APP100463,9486,2026-01-07 01:49:17.209104,48
LN300511,APP100718,4384,2025-12-11 09:07:10.657753,48
LN300512,APP100078,2142,2025-08-08 02:02:54.087839,12
LN300513,APP100097,3389,2026-01-18 22:32:34.680274,12
LN300514,APP100697,3307,2025-11-30 03:16:03.001640,24
LN300515,APP100749,19721,2026-01-08 09:18:37.557720,12
LN300516,APP100547,24840,2025-08-18 10:01:41.725543,48
LN300517,APP100375,9211,2025-10-04 06:26:57.239186,36
LN300518,APP100447,15610,2025-11-19 22:05:35.941006,36
LN300519,APP100909,1614,2025-10-04 06:21:43.818427,36
LN300520,APP100158,17308,2025-08-30 05:58:51.068900,24
LN300521,APP100989,5877,2025-11-08 19:37:07.185579,48
LN300522,APP100714,22393,2025-08-10 07:53:53.220907,36
LN300523,APP100073,21982,2025-12-06 12:25:58.052519,24
LN300524,APP100886,1028,2025-09-04 16:00:38.920012,36
LN300525,APP100446,2239,2026-01-25 13:12:25.789908,12
LN300526,APP100636,22777,2025-09-10 21:48:07.296698,12
LN300527,APP100420,13795,2025-08-18 21:28:14.554911,24
LN300528,APP100264,9730,2025-10-25 01:01:37.709448,24
LN300529,APP100548,5967,2026-01-17 19:16:38.171265,24
LN300530,APP100742,23939,2025-11-12 17:48:25.940623,24
LN300531,APP100105,11807,2026-01-21 11:24:07.475332,36
LN300532,APP100370,13823,2025-09-05 14:27:00.706505,24
LN300533,APP100943,19829,2025-12-13 01:59:37.722647,24
LN300534,APP100235,1121,2025-09-08 11:31:50.848810,24
LN300535,APP100764,17888,2025-10-01 21:34:29.034503,12
LN300536,APP100365,24186,2025-09-16 04:39:08.193305,48
LN300537,APP100442,17078,2025-12-01 03:52:52.604683,12
LN300538,APP100267,16667,2025-09-17 23:52:25.661701,12
LN300539,APP100601,15288,2025-08-09 15:50:17.876915,12
LN300540,APP100002,14235,2025-09-30 12:31:14.106588,48
LN300541,APP100950,24847,2025-10-26 11:10:40.847282,48
LN300542,APP100954,3297,2025-11-02 21:49:49.287597,12
LN300543,APP100351,18698,2025-08-20 13:53:05.502047,24
LN300544,APP100434,8400,2025-12-06 14:35:18.510306,12
LN300545,APP100304,1108,2025-11-30 19:24:33.901665,12
LN300546,APP100740,13596,2025-11-04 01:05:23.044502,12
LN300547,APP100698,23585,2025-09-20 18:38:21.780258,48
LN300548,APP100748,16796,2025-11-20 06:07:14.875606,12
LN300549,APP100239,4971,2025-12-23 04:22:31.719117,36
LN300550,APP100023,19587,2026-01-18 22:43:59.748286,12
LN300551,APP100689,18540,2025-12-24 19:38:33.328436,12
LN300552,APP100266,12761,2026-01-18 02:54:28.501172,36
LN300553,APP100392,11926,2025-08-10 01:48:41.194261,12
LN300554,APP100607,23342,2026-01-09 02:38:40.523634,12
LN300555,APP100381,10923,2025-10-21 05:58:19.609035,12
LN300556,APP100458,14127,2025-08-12 18:01:57.004321,24
LN300557,APP100566,2808,2026-01-10 05:19:44.101876,24
LN300558,APP100684,21718,2025-09-20 01:27:13.639732,24
LN300559,APP100908,22203,2026-01-21 00:27:52.281033,36
LN300560,APP100443,3970,2025-08-18 02:57:19.761604,12
LN300561,APP100327,12971,2025-09-17 18:33:47.243150,12
LN300562,APP100107,18518,2025-12-04 06:18:52.565475,24
LN300563,APP100164,12143,2025-10-28 07:47:15.697262,36
LN300564,APP100102,3636,2026-01-05 23:58:10.935105,36
LN300565,APP100098,16061,2025-11-01 19:21:23.815433,36
LN300566,APP100146,10501,2025-11-21 10:03:06.073321,24
LN300567,APP100981,22226,2025-09-20 22:38:10.520223,24
LN300568,APP100272,7655,2026-01-23 09:38:29.249072,12
LN300569,APP100907,6787,2025-11-05 14:58:36.389389,12
LN300570,APP100974,19169,2025-08-22 07:01:58.298205,12
LN300571,APP100225,2288,2025-09-30 19:01:41.843243,24
LN300572,APP100540,13588,2025-10-18 16:05:09.563659,24
LN300573,APP100060,22650,2025-11-24 14:55:35.377949,36
LN300574,APP100963,7258,2025-09-20 15:20:17.434579,24
LN300575,APP100076,10793,2025-08-09 13:59:06.107804,12
LN300576,APP100080,23802,2026-01-05 09:50:27.537353,12
LN300577,APP100814,13782,2025-09-09 17:57:38.622456,24
LN300578,APP100058,4498,2026-01-19 07:56:00.643708,48
LN300579,APP100007,21664,2025-11-24 14:52:18.083569,36
LN300580,APP100318,23571,2025-10-12 18:01:50.439944,24
LN300581,APP100923,12772,2025-09-30 01:46:17.708097,48
LN300582,APP100930,16941,2025-11-24 20:57:43.977741,12
LN300583,APP100448,3780,2025-09-27 00:58:08.843326,24
LN300584,APP100791,21735,2025-11-15 04:15:56.297969,36
LN300585,APP100987,15351,2025-12-04 05:20:58.460852,48
LN300586,APP100551,7208,2025-12-30 21:51:54.560241,48
LN300587,APP100777,5585,2025-10-18 22:15:06.613431,24
LN300588,APP100430,2169,2025-09-22 22:49:39.380849,24
LN300589,APP100730,7327,2025-08-22 06:42:35.915991,48
LN300590,APP100072,1831,2025-12-21 05:45:42.927615,12
LN300591,APP100940,24584,2025-08-29 14:23:28.125331,36
LN300592,APP100741,20429,2025-09-14 20:11:34.558493,12
LN300593,APP100293,8814,2025-10-26 02:25:03.306761,48
LN300594,APP100125,17031,2026-01-23 14:43:02.631481,12
LN300595,APP100707,13739,2025-12-17 15:12:53.420918,24
LN300596,APP100870,3064,2025-08-06 16:57:37.524894,48
LN300597,APP100439,18712,2025-10-01 23:22:54.746056,36
LN300598,APP100313,22083,2025-10-20 21:22:17.717592,36
LN300599,APP100173,11083,2025-08-28 14:39:33.581918,12
