revenue_id,campaign_id,advertiser_id,advertiser_name,business_category,revenue_date,impressions,clicks,conversions,revenue_amount,advertiser_spend,cpm,cpc,cpa,ctr,conversion_rate,created_at
1,5,32,Walton Group,Fitness,2025-09-16,4876,532,82,3361.89,2247.47,689.48,6.32,41.0,10.91,15.41,2025-09-16 23:59:00
2,5,32,Walton Group,Fitness,2025-09-17,2292,127,6,908.78,736.83,396.5,7.16,151.46,5.54,4.72,2025-09-17 23:59:00
3,5,32,Walton Group,Fitness,2025-09-18,4553,453,60,2452.38,1664.13,538.63,5.41,40.87,9.95,13.25,2025-09-18 23:59:00
4,5,32,Walton Group,Fitness,2025-09-19,2549,302,42,1599.39,1083.06,627.46,5.3,38.08,11.85,13.91,2025-09-19 23:59:00
5,10,31,Jones LLC,Insurance,2025-09-27,3529,365,86,3329.02,2117.26,943.33,9.12,38.71,10.34,23.56,2025-09-27 23:59:00
6,10,31,Jones LLC,Insurance,2025-09-28,3977,180,21,767.09,527.29,192.88,4.26,36.53,4.53,11.67,2025-09-28 23:59:00
7,10,31,Jones LLC,Insurance,2025-09-29,1134,124,13,493.54,415.75,435.22,3.98,37.96,10.93,10.48,2025-09-29 23:59:00
8,10,31,Jones LLC,Insurance,2025-09-30,2831,346,69,1912.45,1188.65,675.54,5.53,27.72,12.22,19.94,2025-09-30 23:59:00
9,10,31,Jones LLC,Insurance,2025-10-01,4383,596,108,3179.78,2569.24,725.48,5.34,29.44,13.6,18.12,2025-10-01 23:59:00
10,10,31,Jones LLC,Insurance,2025-10-02,839,57,5,159.26,107.41,189.82,2.79,31.85,6.79,8.77,2025-10-02 23:59:00
11,10,31,Jones LLC,Insurance,2025-10-03,2126,265,42,1380.93,854.06,649.54,5.21,32.88,12.46,15.85,2025-10-03 23:59:00
12,10,31,Jones LLC,Insurance,2025-10-04,3368,282,22,728.03,577.93,216.16,2.58,33.09,8.37,7.8,2025-10-04 23:59:00
13,10,31,Jones LLC,Insurance,2025-10-05,2356,198,12,395.31,268.26,167.79,2.0,32.94,8.4,6.06,2025-10-05 23:59:00
14,10,31,Jones LLC,Insurance,2025-10-06,1374,78,15,425.22,336.98,309.48,5.45,28.35,5.68,19.23,2025-10-06 23:59:00
15,10,31,Jones LLC,Insurance,2025-10-07,4639,393,84,2263.47,1544.24,487.92,5.76,26.95,8.47,21.37,2025-10-07 23:59:00
16,10,31,Jones LLC,Insurance,2025-10-08,773,75,14,378.3,274.5,489.39,5.04,27.02,9.7,18.67,2025-10-08 23:59:00
17,10,31,Jones LLC,Insurance,2025-10-09,1004,45,4,129.94,100.77,129.42,2.89,32.48,4.48,8.89,2025-10-09 23:59:00
18,10,31,Jones LLC,Insurance,2025-10-10,2384,311,35,1347.48,979.67,565.22,4.33,38.5,13.05,11.25,2025-10-10 23:59:00
19,10,31,Jones LLC,Insurance,2025-10-11,4191,378,35,974.74,742.33,232.58,2.58,27.85,9.02,9.26,2025-10-11 23:59:00
20,11,10,Andrews-Harvey,Pet Services,2025-09-16,2246,212,31,2663.63,1845.84,1185.94,12.56,85.92,9.44,14.62,2025-09-16 23:59:00
21,11,10,Andrews-Harvey,Pet Services,2025-09-17,2966,134,14,927.16,611.54,312.6,6.92,66.23,4.52,10.45,2025-09-17 23:59:00
22,11,10,Andrews-Harvey,Pet Services,2025-09-18,4961,190,11,695.75,517.64,140.24,3.66,63.25,3.83,5.79,2025-09-18 23:59:00
23,11,10,Andrews-Harvey,Pet Services,2025-09-19,2087,145,23,1906.06,1228.96,913.3,13.15,82.87,6.95,15.86,2025-09-19 23:59:00
24,11,10,Andrews-Harvey,Pet Services,2025-09-20,3056,65,14,1103.39,911.41,361.06,16.98,78.81,2.13,21.54,2025-09-20 23:59:00
25,11,10,Andrews-Harvey,Pet Services,2025-09-21,1324,102,16,1158.72,909.91,875.17,11.36,72.42,7.7,15.69,2025-09-21 23:59:00
26,11,10,Andrews-Harvey,Pet Services,2025-09-22,2003,78,9,692.83,433.71,345.9,8.88,76.98,3.89,11.54,2025-09-22 23:59:00
27,11,10,Andrews-Harvey,Pet Services,2025-09-23,741,46,6,541.01,411.27,730.11,11.76,90.17,6.21,13.04,2025-09-23 23:59:00
28,11,10,Andrews-Harvey,Pet Services,2025-09-24,4510,269,33,2684.97,1737.8,595.34,9.98,81.36,5.96,12.27,2025-09-24 23:59:00
29,11,10,Andrews-Harvey,Pet Services,2025-09-25,2234,64,4,337.07,237.46,150.88,5.27,84.27,2.86,6.25,2025-09-25 23:59:00
30,11,10,Andrews-Harvey,Pet Services,2025-09-26,2026,211,19,1594.76,1289.78,787.15,7.56,83.93,10.41,9.0,2025-09-26 23:59:00
31,11,10,Andrews-Harvey,Pet Services,2025-09-27,3956,562,80,5929.53,4570.56,1498.87,10.55,74.12,14.21,14.23,2025-09-27 23:59:00
32,11,10,Andrews-Harvey,Pet Services,2025-09-28,659,52,2,159.65,105.33,242.26,3.07,79.83,7.89,3.85,2025-09-28 23:59:00
33,11,10,Andrews-Harvey,Pet Services,2025-09-29,1956,292,20,1567.61,1172.51,801.44,5.37,78.38,14.93,6.85,2025-09-29 23:59:00
34,11,10,Andrews-Harvey,Pet Services,2025-09-30,1748,217,11,691.92,478.31,395.84,3.19,62.9,12.41,5.07,2025-09-30 23:59:00
35,11,10,Andrews-Harvey,Pet Services,2025-10-01,3674,515,65,5730.11,4572.72,1559.64,11.13,88.16,14.02,12.62,2025-10-01 23:59:00
36,11,10,Andrews-Harvey,Pet Services,2025-10-02,365,54,8,542.73,375.89,1486.93,10.05,67.84,14.79,14.81,2025-10-02 23:59:00
37,11,10,Andrews-Harvey,Pet Services,2025-10-03,4842,461,62,5183.71,4363.64,1070.57,11.24,83.61,9.52,13.45,2025-10-03 23:59:00
38,11,10,Andrews-Harvey,Pet Services,2025-10-04,886,71,10,623.19,389.06,703.37,8.78,62.32,8.01,14.08,2025-10-04 23:59:00
39,11,10,Andrews-Harvey,Pet Services,2025-10-05,3028,429,31,2666.76,1727.9,880.7,6.22,86.02,14.17,7.23,2025-10-05 23:59:00
40,11,10,Andrews-Harvey,Pet Services,2025-10-06,2450,320,38,3003.77,1833.35,1226.03,9.39,79.05,13.06,11.88,2025-10-06 23:59:00
41,11,10,Andrews-Harvey,Pet Services,2025-10-07,761,57,11,839.56,670.87,1103.23,14.73,76.32,7.49,19.3,2025-10-07 23:59:00
42,11,10,Andrews-Harvey,Pet Services,2025-10-08,3012,323,43,3008.03,2216.24,998.68,9.31,69.95,10.72,13.31,2025-10-08 23:59:00
43,11,10,Andrews-Harvey,Pet Services,2025-10-09,2742,367,39,2566.84,1816.42,936.12,6.99,65.82,13.38,10.63,2025-10-09 23:59:00
44,11,10,Andrews-Harvey,Pet Services,2025-10-10,421,30,2,179.24,111.95,425.75,5.97,89.62,7.13,6.67,2025-10-10 23:59:00
45,11,10,Andrews-Harvey,Pet Services,2025-10-11,3888,481,62,5145.39,3134.11,1323.4,10.7,82.99,12.37,12.89,2025-10-11 23:59:00
46,11,10,Andrews-Harvey,Pet Services,2025-10-12,2301,54,6,464.47,361.25,201.86,8.6,77.41,2.35,11.11,2025-10-12 23:59:00
47,11,10,Andrews-Harvey,Pet Services,2025-10-13,4005,524,113,7788.68,4825.25,1944.74,14.86,68.93,13.08,21.56,2025-10-13 23:59:00
48,11,10,Andrews-Harvey,Pet Services,2025-10-14,3819,486,26,1783.05,1401.52,466.89,3.67,68.58,12.73,5.35,2025-10-14 23:59:00
49,11,10,Andrews-Harvey,Pet Services,2025-10-15,148,17,0,0.0,0.0,0.0,0.0,0.0,11.49,0.0,2025-10-15 23:59:00
50,11,10,Andrews-Harvey,Pet Services,2025-10-16,2831,270,44,3681.38,2653.11,1300.38,13.63,83.67,9.54,16.3,2025-10-16 23:59:00
51,11,10,Andrews-Harvey,Pet Services,2025-10-17,1648,105,9,649.43,513.63,394.07,6.19,72.16,6.37,8.57,2025-10-17 23:59:00
52,11,10,Andrews-Harvey,Pet Services,2025-10-18,2949,290,25,2273.22,1448.05,770.84,7.84,90.93,9.83,8.62,2025-10-18 23:59:00
53,11,10,Andrews-Harvey,Pet Services,2025-10-19,3499,493,53,4797.59,3019.07,1371.13,9.73,90.52,14.09,10.75,2025-10-19 23:59:00
54,11,10,Andrews-Harvey,Pet Services,2025-10-20,4249,121,11,692.5,499.46,162.98,5.72,62.95,2.85,9.09,2025-10-20 23:59:00
55,11,10,Andrews-Harvey,Pet Services,2025-10-21,4400,353,80,5891.57,3572.4,1338.99,16.69,73.64,8.02,22.66,2025-10-21 23:59:00
56,11,10,Andrews-Harvey,Pet Services,2025-10-22,855,120,9,770.05,555.24,900.64,6.42,85.56,14.04,7.5,2025-10-22 23:59:00
57,11,10,Andrews-Harvey,Pet Services,2025-10-23,3453,464,102,8009.23,4906.18,2319.5,17.26,78.52,13.44,21.98,2025-10-23 23:59:00
58,11,10,Andrews-Harvey,Pet Services,2025-10-24,3670,504,68,6147.24,3995.05,1675.0,12.2,90.4,13.73,13.49,2025-10-24 23:59:00
59,11,10,Andrews-Harvey,Pet Services,2025-10-25,3231,302,67,4532.58,3712.86,1402.84,15.01,67.65,9.35,22.19,2025-10-25 23:59:00
60,11,10,Andrews-Harvey,Pet Services,2025-10-26,4922,257,14,1053.96,811.61,214.13,4.1,75.28,5.22,5.45,2025-10-26 23:59:00
61,11,10,Andrews-Harvey,Pet Services,2025-10-27,1646,185,42,2796.63,2004.67,1699.05,15.12,66.59,11.24,22.7,2025-10-27 23:59:00
62,11,10,Andrews-Harvey,Pet Services,2025-10-28,3397,294,21,1360.92,1048.85,400.62,4.63,64.81,8.65,7.14,2025-10-28 23:59:00
63,11,10,Andrews-Harvey,Pet Services,2025-10-29,3636,516,89,7730.24,6035.95,2126.03,14.98,86.86,14.19,17.25,2025-10-29 23:59:00
64,11,10,Andrews-Harvey,Pet Services,2025-10-30,3508,284,28,2510.74,1608.08,715.72,8.84,89.67,8.1,9.86,2025-10-30 23:59:00
65,11,10,Andrews-Harvey,Pet Services,2025-10-31,4525,235,48,3765.23,2970.82,832.1,16.02,78.44,5.19,20.43,2025-10-31 23:59:00
66,11,10,Andrews-Harvey,Pet Services,2025-11-01,4277,304,30,1929.36,1454.34,451.1,6.35,64.31,7.11,9.87,2025-11-01 23:59:00
67,11,10,Andrews-Harvey,Pet Services,2025-11-02,1044,83,17,1234.98,850.55,1182.93,14.88,72.65,7.95,20.48,2025-11-02 23:59:00
68,11,10,Andrews-Harvey,Pet Services,2025-11-03,2637,274,16,1071.44,907.14,406.31,3.91,66.97,10.39,5.84,2025-11-03 23:59:00
69,11,10,Andrews-Harvey,Pet Services,2025-11-04,4223,215,14,900.41,617.42,213.22,4.19,64.31,5.09,6.51,2025-11-04 23:59:00
70,11,10,Andrews-Harvey,Pet Services,2025-11-05,2776,218,30,1947.99,1411.44,701.73,8.94,64.93,7.85,13.76,2025-11-05 23:59:00
71,11,10,Andrews-Harvey,Pet Services,2025-11-06,169,4,0,0.0,0.0,0.0,0.0,0.0,2.37,0.0,2025-11-06 23:59:00
72,11,10,Andrews-Harvey,Pet Services,2025-11-07,3167,310,65,5295.79,4051.86,1672.18,17.08,81.47,9.79,20.97,2025-11-07 23:59:00
73,11,10,Andrews-Harvey,Pet Services,2025-11-08,1047,91,20,1604.94,1276.59,1532.89,17.64,80.25,8.69,21.98,2025-11-08 23:59:00
74,11,10,Andrews-Harvey,Pet Services,2025-11-09,4557,279,37,3407.29,2320.82,747.7,12.21,92.09,6.12,13.26,2025-11-09 23:59:00
75,11,10,Andrews-Harvey,Pet Services,2025-11-10,2325,207,46,3403.26,2550.62,1463.77,16.44,73.98,8.9,22.22,2025-11-10 23:59:00
76,11,10,Andrews-Harvey,Pet Services,2025-11-11,3262,181,45,3930.09,3324.38,1204.81,21.71,87.34,5.55,24.86,2025-11-11 23:59:00
77,11,10,Andrews-Harvey,Pet Services,2025-11-12,3168,116,10,772.5,562.49,243.84,6.66,77.25,3.66,8.62,2025-11-12 23:59:00
78,11,10,Andrews-Harvey,Pet Services,2025-11-13,4660,584,66,4670.26,3402.95,1002.2,8.0,70.76,12.53,11.3,2025-11-13 23:59:00
79,11,10,Andrews-Harvey,Pet Services,2025-11-14,977,31,1,89.02,65.56,91.12,2.87,89.02,3.17,3.23,2025-11-14 23:59:00
80,11,10,Andrews-Harvey,Pet Services,2025-11-15,3959,367,32,2490.31,1504.03,629.03,6.79,77.82,9.27,8.72,2025-11-15 23:59:00
81,11,10,Andrews-Harvey,Pet Services,2025-11-16,1684,101,7,612.06,481.27,363.46,6.06,87.44,6.0,6.93,2025-11-16 23:59:00
82,11,10,Andrews-Harvey,Pet Services,2025-11-17,1858,98,14,1134.12,685.66,610.4,11.57,81.01,5.27,14.29,2025-11-17 23:59:00
83,11,10,Andrews-Harvey,Pet Services,2025-11-18,1833,144,13,1120.82,759.3,611.47,7.78,86.22,7.86,9.03,2025-11-18 23:59:00
84,11,10,Andrews-Harvey,Pet Services,2025-11-19,1085,129,10,641.17,534.3,590.94,4.97,64.12,11.89,7.75,2025-11-19 23:59:00
85,11,10,Andrews-Harvey,Pet Services,2025-11-20,1634,232,19,1634.97,1380.27,1000.59,7.05,86.05,14.2,8.19,2025-11-20 23:59:00
86,11,10,Andrews-Harvey,Pet Services,2025-11-21,4998,443,104,9213.0,5852.68,1843.34,20.8,88.59,8.86,23.48,2025-11-21 23:59:00
87,11,10,Andrews-Harvey,Pet Services,2025-11-22,3133,379,26,1899.46,1420.16,606.28,5.01,73.06,12.1,6.86,2025-11-22 23:59:00
88,11,10,Andrews-Harvey,Pet Services,2025-11-23,617,60,12,1019.57,700.87,1652.46,16.99,84.96,9.72,20.0,2025-11-23 23:59:00
89,11,10,Andrews-Harvey,Pet Services,2025-11-24,1315,35,7,566.0,385.18,430.42,16.17,80.86,2.66,20.0,2025-11-24 23:59:00
90,11,10,Andrews-Harvey,Pet Services,2025-11-25,4895,696,98,7266.35,4818.96,1484.44,10.44,74.15,14.22,14.08,2025-11-25 23:59:00
91,15,12,Norman Ltd,Beauty & Spa,2025-09-25,1232,53,5,328.99,218.17,267.04,6.21,65.8,4.3,9.43,2025-09-25 23:59:00
92,15,12,Norman Ltd,Beauty & Spa,2025-09-26,219,15,1,122.13,99.88,557.67,8.14,122.13,6.85,6.67,2025-09-26 23:59:00
93,15,12,Norman Ltd,Beauty & Spa,2025-09-27,2450,81,7,728.0,511.28,297.14,8.99,104.0,3.31,8.64,2025-09-27 23:59:00
94,15,12,Norman Ltd,Beauty & Spa,2025-09-28,1155,74,14,621.07,431.89,537.72,8.39,44.36,6.41,18.92,2025-09-28 23:59:00
95,15,12,Norman Ltd,Beauty & Spa,2025-09-29,2411,269,45,1641.57,1153.17,680.87,6.1,36.48,11.16,16.73,2025-09-29 23:59:00
96,15,12,Norman Ltd,Beauty & Spa,2025-09-30,2561,123,15,913.74,718.67,356.79,7.43,60.92,4.8,12.2,2025-09-30 23:59:00
97,15,12,Norman Ltd,Beauty & Spa,2025-10-01,2883,372,20,3195.43,2022.64,1108.37,8.59,159.77,12.9,5.38,2025-10-01 23:59:00
98,15,12,Norman Ltd,Beauty & Spa,2025-10-02,1596,62,12,510.92,349.0,320.13,8.24,42.58,3.88,19.35,2025-10-02 23:59:00
99,24,4,Carter PLC,Real Estate,2025-09-16,3807,209,52,1388.16,847.37,364.63,6.64,26.7,5.49,24.88,2025-09-16 23:59:00
100,24,4,Carter PLC,Real Estate,2025-09-17,3362,303,51,1307.91,900.35,389.03,4.32,25.65,9.01,16.83,2025-09-17 23:59:00
101,24,4,Carter PLC,Real Estate,2025-09-18,239,19,3,94.01,62.17,393.35,4.95,31.34,7.95,15.79,2025-09-18 23:59:00
102,24,4,Carter PLC,Real Estate,2025-09-19,1479,36,8,203.92,146.64,137.88,5.66,25.49,2.43,22.22,2025-09-19 23:59:00
103,24,4,Carter PLC,Real Estate,2025-09-20,3876,354,54,1655.29,1209.65,427.06,4.68,30.65,9.13,15.25,2025-09-20 23:59:00
104,24,4,Carter PLC,Real Estate,2025-09-21,192,16,1,23.73,17.27,123.59,1.48,23.73,8.33,6.25,2025-09-21 23:59:00
105,24,4,Carter PLC,Real Estate,2025-09-22,4151,197,25,670.09,418.9,161.43,3.4,26.8,4.75,12.69,2025-09-22 23:59:00
106,24,4,Carter PLC,Real Estate,2025-09-23,3727,496,78,2316.59,1723.79,621.57,4.67,29.7,13.31,15.73,2025-09-23 23:59:00
107,24,4,Carter PLC,Real Estate,2025-09-24,3305,154,36,938.01,739.6,283.82,6.09,26.06,4.66,23.38,2025-09-24 23:59:00
108,24,4,Carter PLC,Real Estate,2025-09-25,2377,96,20,476.42,398.93,200.43,4.96,23.82,4.04,20.83,2025-09-25 23:59:00
109,24,4,Carter PLC,Real Estate,2025-09-26,3408,358,61,1726.38,1215.65,506.57,4.82,28.3,10.5,17.04,2025-09-26 23:59:00
110,24,4,Carter PLC,Real Estate,2025-09-27,3575,333,23,719.43,554.44,201.24,2.16,31.28,9.31,6.91,2025-09-27 23:59:00
111,24,4,Carter PLC,Real Estate,2025-09-28,2307,102,10,274.13,226.91,118.83,2.69,27.41,4.42,9.8,2025-09-28 23:59:00
112,24,4,Carter PLC,Real Estate,2025-09-29,1063,139,15,351.07,260.63,330.26,2.53,23.4,13.08,10.79,2025-09-29 23:59:00
113,24,4,Carter PLC,Real Estate,2025-09-30,4631,155,30,788.9,598.27,170.35,5.09,26.3,3.35,19.35,2025-09-30 23:59:00
114,24,4,Carter PLC,Real Estate,2025-10-01,711,80,6,170.57,133.02,239.9,2.13,28.43,11.25,7.5,2025-10-01 23:59:00
115,24,4,Carter PLC,Real Estate,2025-10-02,2946,332,55,1531.17,1175.4,519.75,4.61,27.84,11.27,16.57,2025-10-02 23:59:00
116,24,4,Carter PLC,Real Estate,2025-10-03,207,16,1,28.02,22.87,135.36,1.75,28.02,7.73,6.25,2025-10-03 23:59:00
117,24,4,Carter PLC,Real Estate,2025-10-04,4996,519,58,1341.44,1011.28,268.5,2.58,23.13,10.39,11.18,2025-10-04 23:59:00
118,24,4,Carter PLC,Real Estate,2025-10-05,1297,125,16,396.63,250.12,305.81,3.17,24.79,9.64,12.8,2025-10-05 23:59:00
119,24,4,Carter PLC,Real Estate,2025-10-06,257,22,1,27.65,22.27,107.59,1.26,27.65,8.56,4.55,2025-10-06 23:59:00
120,24,4,Carter PLC,Real Estate,2025-10-07,534,28,2,65.46,48.33,122.58,2.34,32.73,5.24,7.14,2025-10-07 23:59:00
121,24,4,Carter PLC,Real Estate,2025-10-08,4665,543,31,962.18,601.47,206.26,1.77,31.04,11.64,5.71,2025-10-08 23:59:00
122,24,4,Carter PLC,Real Estate,2025-10-09,4177,624,100,2279.46,1921.95,545.72,3.65,22.79,14.94,16.03,2025-10-09 23:59:00
123,24,4,Carter PLC,Real Estate,2025-10-10,4033,301,21,587.39,468.54,145.65,1.95,27.97,7.46,6.98,2025-10-10 23:59:00
124,24,4,Carter PLC,Real Estate,2025-10-11,1818,83,14,404.7,254.95,222.61,4.88,28.91,4.57,16.87,2025-10-11 23:59:00
125,24,4,Carter PLC,Real Estate,2025-10-12,4312,450,34,773.64,619.77,179.42,1.72,22.75,10.44,7.56,2025-10-12 23:59:00
126,24,4,Carter PLC,Real Estate,2025-10-13,2273,236,41,940.29,763.81,413.68,3.98,22.93,10.38,17.37,2025-10-13 23:59:00
127,24,4,Carter PLC,Real Estate,2025-10-14,2554,257,13,382.11,254.84,149.61,1.49,29.39,10.06,5.06,2025-10-14 23:59:00
128,24,4,Carter PLC,Real Estate,2025-10-15,977,90,17,492.14,336.87,503.73,5.47,28.95,9.21,18.89,2025-10-15 23:59:00
129,24,4,Carter PLC,Real Estate,2025-10-16,749,91,6,146.87,119.12,196.09,1.61,24.48,12.15,6.59,2025-10-16 23:59:00
130,24,4,Carter PLC,Real Estate,2025-10-17,4124,168,34,817.93,519.4,198.33,4.87,24.06,4.07,20.24,2025-10-17 23:59:00
131,24,4,Carter PLC,Real Estate,2025-10-18,3680,525,77,2088.35,1698.96,567.49,3.98,27.12,14.27,14.67,2025-10-18 23:59:00
132,24,4,Carter PLC,Real Estate,2025-10-19,4747,428,38,1252.47,884.56,263.84,2.93,32.96,9.02,8.88,2025-10-19 23:59:00
133,28,44,"Lloyd, Williams and Lin",Pet Services,2025-09-25,455,63,14,4.7,3.06,10.33,0.07,0.34,13.85,22.22,2025-09-25 23:59:00
134,28,44,"Lloyd, Williams and Lin",Pet Services,2025-09-26,4800,164,32,49.57,40.65,10.33,0.3,1.55,3.42,19.51,2025-09-26 23:59:00
135,28,44,"Lloyd, Williams and Lin",Pet Services,2025-09-27,2178,264,61,17.1,13.46,7.85,0.06,0.28,12.12,23.11,2025-09-27 23:59:00
136,28,44,"Lloyd, Williams and Lin",Pet Services,2025-09-28,835,47,8,7.52,5.74,9.01,0.16,0.94,5.63,17.02,2025-09-28 23:59:00
137,28,44,"Lloyd, Williams and Lin",Pet Services,2025-09-29,4157,160,24,40.6,31.68,9.77,0.25,1.69,3.85,15.0,2025-09-29 23:59:00
138,28,44,"Lloyd, Williams and Lin",Pet Services,2025-09-30,1396,73,4,11.26,7.24,8.07,0.15,2.81,5.23,5.48,2025-09-30 23:59:00
139,28,44,"Lloyd, Williams and Lin",Pet Services,2025-10-01,2940,340,22,29.24,23.04,9.95,0.09,1.33,11.56,6.47,2025-10-01 23:59:00
140,28,44,"Lloyd, Williams and Lin",Pet Services,2025-10-02,3543,249,48,37.28,30.23,10.52,0.15,0.78,7.03,19.28,2025-10-02 23:59:00
141,28,44,"Lloyd, Williams and Lin",Pet Services,2025-10-03,1196,163,36,8.8,7.24,7.36,0.05,0.24,13.63,22.09,2025-10-03 23:59:00
142,28,44,"Lloyd, Williams and Lin",Pet Services,2025-10-04,4521,633,93,40.24,25.5,8.9,0.06,0.43,14.0,14.69,2025-10-04 23:59:00
143,28,44,"Lloyd, Williams and Lin",Pet Services,2025-10-05,1783,49,11,17.96,11.7,10.07,0.37,1.63,2.75,22.45,2025-10-05 23:59:00
144,28,44,"Lloyd, Williams and Lin",Pet Services,2025-10-06,2130,65,14,21.12,15.0,9.92,0.32,1.51,3.05,21.54,2025-10-06 23:59:00
145,28,44,"Lloyd, Williams and Lin",Pet Services,2025-10-07,1373,59,14,10.02,6.71,7.3,0.17,0.72,4.3,23.73,2025-10-07 23:59:00
146,28,44,"Lloyd, Williams and Lin",Pet Services,2025-10-08,3161,82,12,25.16,16.44,7.96,0.31,2.1,2.59,14.63,2025-10-08 23:59:00
147,28,44,"Lloyd, Williams and Lin",Pet Services,2025-10-09,3072,222,34,26.89,18.03,8.75,0.12,0.79,7.23,15.32,2025-10-09 23:59:00
148,28,44,"Lloyd, Williams and Lin",Pet Services,2025-10-10,4011,435,34,32.09,23.53,8.0,0.07,0.94,10.85,7.82,2025-10-10 23:59:00
149,28,44,"Lloyd, Williams and Lin",Pet Services,2025-10-11,1044,109,5,9.89,7.79,9.47,0.09,1.98,10.44,4.59,2025-10-11 23:59:00
150,28,44,"Lloyd, Williams and Lin",Pet Services,2025-10-12,4270,153,18,35.78,23.66,8.38,0.23,1.99,3.58,11.76,2025-10-12 23:59:00
151,28,44,"Lloyd, Williams and Lin",Pet Services,2025-10-13,3168,91,16,33.11,26.98,10.45,0.36,2.07,2.87,17.58,2025-10-13 23:59:00
152,28,44,"Lloyd, Williams and Lin",Pet Services,2025-10-14,2735,175,11,21.79,17.48,7.97,0.12,1.98,6.4,6.29,2025-10-14 23:59:00
153,28,44,"Lloyd, Williams and Lin",Pet Services,2025-10-15,1699,227,35,12.12,10.19,7.13,0.05,0.35,13.36,15.42,2025-10-15 23:59:00
154,28,44,"Lloyd, Williams and Lin",Pet Services,2025-10-16,769,76,13,5.69,4.59,7.4,0.07,0.44,9.88,17.11,2025-10-16 23:59:00
155,28,44,"Lloyd, Williams and Lin",Pet Services,2025-10-17,2742,148,28,23.57,14.64,8.6,0.16,0.84,5.4,18.92,2025-10-17 23:59:00
156,28,44,"Lloyd, Williams and Lin",Pet Services,2025-10-18,4649,582,74,47.63,35.94,10.25,0.08,0.64,12.52,12.71,2025-10-18 23:59:00
157,28,44,"Lloyd, Williams and Lin",Pet Services,2025-10-19,132,18,3,1.14,0.85,8.64,0.06,0.38,13.64,16.67,2025-10-19 23:59:00
158,28,44,"Lloyd, Williams and Lin",Pet Services,2025-10-20,501,23,5,4.45,3.5,8.88,0.19,0.89,4.59,21.74,2025-10-20 23:59:00
159,28,44,"Lloyd, Williams and Lin",Pet Services,2025-10-21,2318,158,30,20.18,16.53,8.71,0.13,0.67,6.82,18.99,2025-10-21 23:59:00
160,28,44,"Lloyd, Williams and Lin",Pet Services,2025-10-22,344,12,2,3.0,2.53,8.72,0.25,1.5,3.49,16.67,2025-10-22 23:59:00
161,28,44,"Lloyd, Williams and Lin",Pet Services,2025-10-23,2608,233,58,26.08,19.19,10.0,0.11,0.45,8.93,24.89,2025-10-23 23:59:00
162,28,44,"Lloyd, Williams and Lin",Pet Services,2025-10-24,1722,164,11,12.77,8.06,7.42,0.08,1.16,9.52,6.71,2025-10-24 23:59:00
163,28,44,"Lloyd, Williams and Lin",Pet Services,2025-10-25,3179,225,46,32.99,24.23,10.38,0.15,0.72,7.08,20.44,2025-10-25 23:59:00
164,41,49,Kirby-Haney,Education,2025-09-16,1132,75,4,168.04,117.7,148.45,2.24,42.01,6.63,5.33,2025-09-16 23:59:00
165,41,49,Kirby-Haney,Education,2025-09-17,2356,194,21,688.98,498.58,292.44,3.55,32.81,8.23,10.82,2025-09-17 23:59:00
166,41,49,Kirby-Haney,Education,2025-09-18,1065,107,23,757.82,579.25,711.57,7.08,32.95,10.05,21.5,2025-09-18 23:59:00
167,41,49,Kirby-Haney,Education,2025-09-19,3611,533,72,2840.62,1732.43,786.66,5.33,39.45,14.76,13.51,2025-09-19 23:59:00
168,41,49,Kirby-Haney,Education,2025-09-20,3654,520,54,1802.49,1528.13,493.29,3.47,33.38,14.23,10.38,2025-09-20 23:59:00
169,41,49,Kirby-Haney,Education,2025-09-21,662,97,9,272.78,221.46,412.05,2.81,30.31,14.65,9.28,2025-09-21 23:59:00
170,41,49,Kirby-Haney,Education,2025-09-22,3544,213,37,1370.9,965.86,386.82,6.44,37.05,6.01,17.37,2025-09-22 23:59:00
171,41,49,Kirby-Haney,Education,2025-09-23,4070,515,122,5354.97,3803.9,1315.72,10.4,43.89,12.65,23.69,2025-09-23 23:59:00
172,41,49,Kirby-Haney,Education,2025-09-24,3075,267,52,1724.49,1219.92,560.81,6.46,33.16,8.68,19.48,2025-09-24 23:59:00
173,41,49,Kirby-Haney,Education,2025-09-25,2047,129,15,582.35,454.54,284.49,4.51,38.82,6.3,11.63,2025-09-25 23:59:00
174,41,49,Kirby-Haney,Education,2025-09-26,3443,490,95,3287.67,2320.92,954.89,6.71,34.61,14.23,19.39,2025-09-26 23:59:00
175,41,49,Kirby-Haney,Education,2025-09-27,820,32,4,158.19,109.4,192.91,4.94,39.55,3.9,12.5,2025-09-27 23:59:00
176,41,49,Kirby-Haney,Education,2025-09-28,4333,202,31,1094.72,871.3,252.65,5.42,35.31,4.66,15.35,2025-09-28 23:59:00
177,44,24,Juarez-Cunningham,Pet Services,2025-09-16,1729,135,16,1317.29,801.36,761.88,9.76,82.33,7.81,11.85,2025-09-16 23:59:00
178,44,24,Juarez-Cunningham,Pet Services,2025-09-17,4934,339,58,5601.48,3520.69,1135.28,16.52,96.58,6.87,17.11,2025-09-17 23:59:00
179,47,49,Collins Inc,Travel,2025-09-16,2495,176,31,2687.3,1935.47,1077.07,15.27,86.69,7.05,17.61,2025-09-16 23:59:00
180,47,49,Collins Inc,Travel,2025-09-17,1355,93,18,1610.13,989.45,1188.29,17.31,89.45,6.86,19.35,2025-09-17 23:59:00
181,47,49,Collins Inc,Travel,2025-09-18,1693,95,17,1131.56,808.1,668.38,11.91,66.56,5.61,17.89,2025-09-18 23:59:00
182,47,49,Collins Inc,Travel,2025-09-19,2143,129,21,1682.99,1288.73,785.34,13.05,80.14,6.02,16.28,2025-09-19 23:59:00
183,47,49,Collins Inc,Travel,2025-09-20,3454,80,19,1781.27,1221.39,515.71,22.27,93.75,2.32,23.75,2025-09-20 23:59:00
184,47,49,Collins Inc,Travel,2025-09-21,2573,183,38,2987.1,2486.72,1160.94,16.32,78.61,7.11,20.77,2025-09-21 23:59:00
185,47,49,Collins Inc,Travel,2025-09-22,1937,57,6,495.53,320.28,255.82,8.69,82.59,2.94,10.53,2025-09-22 23:59:00
186,47,49,Collins Inc,Travel,2025-09-23,222,5,0,0.0,0.0,0.0,0.0,0.0,2.25,0.0,2025-09-23 23:59:00
187,47,49,Collins Inc,Travel,2025-09-24,4370,515,33,2554.9,2064.49,584.65,4.96,77.42,11.78,6.41,2025-09-24 23:59:00
188,47,49,Collins Inc,Travel,2025-09-25,108,4,0,0.0,0.0,0.0,0.0,0.0,3.7,0.0,2025-09-25 23:59:00
189,47,49,Collins Inc,Travel,2025-09-26,3596,316,40,3819.95,2979.06,1062.28,12.09,95.5,8.79,12.66,2025-09-26 23:59:00
190,47,49,Collins Inc,Travel,2025-09-27,1688,74,4,325.23,271.65,192.67,4.4,81.31,4.38,5.41,2025-09-27 23:59:00
191,47,49,Collins Inc,Travel,2025-09-28,3876,255,46,4317.17,3617.54,1113.82,16.93,93.85,6.58,18.04,2025-09-28 23:59:00
192,47,49,Collins Inc,Travel,2025-09-29,4824,270,63,4454.03,3096.56,923.31,16.5,70.7,5.6,23.33,2025-09-29 23:59:00
193,47,49,Collins Inc,Travel,2025-09-30,4248,253,26,2335.86,1587.12,549.87,9.23,89.84,5.96,10.28,2025-09-30 23:59:00
194,47,49,Collins Inc,Travel,2025-10-01,4030,453,75,6351.01,4067.18,1575.93,14.02,84.68,11.24,16.56,2025-10-01 23:59:00
195,47,49,Collins Inc,Travel,2025-10-02,1637,127,21,1724.92,1232.82,1053.71,13.58,82.14,7.76,16.54,2025-10-02 23:59:00
196,47,49,Collins Inc,Travel,2025-10-03,4759,237,55,4767.51,3252.62,1001.79,20.12,86.68,4.98,23.21,2025-10-03 23:59:00
197,47,49,Collins Inc,Travel,2025-10-04,3432,130,20,1332.87,1048.05,388.37,10.25,66.64,3.79,15.38,2025-10-04 23:59:00
198,47,49,Collins Inc,Travel,2025-10-05,1943,176,34,2216.9,1641.97,1140.97,12.6,65.2,9.06,19.32,2025-10-05 23:59:00
199,47,49,Collins Inc,Travel,2025-10-06,1873,162,15,1087.62,742.04,580.68,6.71,72.51,8.65,9.26,2025-10-06 23:59:00
200,47,49,Collins Inc,Travel,2025-10-07,4250,425,77,6445.79,4472.84,1516.66,15.17,83.71,10.0,18.12,2025-10-07 23:59:00
201,47,49,Collins Inc,Travel,2025-10-08,2271,334,74,6039.38,4447.79,2659.35,18.08,81.61,14.71,22.16,2025-10-08 23:59:00
202,47,49,Collins Inc,Travel,2025-10-09,1408,142,34,2957.6,2349.36,2100.57,20.83,86.99,10.09,23.94,2025-10-09 23:59:00
203,47,49,Collins Inc,Travel,2025-10-10,884,19,4,345.76,266.2,391.13,18.2,86.44,2.15,21.05,2025-10-10 23:59:00
204,47,49,Collins Inc,Travel,2025-10-11,3918,272,55,4710.47,3762.63,1202.26,17.32,85.64,6.94,20.22,2025-10-11 23:59:00
205,47,49,Collins Inc,Travel,2025-10-12,3221,239,26,2356.29,1930.37,731.54,9.86,90.63,7.42,10.88,2025-10-12 23:59:00
206,47,49,Collins Inc,Travel,2025-10-13,2955,241,31,2915.73,2095.45,986.71,12.1,94.06,8.16,12.86,2025-10-13 23:59:00
207,47,49,Collins Inc,Travel,2025-10-14,451,26,3,212.05,144.88,470.18,8.16,70.68,5.76,11.54,2025-10-14 23:59:00
208,47,49,Collins Inc,Travel,2025-10-15,4066,89,21,1522.26,1154.82,374.39,17.1,72.49,2.19,23.6,2025-10-15 23:59:00
209,47,49,Collins Inc,Travel,2025-10-16,180,4,0,0.0,0.0,0.0,0.0,0.0,2.22,0.0,2025-10-16 23:59:00
210,47,49,Collins Inc,Travel,2025-10-17,1345,74,15,1062.99,640.53,790.33,14.36,70.87,5.5,20.27,2025-10-17 23:59:00
211,47,49,Collins Inc,Travel,2025-10-18,3552,300,29,2718.77,1953.25,765.42,9.06,93.75,8.45,9.67,2025-10-18 23:59:00
212,47,49,Collins Inc,Travel,2025-10-19,2468,83,14,1010.28,621.32,409.35,12.17,72.16,3.36,16.87,2025-10-19 23:59:00
213,47,49,Collins Inc,Travel,2025-10-20,4520,117,9,667.21,431.67,147.61,5.7,74.13,2.59,7.69,2025-10-20 23:59:00
214,47,49,Collins Inc,Travel,2025-10-21,3035,117,16,1209.38,776.97,398.48,10.34,75.59,3.86,13.68,2025-10-21 23:59:00
215,47,49,Collins Inc,Travel,2025-10-22,664,92,9,788.16,515.21,1186.99,8.57,87.57,13.86,9.78,2025-10-22 23:59:00
216,47,49,Collins Inc,Travel,2025-10-23,140,11,0,0.0,0.0,0.0,0.0,0.0,7.86,0.0,2025-10-23 23:59:00
217,47,49,Collins Inc,Travel,2025-10-24,2012,297,31,2801.0,2241.14,1392.15,9.43,90.35,14.76,10.44,2025-10-24 23:59:00
218,47,49,Collins Inc,Travel,2025-10-25,4586,518,70,6320.27,5101.81,1378.17,12.2,90.29,11.3,13.51,2025-10-25 23:59:00
219,47,49,Collins Inc,Travel,2025-10-26,110,11,2,150.06,96.89,1364.18,13.64,75.03,10.0,18.18,2025-10-26 23:59:00
220,55,14,Bird-Collins,Beauty & Spa,2025-09-16,2240,73,12,1034.88,720.85,462.0,14.18,86.24,3.26,16.44,2025-09-16 23:59:00
221,55,14,Bird-Collins,Beauty & Spa,2025-09-17,594,70,7,1033.22,621.64,1739.43,14.76,147.6,11.78,10.0,2025-09-17 23:59:00
222,55,14,Bird-Collins,Beauty & Spa,2025-09-18,1910,237,49,3647.18,2854.82,1909.52,15.39,74.43,12.41,20.68,2025-09-18 23:59:00
223,55,14,Bird-Collins,Beauty & Spa,2025-09-19,4103,304,59,4697.46,2825.0,1144.88,15.45,79.62,7.41,19.41,2025-09-19 23:59:00
224,55,14,Bird-Collins,Beauty & Spa,2025-09-20,1566,84,20,1198.07,984.35,765.05,14.26,59.9,5.36,23.81,2025-09-20 23:59:00
225,55,14,Bird-Collins,Beauty & Spa,2025-09-21,2273,105,22,1213.26,935.1,533.77,11.55,55.15,4.62,20.95,2025-09-21 23:59:00
226,55,14,Bird-Collins,Beauty & Spa,2025-09-22,4958,708,64,7787.97,4937.88,1570.79,11.0,121.69,14.28,9.04,2025-09-22 23:59:00
227,55,14,Bird-Collins,Beauty & Spa,2025-09-23,3652,486,53,6756.35,5403.51,1850.04,13.9,127.48,13.31,10.91,2025-09-23 23:59:00
228,64,43,Joyce-Miller,Real Estate,2025-09-23,2058,138,10,18.59,14.04,9.03,0.13,1.86,6.71,7.25,2025-09-23 23:59:00
229,64,43,Joyce-Miller,Real Estate,2025-09-24,1846,261,17,16.71,10.41,9.05,0.06,0.98,14.14,6.51,2025-09-24 23:59:00
230,64,43,Joyce-Miller,Real Estate,2025-09-25,2880,418,92,30.92,23.14,10.74,0.07,0.34,14.51,22.01,2025-09-25 23:59:00
231,64,43,Joyce-Miller,Real Estate,2025-09-26,1988,109,5,23.35,14.87,11.75,0.21,4.67,5.48,4.59,2025-09-26 23:59:00
232,64,43,Joyce-Miller,Real Estate,2025-09-27,581,44,10,5.62,4.75,9.67,0.13,0.56,7.57,22.73,2025-09-27 23:59:00
233,64,43,Joyce-Miller,Real Estate,2025-09-28,2031,264,49,20.18,13.5,9.94,0.08,0.41,13.0,18.56,2025-09-28 23:59:00
234,64,43,Joyce-Miller,Real Estate,2025-09-29,2547,318,30,30.92,22.52,12.14,0.1,1.03,12.49,9.43,2025-09-29 23:59:00
235,64,43,Joyce-Miller,Real Estate,2025-09-30,3167,371,32,29.68,21.01,9.37,0.08,0.93,11.71,8.63,2025-09-30 23:59:00
236,64,43,Joyce-Miller,Real Estate,2025-10-01,4536,218,49,54.54,32.81,12.02,0.25,1.11,4.81,22.48,2025-10-01 23:59:00
237,64,43,Joyce-Miller,Real Estate,2025-10-02,1512,133,27,19.28,15.69,12.75,0.14,0.71,8.8,20.3,2025-10-02 23:59:00
238,64,43,Joyce-Miller,Real Estate,2025-10-03,1699,216,45,15.18,9.72,8.93,0.07,0.34,12.71,20.83,2025-10-03 23:59:00
239,64,43,Joyce-Miller,Real Estate,2025-10-04,3661,187,38,37.05,26.69,10.12,0.2,0.97,5.11,20.32,2025-10-04 23:59:00
240,64,43,Joyce-Miller,Real Estate,2025-10-05,674,49,11,8.0,6.25,11.87,0.16,0.73,7.27,22.45,2025-10-05 23:59:00
241,64,43,Joyce-Miller,Real Estate,2025-10-06,1405,131,23,14.79,11.8,10.53,0.11,0.64,9.32,17.56,2025-10-06 23:59:00
242,64,43,Joyce-Miller,Real Estate,2025-10-07,2404,176,24,25.73,15.6,10.7,0.15,1.07,7.32,13.64,2025-10-07 23:59:00
243,65,8,Andrews-Harvey,Insurance,2025-09-16,4509,424,23,3911.35,2772.14,867.45,9.22,170.06,9.4,5.42,2025-09-16 23:59:00
244,65,8,Andrews-Harvey,Insurance,2025-09-17,497,72,5,920.97,736.17,1853.06,12.79,184.19,14.49,6.94,2025-09-17 23:59:00
245,65,8,Andrews-Harvey,Insurance,2025-09-18,4498,594,148,7051.27,4355.97,1567.65,11.87,47.64,13.21,24.92,2025-09-18 23:59:00
246,65,8,Andrews-Harvey,Insurance,2025-09-19,1892,185,35,1648.81,1373.92,871.46,8.91,47.11,9.78,18.92,2025-09-19 23:59:00
247,65,8,Andrews-Harvey,Insurance,2025-09-20,4187,131,6,1589.99,1033.82,379.74,12.14,265.0,3.13,4.58,2025-09-20 23:59:00
248,65,8,Andrews-Harvey,Insurance,2025-09-21,4088,188,33,1927.85,1215.04,471.59,10.25,58.42,4.6,17.55,2025-09-21 23:59:00
249,65,8,Andrews-Harvey,Insurance,2025-09-22,4664,509,57,6567.19,4245.03,1408.06,12.9,115.21,10.91,11.2,2025-09-22 23:59:00
250,65,8,Andrews-Harvey,Insurance,2025-09-23,3744,88,8,920.97,680.58,245.99,10.47,115.12,2.35,9.09,2025-09-23 23:59:00
251,65,8,Andrews-Harvey,Insurance,2025-09-24,3501,175,20,1858.72,1448.71,530.91,10.62,92.94,5.0,11.43,2025-09-24 23:59:00
252,65,8,Andrews-Harvey,Insurance,2025-09-25,1468,84,6,977.72,682.98,666.02,11.64,162.95,5.72,7.14,2025-09-25 23:59:00
253,65,8,Andrews-Harvey,Insurance,2025-09-26,3436,508,93,5233.68,3431.42,1523.19,10.3,56.28,14.78,18.31,2025-09-26 23:59:00
254,69,43,"Rios, Hanson and Lane",Financial Services,2025-09-29,1600,86,15,720.38,515.82,450.24,8.38,48.03,5.38,17.44,2025-09-29 23:59:00
255,69,43,"Rios, Hanson and Lane",Financial Services,2025-09-30,3462,133,21,987.47,678.14,285.23,7.42,47.02,3.84,15.79,2025-09-30 23:59:00
256,69,43,"Rios, Hanson and Lane",Financial Services,2025-10-01,4960,725,130,6215.17,4179.6,1253.06,8.57,47.81,14.62,17.93,2025-10-01 23:59:00
257,69,43,"Rios, Hanson and Lane",Financial Services,2025-10-02,3485,358,86,4012.61,3100.3,1151.39,11.21,46.66,10.27,24.02,2025-10-02 23:59:00
258,69,43,"Rios, Hanson and Lane",Financial Services,2025-10-03,4340,544,47,2207.8,1352.21,508.71,4.06,46.97,12.53,8.64,2025-10-03 23:59:00
259,69,43,"Rios, Hanson and Lane",Financial Services,2025-10-04,1372,183,18,836.05,696.61,609.37,4.57,46.45,13.34,9.84,2025-10-04 23:59:00
260,69,43,"Rios, Hanson and Lane",Financial Services,2025-10-05,3965,563,79,3685.94,2900.74,929.62,6.55,46.66,14.2,14.03,2025-10-05 23:59:00
261,69,43,"Rios, Hanson and Lane",Financial Services,2025-10-06,4303,568,50,2469.73,1489.08,573.96,4.35,49.39,13.2,8.8,2025-10-06 23:59:00
262,69,43,"Rios, Hanson and Lane",Financial Services,2025-10-07,1651,72,12,647.09,455.22,391.94,8.99,53.92,4.36,16.67,2025-10-07 23:59:00
263,69,43,"Rios, Hanson and Lane",Financial Services,2025-10-08,3256,201,31,1485.99,1249.27,456.39,7.39,47.94,6.17,15.42,2025-10-08 23:59:00
264,69,43,"Rios, Hanson and Lane",Financial Services,2025-10-09,2795,191,33,1253.02,958.89,448.31,6.56,37.97,6.83,17.28,2025-10-09 23:59:00
265,69,43,"Rios, Hanson and Lane",Financial Services,2025-10-10,3943,325,27,1265.61,898.94,320.98,3.89,46.87,8.24,8.31,2025-10-10 23:59:00
266,69,43,"Rios, Hanson and Lane",Financial Services,2025-10-11,4286,338,46,2367.88,1850.96,552.47,7.01,51.48,7.89,13.61,2025-10-11 23:59:00
267,69,43,"Rios, Hanson and Lane",Financial Services,2025-10-12,1134,112,24,1238.0,844.38,1091.71,11.05,51.58,9.88,21.43,2025-10-12 23:59:00
268,69,43,"Rios, Hanson and Lane",Financial Services,2025-10-13,1671,209,24,1148.22,960.74,687.15,5.49,47.84,12.51,11.48,2025-10-13 23:59:00
269,77,36,Gonzalez-Garcia,Education,2025-09-19,4498,603,91,9177.21,6813.27,2040.29,15.22,100.85,13.41,15.09,2025-09-19 23:59:00
270,77,36,Gonzalez-Garcia,Education,2025-09-20,2365,258,46,4301.05,3225.3,1818.63,16.67,93.5,10.91,17.83,2025-09-20 23:59:00
271,77,36,Gonzalez-Garcia,Education,2025-09-21,198,9,1,75.38,53.29,380.71,8.38,75.38,4.55,11.11,2025-09-21 23:59:00
272,77,36,Gonzalez-Garcia,Education,2025-09-22,855,65,5,527.62,392.99,617.1,8.12,105.52,7.6,7.69,2025-09-22 23:59:00
273,77,36,Gonzalez-Garcia,Education,2025-09-23,711,18,4,322.66,224.27,453.81,17.93,80.67,2.53,22.22,2025-09-23 23:59:00
274,77,36,Gonzalez-Garcia,Education,2025-09-24,1008,37,5,510.64,366.15,506.59,13.8,102.13,3.67,13.51,2025-09-24 23:59:00
275,77,36,Gonzalez-Garcia,Education,2025-09-25,3406,131,10,1043.86,886.4,306.48,7.97,104.39,3.85,7.63,2025-09-25 23:59:00
276,77,36,Gonzalez-Garcia,Education,2025-09-26,3119,245,13,1276.22,1037.7,409.18,5.21,98.17,7.86,5.31,2025-09-26 23:59:00
277,77,36,Gonzalez-Garcia,Education,2025-09-27,1729,150,26,2351.19,1493.33,1359.86,15.67,90.43,8.68,17.33,2025-09-27 23:59:00
278,77,36,Gonzalez-Garcia,Education,2025-09-28,1091,56,7,673.16,571.48,617.01,12.02,96.17,5.13,12.5,2025-09-28 23:59:00
279,77,36,Gonzalez-Garcia,Education,2025-09-29,1682,182,15,1407.6,1102.06,836.86,7.73,93.84,10.82,8.24,2025-09-29 23:59:00
280,77,36,Gonzalez-Garcia,Education,2025-09-30,2701,157,38,3933.64,2967.27,1456.36,25.06,103.52,5.81,24.2,2025-09-30 23:59:00
281,77,36,Gonzalez-Garcia,Education,2025-10-01,2638,383,77,5882.84,4267.54,2230.04,15.36,76.4,14.52,20.1,2025-10-01 23:59:00
282,77,36,Gonzalez-Garcia,Education,2025-10-02,3908,148,32,3294.83,2340.53,843.1,22.26,102.96,3.79,21.62,2025-10-02 23:59:00
283,77,36,Gonzalez-Garcia,Education,2025-10-03,2318,130,8,849.52,537.6,366.49,6.53,106.19,5.61,6.15,2025-10-03 23:59:00
284,77,36,Gonzalez-Garcia,Education,2025-10-04,4448,578,87,6616.25,4806.59,1487.47,11.45,76.05,12.99,15.05,2025-10-04 23:59:00
285,77,36,Gonzalez-Garcia,Education,2025-10-05,4096,118,11,1061.67,775.9,259.2,9.0,96.52,2.88,9.32,2025-10-05 23:59:00
286,77,36,Gonzalez-Garcia,Education,2025-10-06,798,83,20,1662.43,1237.18,2083.25,20.03,83.12,10.4,24.1,2025-10-06 23:59:00
287,77,36,Gonzalez-Garcia,Education,2025-10-07,1279,157,34,3160.76,2434.75,2471.27,20.13,92.96,12.28,21.66,2025-10-07 23:59:00
288,77,36,Gonzalez-Garcia,Education,2025-10-08,2701,100,5,479.09,393.9,177.38,4.79,95.82,3.7,5.0,2025-10-08 23:59:00
289,77,36,Gonzalez-Garcia,Education,2025-10-09,2890,253,22,2099.38,1301.01,726.43,8.3,95.43,8.75,8.7,2025-10-09 23:59:00
290,77,36,Gonzalez-Garcia,Education,2025-10-10,2540,181,20,1732.76,1077.34,682.19,9.57,86.64,7.13,11.05,2025-10-10 23:59:00
291,77,36,Gonzalez-Garcia,Education,2025-10-11,4779,182,19,1791.23,1192.8,374.81,9.84,94.28,3.81,10.44,2025-10-11 23:59:00
292,77,36,Gonzalez-Garcia,Education,2025-10-12,4198,419,36,2968.2,1986.18,707.05,7.08,82.45,9.98,8.59,2025-10-12 23:59:00
293,77,36,Gonzalez-Garcia,Education,2025-10-13,2396,340,61,5903.54,3600.09,2463.91,17.36,96.78,14.19,17.94,2025-10-13 23:59:00
294,77,36,Gonzalez-Garcia,Education,2025-10-14,1174,173,33,3198.8,2635.17,2724.7,18.49,96.93,14.74,19.08,2025-10-14 23:59:00
295,77,36,Gonzalez-Garcia,Education,2025-10-15,2053,254,26,2338.45,1416.8,1139.04,9.21,89.94,12.37,10.24,2025-10-15 23:59:00
296,77,36,Gonzalez-Garcia,Education,2025-10-16,2022,227,46,4395.97,2686.61,2174.07,19.37,95.56,11.23,20.26,2025-10-16 23:59:00
297,77,36,Gonzalez-Garcia,Education,2025-10-17,1958,120,13,1366.46,1081.43,697.89,11.39,105.11,6.13,10.83,2025-10-17 23:59:00
298,77,36,Gonzalez-Garcia,Education,2025-10-18,1281,27,3,251.96,175.29,196.69,9.33,83.99,2.11,11.11,2025-10-18 23:59:00
299,77,36,Gonzalez-Garcia,Education,2025-10-19,2942,408,93,7298.14,4562.71,2480.67,17.89,78.47,13.87,22.79,2025-10-19 23:59:00
300,82,23,"Bird, Nelson and Fisher",Entertainment,2025-09-21,2360,170,29,1289.16,856.83,546.25,7.58,44.45,7.2,17.06,2025-09-21 23:59:00
301,82,23,"Bird, Nelson and Fisher",Entertainment,2025-09-22,2205,288,35,2263.14,1639.48,1026.37,7.86,64.66,13.06,12.15,2025-09-22 23:59:00
302,82,23,"Bird, Nelson and Fisher",Entertainment,2025-09-23,3702,361,42,2796.31,1751.83,755.35,7.75,66.58,9.75,11.63,2025-09-23 23:59:00
303,82,23,"Bird, Nelson and Fisher",Entertainment,2025-09-24,951,139,31,925.41,714.36,973.09,6.66,29.85,14.62,22.3,2025-09-24 23:59:00
304,82,23,"Bird, Nelson and Fisher",Entertainment,2025-09-25,3435,354,62,2330.3,1554.66,678.4,6.58,37.59,10.31,17.51,2025-09-25 23:59:00
305,82,23,"Bird, Nelson and Fisher",Entertainment,2025-09-26,2291,178,15,1118.85,705.57,488.37,6.29,74.59,7.77,8.43,2025-09-26 23:59:00
306,82,23,"Bird, Nelson and Fisher",Entertainment,2025-09-27,1815,205,33,1762.62,1354.78,971.14,8.6,53.41,11.29,16.1,2025-09-27 23:59:00
307,82,23,"Bird, Nelson and Fisher",Entertainment,2025-09-28,4386,518,117,3149.2,2223.04,718.01,6.08,26.92,11.81,22.59,2025-09-28 23:59:00
308,86,29,"Ballard, Smith and Patterson",Education,2025-09-16,3765,167,40,38.74,23.72,10.29,0.23,0.97,4.44,23.95,2025-09-16 23:59:00
309,86,29,"Ballard, Smith and Patterson",Education,2025-09-17,2848,92,5,32.74,20.21,11.5,0.36,6.55,3.23,5.43,2025-09-17 23:59:00
310,86,29,"Ballard, Smith and Patterson",Education,2025-09-18,883,106,16,11.92,9.08,13.5,0.11,0.74,12.0,15.09,2025-09-18 23:59:00
311,86,29,"Ballard, Smith and Patterson",Education,2025-09-19,2999,300,67,32.24,26.98,10.75,0.11,0.48,10.0,22.33,2025-09-19 23:59:00
312,86,29,"Ballard, Smith and Patterson",Education,2025-09-20,5000,384,22,62.86,45.99,12.57,0.16,2.86,7.68,5.73,2025-09-20 23:59:00
313,86,29,"Ballard, Smith and Patterson",Education,2025-09-21,1081,109,18,14.56,11.88,13.47,0.13,0.81,10.08,16.51,2025-09-21 23:59:00
314,86,29,"Ballard, Smith and Patterson",Education,2025-09-22,1783,69,12,19.52,16.45,10.95,0.28,1.63,3.87,17.39,2025-09-22 23:59:00
315,86,29,"Ballard, Smith and Patterson",Education,2025-09-23,1059,148,26,12.95,9.48,12.23,0.09,0.5,13.98,17.57,2025-09-23 23:59:00
316,86,29,"Ballard, Smith and Patterson",Education,2025-09-24,2442,173,39,23.58,18.32,9.66,0.14,0.6,7.08,22.54,2025-09-24 23:59:00
317,86,29,"Ballard, Smith and Patterson",Education,2025-09-25,3291,452,22,38.16,27.74,11.6,0.08,1.73,13.73,4.87,2025-09-25 23:59:00
318,86,29,"Ballard, Smith and Patterson",Education,2025-09-26,821,18,2,8.85,6.58,10.78,0.49,4.42,2.19,11.11,2025-09-26 23:59:00
319,86,29,"Ballard, Smith and Patterson",Education,2025-09-27,4026,263,27,40.17,25.33,9.98,0.15,1.49,6.53,10.27,2025-09-27 23:59:00
320,86,29,"Ballard, Smith and Patterson",Education,2025-09-28,1163,51,8,13.18,9.27,11.33,0.26,1.65,4.39,15.69,2025-09-28 23:59:00
321,86,29,"Ballard, Smith and Patterson",Education,2025-09-29,3716,228,55,44.99,29.51,12.11,0.2,0.82,6.14,24.12,2025-09-29 23:59:00
322,86,29,"Ballard, Smith and Patterson",Education,2025-09-30,3124,409,67,30.34,18.49,9.71,0.07,0.45,13.09,16.38,2025-09-30 23:59:00
323,86,29,"Ballard, Smith and Patterson",Education,2025-10-01,121,8,0,1.7,1.36,14.05,0.21,0.0,6.61,0.0,2025-10-01 23:59:00
324,86,29,"Ballard, Smith and Patterson",Education,2025-10-02,2490,364,24,31.69,26.05,12.73,0.09,1.32,14.62,6.59,2025-10-02 23:59:00
325,86,29,"Ballard, Smith and Patterson",Education,2025-10-03,3984,377,84,51.36,41.94,12.89,0.14,0.61,9.46,22.28,2025-10-03 23:59:00
326,86,29,"Ballard, Smith and Patterson",Education,2025-10-04,4802,144,32,61.2,38.05,12.74,0.43,1.91,3.0,22.22,2025-10-04 23:59:00
327,86,29,"Ballard, Smith and Patterson",Education,2025-10-05,2134,213,43,28.02,21.83,13.13,0.13,0.65,9.98,20.19,2025-10-05 23:59:00
328,86,29,"Ballard, Smith and Patterson",Education,2025-10-06,597,14,3,7.14,5.21,11.96,0.51,2.38,2.35,21.43,2025-10-06 23:59:00
329,88,49,"Ballard, Smith and Patterson",Retail,2025-09-16,658,78,11,5.32,3.37,8.09,0.07,0.48,11.85,14.1,2025-09-16 23:59:00
330,88,49,"Ballard, Smith and Patterson",Retail,2025-09-17,4289,131,30,35.64,30.13,8.31,0.27,1.19,3.05,22.9,2025-09-17 23:59:00
331,88,49,"Ballard, Smith and Patterson",Retail,2025-09-18,1211,170,24,9.78,7.89,8.08,0.06,0.41,14.04,14.12,2025-09-18 23:59:00
332,88,49,"Ballard, Smith and Patterson",Retail,2025-09-19,1098,104,19,12.24,8.88,11.15,0.12,0.64,9.47,18.27,2025-09-19 23:59:00
333,88,49,"Ballard, Smith and Patterson",Retail,2025-09-20,3265,458,26,32.45,22.04,9.94,0.07,1.25,14.03,5.68,2025-09-20 23:59:00
334,88,49,"Ballard, Smith and Patterson",Retail,2025-09-21,4891,436,78,39.63,31.88,8.1,0.09,0.51,8.91,17.89,2025-09-21 23:59:00
335,88,49,"Ballard, Smith and Patterson",Retail,2025-09-22,529,26,1,5.64,3.86,10.66,0.22,5.64,4.91,3.85,2025-09-22 23:59:00
336,90,36,Hurst-Romero,Home Services,2025-09-23,4398,171,22,1919.79,1370.82,436.51,11.23,87.26,3.89,12.87,2025-09-23 23:59:00
337,90,36,Hurst-Romero,Home Services,2025-09-24,4759,176,31,3775.93,2771.53,793.43,21.45,121.8,3.7,17.61,2025-09-24 23:59:00
338,90,36,Hurst-Romero,Home Services,2025-09-25,3019,200,31,3109.26,2590.16,1029.9,15.55,100.3,6.62,15.5,2025-09-25 23:59:00
339,90,36,Hurst-Romero,Home Services,2025-09-26,1496,197,23,2076.82,1439.1,1388.25,10.54,90.3,13.17,11.68,2025-09-26 23:59:00
340,90,36,Hurst-Romero,Home Services,2025-09-27,4808,560,83,8407.62,5580.82,1748.67,15.01,101.3,11.65,14.82,2025-09-27 23:59:00
341,90,36,Hurst-Romero,Home Services,2025-09-28,2271,167,18,1727.38,1062.62,760.63,10.34,95.97,7.35,10.78,2025-09-28 23:59:00
342,90,36,Hurst-Romero,Home Services,2025-09-29,4265,516,104,12590.53,10581.58,2952.06,24.4,121.06,12.1,20.16,2025-09-29 23:59:00
343,90,36,Hurst-Romero,Home Services,2025-09-30,4984,426,74,8220.27,6540.78,1649.33,19.3,111.08,8.55,17.37,2025-09-30 23:59:00
344,90,36,Hurst-Romero,Home Services,2025-10-01,690,55,7,867.39,688.35,1257.09,15.77,123.91,7.97,12.73,2025-10-01 23:59:00
345,90,36,Hurst-Romero,Home Services,2025-10-02,623,30,7,768.27,491.06,1233.18,25.61,109.75,4.82,23.33,2025-10-02 23:59:00
346,90,36,Hurst-Romero,Home Services,2025-10-03,3673,146,24,2735.55,1971.31,744.77,18.74,113.98,3.97,16.44,2025-10-03 23:59:00
347,90,36,Hurst-Romero,Home Services,2025-10-04,3243,455,55,5362.4,4442.86,1653.53,11.79,97.5,14.03,12.09,2025-10-04 23:59:00
348,90,36,Hurst-Romero,Home Services,2025-10-05,1917,279,62,5842.98,4629.34,3047.98,20.94,94.24,14.55,22.22,2025-10-05 23:59:00
349,90,36,Hurst-Romero,Home Services,2025-10-06,3255,338,54,4738.86,2861.86,1455.87,14.02,87.76,10.38,15.98,2025-10-06 23:59:00
350,90,36,Hurst-Romero,Home Services,2025-10-07,1927,242,55,4932.5,3158.45,2559.68,20.38,89.68,12.56,22.73,2025-10-07 23:59:00
351,90,36,Hurst-Romero,Home Services,2025-10-08,2030,194,47,4923.72,3026.89,2425.48,25.38,104.76,9.56,24.23,2025-10-08 23:59:00
352,90,36,Hurst-Romero,Home Services,2025-10-09,1834,221,51,5955.63,4265.25,3247.34,26.95,116.78,12.05,23.08,2025-10-09 23:59:00
353,90,36,Hurst-Romero,Home Services,2025-10-10,1399,91,8,979.32,774.92,700.01,10.76,122.42,6.5,8.79,2025-10-10 23:59:00
354,90,36,Hurst-Romero,Home Services,2025-10-11,2161,53,11,1373.19,890.69,635.44,25.91,124.84,2.45,20.75,2025-10-11 23:59:00
355,90,36,Hurst-Romero,Home Services,2025-10-12,1626,120,24,2245.72,1781.55,1381.13,18.71,93.57,7.38,20.0,2025-10-12 23:59:00
356,90,36,Hurst-Romero,Home Services,2025-10-13,4486,513,86,7982.62,5656.82,1779.45,15.56,92.82,11.44,16.76,2025-10-13 23:59:00
357,90,36,Hurst-Romero,Home Services,2025-10-14,4678,553,113,11235.86,7394.0,2401.85,20.32,99.43,11.82,20.43,2025-10-14 23:59:00
358,90,36,Hurst-Romero,Home Services,2025-10-15,3403,161,27,2772.43,1815.16,814.7,17.22,102.68,4.73,16.77,2025-10-15 23:59:00
359,90,36,Hurst-Romero,Home Services,2025-10-16,3384,503,86,9157.67,6701.32,2706.17,18.21,106.48,14.86,17.1,2025-10-16 23:59:00
360,90,36,Hurst-Romero,Home Services,2025-10-17,2285,121,14,1652.45,1316.79,723.17,13.66,118.03,5.3,11.57,2025-10-17 23:59:00
361,90,36,Hurst-Romero,Home Services,2025-10-18,3780,292,36,3071.76,2008.51,812.63,10.52,85.33,7.72,12.33,2025-10-18 23:59:00
362,90,36,Hurst-Romero,Home Services,2025-10-19,635,69,4,339.12,213.1,534.05,4.91,84.78,10.87,5.8,2025-10-19 23:59:00
363,90,36,Hurst-Romero,Home Services,2025-10-20,2066,87,10,846.31,540.47,409.64,9.73,84.63,4.21,11.49,2025-10-20 23:59:00
364,90,36,Hurst-Romero,Home Services,2025-10-21,267,24,4,400.76,321.99,1500.97,16.7,100.19,8.99,16.67,2025-10-21 23:59:00
365,90,36,Hurst-Romero,Home Services,2025-10-22,2829,257,23,1970.73,1400.69,696.62,7.67,85.68,9.08,8.95,2025-10-22 23:59:00
366,90,36,Hurst-Romero,Home Services,2025-10-23,4657,397,52,6372.34,4190.76,1368.34,16.05,122.55,8.52,13.1,2025-10-23 23:59:00
367,96,29,Wilson LLC,Retail,2025-09-16,2980,357,19,3768.08,2475.29,1264.46,10.55,198.32,11.98,5.32,2025-09-16 23:59:00
368,96,29,Wilson LLC,Retail,2025-09-17,954,125,16,1365.34,830.02,1431.17,10.92,85.33,13.1,12.8,2025-09-17 23:59:00
369,96,29,Wilson LLC,Retail,2025-09-18,3602,261,63,3566.58,2275.7,990.17,13.67,56.61,7.25,24.14,2025-09-18 23:59:00
370,96,29,Wilson LLC,Retail,2025-09-19,1490,192,45,2500.03,1577.36,1677.87,13.02,55.56,12.89,23.44,2025-09-19 23:59:00
371,96,29,Wilson LLC,Retail,2025-09-20,2306,263,50,3304.85,2071.54,1433.15,12.57,66.1,11.41,19.01,2025-09-20 23:59:00
372,96,29,Wilson LLC,Retail,2025-09-21,4774,162,23,2211.33,1575.39,463.2,13.65,96.14,3.39,14.2,2025-09-21 23:59:00
373,96,29,Wilson LLC,Retail,2025-09-22,4951,334,63,3290.08,2039.29,664.53,9.85,52.22,6.75,18.86,2025-09-22 23:59:00
374,96,29,Wilson LLC,Retail,2025-09-23,134,3,0,32.89,25.93,245.45,10.96,0.0,2.24,0.0,2025-09-23 23:59:00
375,96,29,Wilson LLC,Retail,2025-09-24,3063,294,30,3000.48,2205.65,979.59,10.21,100.02,9.6,10.2,2025-09-24 23:59:00
376,96,29,Wilson LLC,Retail,2025-09-25,324,24,3,318.9,202.09,984.26,13.29,106.3,7.41,12.5,2025-09-25 23:59:00
377,96,29,Wilson LLC,Retail,2025-09-26,2601,116,9,1298.84,813.52,499.36,11.2,144.32,4.46,7.76,2025-09-26 23:59:00
378,96,29,Wilson LLC,Retail,2025-09-27,356,36,7,421.06,329.26,1182.75,11.7,60.15,10.11,19.44,2025-09-27 23:59:00
379,96,29,Wilson LLC,Retail,2025-09-28,365,38,3,402.19,252.12,1101.89,10.58,134.06,10.41,7.89,2025-09-28 23:59:00
380,96,29,Wilson LLC,Retail,2025-09-29,1928,172,34,2076.35,1728.47,1076.95,12.07,61.07,8.92,19.77,2025-09-29 23:59:00
381,96,29,Wilson LLC,Retail,2025-09-30,4696,317,68,3221.81,2062.45,686.08,10.16,47.38,6.75,21.45,2025-09-30 23:59:00
382,96,29,Wilson LLC,Retail,2025-10-01,1431,80,15,1038.88,824.7,725.98,12.99,69.26,5.59,18.75,2025-10-01 23:59:00
383,96,29,Wilson LLC,Retail,2025-10-02,241,7,0,80.6,64.8,334.44,11.51,0.0,2.9,0.0,2025-10-02 23:59:00
384,96,29,Wilson LLC,Retail,2025-10-03,4510,174,24,2127.92,1706.01,471.82,12.23,88.66,3.86,13.79,2025-10-03 23:59:00
385,96,29,Wilson LLC,Retail,2025-10-04,4334,144,13,1849.03,1279.2,426.63,12.84,142.23,3.32,9.03,2025-10-04 23:59:00
386,96,29,Wilson LLC,Retail,2025-10-05,1576,61,6,605.52,502.58,384.21,9.93,100.92,3.87,9.84,2025-10-05 23:59:00
387,96,29,Wilson LLC,Retail,2025-10-06,2042,90,12,1200.68,859.94,587.99,13.34,100.06,4.41,13.33,2025-10-06 23:59:00
388,96,29,Wilson LLC,Retail,2025-10-07,912,42,4,417.85,321.55,458.17,9.95,104.46,4.61,9.52,2025-10-07 23:59:00
389,96,29,Wilson LLC,Retail,2025-10-08,3139,341,17,3396.77,2187.58,1082.12,9.96,199.81,10.86,4.99,2025-10-08 23:59:00
390,96,29,Wilson LLC,Retail,2025-10-09,2175,116,22,1296.6,909.49,596.14,11.18,58.94,5.33,18.97,2025-10-09 23:59:00
391,96,29,Wilson LLC,Retail,2025-10-10,2148,228,31,2235.59,1506.05,1040.78,9.81,72.12,10.61,13.6,2025-10-10 23:59:00
392,96,29,Wilson LLC,Retail,2025-10-11,3345,311,41,2990.34,2399.38,893.97,9.62,72.94,9.3,13.18,2025-10-11 23:59:00
393,106,7,"Wells, Moss and Rodriguez",Restaurant,2025-09-16,3448,419,97,39.06,25.42,11.33,0.09,0.4,12.15,23.15,2025-09-16 23:59:00
394,106,7,"Wells, Moss and Rodriguez",Restaurant,2025-09-17,3671,408,71,50.02,36.04,13.63,0.12,0.7,11.11,17.4,2025-09-17 23:59:00
395,106,7,"Wells, Moss and Rodriguez",Restaurant,2025-09-18,2941,388,67,35.63,25.21,12.11,0.09,0.53,13.19,17.27,2025-09-18 23:59:00
396,106,7,"Wells, Moss and Rodriguez",Restaurant,2025-09-19,4628,431,39,65.23,40.74,14.09,0.15,1.67,9.31,9.05,2025-09-19 23:59:00
397,106,7,"Wells, Moss and Rodriguez",Restaurant,2025-09-20,2844,86,17,42.5,30.69,14.94,0.49,2.5,3.02,19.77,2025-09-20 23:59:00
398,106,7,"Wells, Moss and Rodriguez",Restaurant,2025-09-21,669,81,15,9.5,7.14,14.2,0.12,0.63,12.11,18.52,2025-09-21 23:59:00
399,106,7,"Wells, Moss and Rodriguez",Restaurant,2025-09-22,1849,184,32,26.22,15.8,14.18,0.14,0.82,9.95,17.39,2025-09-22 23:59:00
400,106,7,"Wells, Moss and Rodriguez",Restaurant,2025-09-23,3150,209,51,46.34,35.14,14.71,0.22,0.91,6.63,24.4,2025-09-23 23:59:00
401,110,48,"Hamilton, Barnes and Christian",Pet Services,2025-09-16,2578,245,13,903.24,664.82,350.36,3.69,69.48,9.5,5.31,2025-09-16 23:59:00
402,110,48,"Hamilton, Barnes and Christian",Pet Services,2025-09-17,114,10,2,147.0,94.18,1289.47,14.7,73.5,8.77,20.0,2025-09-17 23:59:00
403,110,48,"Hamilton, Barnes and Christian",Pet Services,2025-09-18,4694,369,76,4982.39,3304.35,1061.44,13.5,65.56,7.86,20.6,2025-09-18 23:59:00
404,110,48,"Hamilton, Barnes and Christian",Pet Services,2025-09-19,1704,140,32,2697.13,1931.59,1582.82,19.27,84.29,8.22,22.86,2025-09-19 23:59:00
405,110,48,"Hamilton, Barnes and Christian",Pet Services,2025-09-20,213,5,1,67.02,41.66,314.65,13.4,67.02,2.35,20.0,2025-09-20 23:59:00
406,110,48,"Hamilton, Barnes and Christian",Pet Services,2025-09-21,4045,405,42,3551.58,2337.19,878.02,8.77,84.56,10.01,10.37,2025-09-21 23:59:00
407,110,48,"Hamilton, Barnes and Christian",Pet Services,2025-09-22,1923,199,46,3411.96,2448.1,1774.29,17.15,74.17,10.35,23.12,2025-09-22 23:59:00
408,110,48,"Hamilton, Barnes and Christian",Pet Services,2025-09-23,1862,262,35,2380.41,1710.43,1278.42,9.09,68.01,14.07,13.36,2025-09-23 23:59:00
409,110,48,"Hamilton, Barnes and Christian",Pet Services,2025-09-24,2325,221,15,1260.29,1051.19,542.06,5.7,84.02,9.51,6.79,2025-09-24 23:59:00
410,110,48,"Hamilton, Barnes and Christian",Pet Services,2025-09-25,618,40,3,186.54,155.19,301.84,4.66,62.18,6.47,7.5,2025-09-25 23:59:00
411,110,48,"Hamilton, Barnes and Christian",Pet Services,2025-09-26,3830,437,107,7904.19,5333.5,2063.76,18.09,73.87,11.41,24.49,2025-09-26 23:59:00
412,110,48,"Hamilton, Barnes and Christian",Pet Services,2025-09-27,1387,205,40,2713.18,1698.35,1956.15,13.24,67.83,14.78,19.51,2025-09-27 23:59:00
413,110,48,"Hamilton, Barnes and Christian",Pet Services,2025-09-28,4672,385,91,6305.4,4223.87,1349.61,16.38,69.29,8.24,23.64,2025-09-28 23:59:00
414,110,48,"Hamilton, Barnes and Christian",Pet Services,2025-09-29,1677,173,16,980.28,682.39,584.54,5.67,61.27,10.32,9.25,2025-09-29 23:59:00
415,110,48,"Hamilton, Barnes and Christian",Pet Services,2025-09-30,143,7,1,72.89,49.47,509.72,10.41,72.89,4.9,14.29,2025-09-30 23:59:00
416,110,48,"Hamilton, Barnes and Christian",Pet Services,2025-10-01,3519,527,125,10403.27,8374.06,2956.31,19.74,83.23,14.98,23.72,2025-10-01 23:59:00
417,110,48,"Hamilton, Barnes and Christian",Pet Services,2025-10-02,915,37,3,245.01,203.48,267.77,6.62,81.67,4.04,8.11,2025-10-02 23:59:00
418,110,48,"Hamilton, Barnes and Christian",Pet Services,2025-10-03,1292,46,3,206.74,149.09,160.02,4.49,68.91,3.56,6.52,2025-10-03 23:59:00
419,110,48,"Hamilton, Barnes and Christian",Pet Services,2025-10-04,2544,107,22,1812.28,1510.36,712.37,16.94,82.38,4.21,20.56,2025-10-04 23:59:00
420,110,48,"Hamilton, Barnes and Christian",Pet Services,2025-10-05,4473,270,60,3870.88,2854.42,865.39,14.34,64.51,6.04,22.22,2025-10-05 23:59:00
421,110,48,"Hamilton, Barnes and Christian",Pet Services,2025-10-06,1482,48,11,888.98,713.51,599.85,18.52,80.82,3.24,22.92,2025-10-06 23:59:00
422,110,48,"Hamilton, Barnes and Christian",Pet Services,2025-10-07,635,41,9,589.78,466.61,928.79,14.38,65.53,6.46,21.95,2025-10-07 23:59:00
423,110,48,"Hamilton, Barnes and Christian",Pet Services,2025-10-08,2600,350,18,1209.37,941.81,465.14,3.46,67.19,13.46,5.14,2025-10-08 23:59:00
424,110,48,"Hamilton, Barnes and Christian",Pet Services,2025-10-09,3895,582,73,4302.45,2754.18,1104.61,7.39,58.94,14.94,12.54,2025-10-09 23:59:00
425,110,48,"Hamilton, Barnes and Christian",Pet Services,2025-10-10,2573,56,7,574.86,423.83,223.42,10.27,82.12,2.18,12.5,2025-10-10 23:59:00
426,110,48,"Hamilton, Barnes and Christian",Pet Services,2025-10-11,4707,244,30,1908.44,1280.39,405.45,7.82,63.61,5.18,12.3,2025-10-11 23:59:00
427,110,48,"Hamilton, Barnes and Christian",Pet Services,2025-10-12,1021,94,8,480.43,321.01,470.55,5.11,60.05,9.21,8.51,2025-10-12 23:59:00
428,110,48,"Hamilton, Barnes and Christian",Pet Services,2025-10-13,1858,92,9,737.31,550.98,396.83,8.01,81.92,4.95,9.78,2025-10-13 23:59:00
429,110,48,"Hamilton, Barnes and Christian",Pet Services,2025-10-14,1491,96,4,280.16,176.3,187.9,2.92,70.04,6.44,4.17,2025-10-14 23:59:00
430,110,48,"Hamilton, Barnes and Christian",Pet Services,2025-10-15,2251,222,20,1542.21,1222.33,685.12,6.95,77.11,9.86,9.01,2025-10-15 23:59:00
431,110,48,"Hamilton, Barnes and Christian",Pet Services,2025-10-16,1516,201,32,2564.81,2092.55,1691.83,12.76,80.15,13.26,15.92,2025-10-16 23:59:00
432,110,48,"Hamilton, Barnes and Christian",Pet Services,2025-10-17,2709,156,22,1862.85,1134.92,687.65,11.94,84.67,5.76,14.1,2025-10-17 23:59:00
433,110,48,"Hamilton, Barnes and Christian",Pet Services,2025-10-18,4545,664,99,7228.68,5328.35,1590.47,10.89,73.02,14.61,14.91,2025-10-18 23:59:00
434,110,48,"Hamilton, Barnes and Christian",Pet Services,2025-10-19,2522,191,14,1214.12,865.49,481.41,6.36,86.72,7.57,7.33,2025-10-19 23:59:00
435,110,48,"Hamilton, Barnes and Christian",Pet Services,2025-10-20,4553,584,62,5165.19,3324.14,1134.46,8.84,83.31,12.83,10.62,2025-10-20 23:59:00
436,110,48,"Hamilton, Barnes and Christian",Pet Services,2025-10-21,2000,268,22,1379.11,902.43,689.55,5.15,62.69,13.4,8.21,2025-10-21 23:59:00
437,110,48,"Hamilton, Barnes and Christian",Pet Services,2025-10-22,559,17,2,138.51,110.43,247.78,8.15,69.25,3.04,11.76,2025-10-22 23:59:00
438,110,48,"Hamilton, Barnes and Christian",Pet Services,2025-10-23,4815,524,104,6899.46,4584.49,1432.91,13.17,66.34,10.88,19.85,2025-10-23 23:59:00
439,110,48,"Hamilton, Barnes and Christian",Pet Services,2025-10-24,3811,307,23,1827.63,1254.69,479.57,5.95,79.46,8.06,7.49,2025-10-24 23:59:00
440,110,48,"Hamilton, Barnes and Christian",Pet Services,2025-10-25,3314,247,23,1999.77,1401.77,603.43,8.1,86.95,7.45,9.31,2025-10-25 23:59:00
441,110,48,"Hamilton, Barnes and Christian",Pet Services,2025-10-26,3960,265,64,4884.06,3284.47,1233.35,18.43,76.31,6.69,24.15,2025-10-26 23:59:00
442,110,48,"Hamilton, Barnes and Christian",Pet Services,2025-10-27,594,40,6,386.09,251.46,649.98,9.65,64.35,6.73,15.0,2025-10-27 23:59:00
443,110,48,"Hamilton, Barnes and Christian",Pet Services,2025-10-28,4482,433,70,5041.87,3753.33,1124.92,11.64,72.03,9.66,16.17,2025-10-28 23:59:00
444,121,16,Ruiz-Hall,Restaurant,2025-09-16,1825,255,45,7.07,4.33,3.87,0.03,0.16,13.97,17.65,2025-09-16 23:59:00
445,121,16,Ruiz-Hall,Restaurant,2025-09-17,3948,365,74,18.04,12.07,4.57,0.05,0.24,9.25,20.27,2025-09-17 23:59:00
446,121,16,Ruiz-Hall,Restaurant,2025-09-18,2450,71,13,8.88,6.02,3.62,0.13,0.68,2.9,18.31,2025-09-18 23:59:00
447,121,16,Ruiz-Hall,Restaurant,2025-09-19,1647,65,16,6.51,4.17,3.95,0.1,0.41,3.95,24.62,2025-09-19 23:59:00
448,121,16,Ruiz-Hall,Restaurant,2025-09-20,3172,140,24,11.7,7.78,3.69,0.08,0.49,4.41,17.14,2025-09-20 23:59:00
449,121,16,Ruiz-Hall,Restaurant,2025-09-21,915,68,13,3.54,2.17,3.87,0.05,0.27,7.43,19.12,2025-09-21 23:59:00
450,121,16,Ruiz-Hall,Restaurant,2025-09-22,2593,158,17,13.09,9.34,5.05,0.08,0.77,6.09,10.76,2025-09-22 23:59:00
451,121,16,Ruiz-Hall,Restaurant,2025-09-23,3748,440,36,15.96,13.13,4.26,0.04,0.44,11.74,8.18,2025-09-23 23:59:00
452,121,16,Ruiz-Hall,Restaurant,2025-09-24,2434,342,22,11.85,8.05,4.87,0.03,0.54,14.05,6.43,2025-09-24 23:59:00
453,121,16,Ruiz-Hall,Restaurant,2025-09-25,807,44,3,3.89,3.0,4.82,0.09,1.3,5.45,6.82,2025-09-25 23:59:00
454,121,16,Ruiz-Hall,Restaurant,2025-09-26,4571,541,85,23.31,18.23,5.1,0.04,0.27,11.84,15.71,2025-09-26 23:59:00
455,121,16,Ruiz-Hall,Restaurant,2025-09-27,552,69,13,2.39,2.0,4.33,0.03,0.18,12.5,18.84,2025-09-27 23:59:00
456,126,48,Williams-Guzman,Retail,2025-09-16,4566,522,120,50.22,37.87,11.0,0.1,0.42,11.43,22.99,2025-09-16 23:59:00
457,126,48,Williams-Guzman,Retail,2025-09-17,4411,181,43,64.21,38.59,14.56,0.35,1.49,4.1,23.76,2025-09-17 23:59:00
458,126,48,Williams-Guzman,Retail,2025-09-18,3718,220,28,47.5,38.0,12.78,0.22,1.7,5.92,12.73,2025-09-18 23:59:00
459,126,48,Williams-Guzman,Retail,2025-09-19,449,27,6,6.38,5.04,14.21,0.24,1.06,6.01,22.22,2025-09-19 23:59:00
460,126,48,Williams-Guzman,Retail,2025-09-20,4055,262,64,55.37,41.66,13.65,0.21,0.87,6.46,24.43,2025-09-20 23:59:00
461,126,48,Williams-Guzman,Retail,2025-09-21,3322,323,43,36.66,28.64,11.04,0.11,0.85,9.72,13.31,2025-09-21 23:59:00
462,126,48,Williams-Guzman,Retail,2025-09-22,3233,263,40,42.24,29.74,13.07,0.16,1.06,8.13,15.21,2025-09-22 23:59:00
463,126,48,Williams-Guzman,Retail,2025-09-23,2234,268,60,30.6,20.18,13.7,0.11,0.51,12.0,22.39,2025-09-23 23:59:00
464,126,48,Williams-Guzman,Retail,2025-09-24,4193,141,21,59.85,39.83,14.27,0.42,2.85,3.36,14.89,2025-09-24 23:59:00
465,126,48,Williams-Guzman,Retail,2025-09-25,3546,243,52,51.35,40.65,14.48,0.21,0.99,6.85,21.4,2025-09-25 23:59:00
466,126,48,Williams-Guzman,Retail,2025-09-26,1827,50,3,19.43,12.52,10.63,0.39,6.48,2.74,6.0,2025-09-26 23:59:00
467,126,48,Williams-Guzman,Retail,2025-09-27,1874,102,5,27.69,19.73,14.78,0.27,5.54,5.44,4.9,2025-09-27 23:59:00
468,126,48,Williams-Guzman,Retail,2025-09-28,473,40,6,6.32,4.74,13.36,0.16,1.05,8.46,15.0,2025-09-28 23:59:00
469,126,48,Williams-Guzman,Retail,2025-09-29,1956,287,19,26.44,18.36,13.52,0.09,1.39,14.67,6.62,2025-09-29 23:59:00
470,126,48,Williams-Guzman,Retail,2025-09-30,2788,230,35,30.32,18.35,10.88,0.13,0.87,8.25,15.22,2025-09-30 23:59:00
471,126,48,Williams-Guzman,Retail,2025-10-01,2130,147,15,30.02,18.84,14.09,0.2,2.0,6.9,10.2,2025-10-01 23:59:00
472,126,48,Williams-Guzman,Retail,2025-10-02,895,58,10,9.89,7.45,11.05,0.17,0.99,6.48,17.24,2025-10-02 23:59:00
473,126,48,Williams-Guzman,Retail,2025-10-03,320,45,5,4.13,2.58,12.91,0.09,0.83,14.06,11.11,2025-10-03 23:59:00
474,126,48,Williams-Guzman,Retail,2025-10-04,4377,271,60,50.04,35.05,11.43,0.18,0.83,6.19,22.14,2025-10-04 23:59:00
475,126,48,Williams-Guzman,Retail,2025-10-05,3790,417,31,50.76,32.96,13.39,0.12,1.64,11.0,7.43,2025-10-05 23:59:00
476,126,48,Williams-Guzman,Retail,2025-10-06,846,118,27,11.55,9.28,13.65,0.1,0.43,13.95,22.88,2025-10-06 23:59:00
477,126,48,Williams-Guzman,Retail,2025-10-07,3192,278,65,38.85,26.81,12.17,0.14,0.6,8.71,23.38,2025-10-07 23:59:00
478,126,48,Williams-Guzman,Retail,2025-10-08,2794,361,88,28.99,22.9,10.38,0.08,0.33,12.92,24.38,2025-10-08 23:59:00
479,126,48,Williams-Guzman,Retail,2025-10-09,178,11,2,2.68,1.82,15.06,0.24,1.34,6.18,18.18,2025-10-09 23:59:00
480,126,48,Williams-Guzman,Retail,2025-10-10,1882,78,9,20.45,13.67,10.87,0.26,2.27,4.14,11.54,2025-10-10 23:59:00
481,126,48,Williams-Guzman,Retail,2025-10-11,2533,373,28,32.39,24.04,12.79,0.09,1.16,14.73,7.51,2025-10-11 23:59:00
482,126,48,Williams-Guzman,Retail,2025-10-12,3469,141,33,39.84,28.65,11.48,0.28,1.21,4.06,23.4,2025-10-12 23:59:00
483,126,48,Williams-Guzman,Retail,2025-10-13,4765,490,83,51.72,41.0,10.85,0.11,0.62,10.28,16.94,2025-10-13 23:59:00
484,126,48,Williams-Guzman,Retail,2025-10-14,4052,476,98,49.4,30.81,12.19,0.1,0.5,11.75,20.59,2025-10-14 23:59:00
485,126,48,Williams-Guzman,Retail,2025-10-15,3728,220,49,38.35,27.52,10.29,0.17,0.78,5.9,22.27,2025-10-15 23:59:00
486,126,48,Williams-Guzman,Retail,2025-10-16,2363,327,37,31.14,22.78,13.18,0.1,0.84,13.84,11.31,2025-10-16 23:59:00
487,126,48,Williams-Guzman,Retail,2025-10-17,2442,334,26,31.93,24.3,13.08,0.1,1.23,13.68,7.78,2025-10-17 23:59:00
488,126,48,Williams-Guzman,Retail,2025-10-18,3312,222,41,48.74,36.29,14.72,0.22,1.19,6.7,18.47,2025-10-18 23:59:00
489,126,48,Williams-Guzman,Retail,2025-10-19,1931,233,57,21.23,15.54,10.99,0.09,0.37,12.07,24.46,2025-10-19 23:59:00
490,127,11,Lin LLC,Healthcare,2025-09-21,1340,145,10,1426.57,859.88,1064.6,9.84,142.66,10.82,6.9,2025-09-21 23:59:00
491,127,11,Lin LLC,Healthcare,2025-09-22,4526,321,55,6527.86,4937.29,1442.3,20.34,118.69,7.09,17.13,2025-09-22 23:59:00
492,127,11,Lin LLC,Healthcare,2025-09-23,715,46,10,1371.07,979.92,1917.58,29.81,137.11,6.43,21.74,2025-09-23 23:59:00
493,127,11,Lin LLC,Healthcare,2025-09-24,4114,145,7,895.04,551.57,217.56,6.17,127.86,3.52,4.83,2025-09-24 23:59:00
494,127,11,Lin LLC,Healthcare,2025-09-25,1154,171,12,1419.11,935.29,1229.73,8.3,118.26,14.82,7.02,2025-09-25 23:59:00
495,127,11,Lin LLC,Healthcare,2025-09-26,3412,155,16,2079.34,1268.42,609.42,13.42,129.96,4.54,10.32,2025-09-26 23:59:00
496,127,11,Lin LLC,Healthcare,2025-09-27,4966,240,20,2307.52,1467.84,464.66,9.61,115.38,4.83,8.33,2025-09-27 23:59:00
497,127,11,Lin LLC,Healthcare,2025-09-28,2799,189,38,4176.21,2740.43,1492.04,22.1,109.9,6.75,20.11,2025-09-28 23:59:00
498,127,11,Lin LLC,Healthcare,2025-09-29,4707,531,120,14086.2,10706.23,2992.61,26.53,117.39,11.28,22.6,2025-09-29 23:59:00
499,127,11,Lin LLC,Healthcare,2025-09-30,2721,367,73,8356.93,7038.47,3071.27,22.77,114.48,13.49,19.89,2025-09-30 23:59:00
500,127,11,Lin LLC,Healthcare,2025-10-01,3247,429,35,5496.45,4474.32,1692.78,12.81,157.04,13.21,8.16,2025-10-01 23:59:00
501,127,11,Lin LLC,Healthcare,2025-10-02,2409,195,35,4928.34,4005.68,2045.8,25.27,140.81,8.09,17.95,2025-10-02 23:59:00
502,127,11,Lin LLC,Healthcare,2025-10-03,3042,220,19,2269.08,1905.39,745.92,10.31,119.43,7.23,8.64,2025-10-03 23:59:00
503,127,11,Lin LLC,Healthcare,2025-10-04,374,42,3,453.2,300.64,1211.76,10.79,151.07,11.23,7.14,2025-10-04 23:59:00
504,127,11,Lin LLC,Healthcare,2025-10-05,3565,455,97,14321.1,8905.14,4017.14,31.47,147.64,12.76,21.32,2025-10-05 23:59:00
505,146,23,Thomas-Bishop,Insurance,2025-09-16,4005,249,41,15.19,11.06,3.79,0.06,0.37,6.22,16.47,2025-09-16 23:59:00
506,146,23,Thomas-Bishop,Insurance,2025-09-17,457,41,7,1.43,1.14,3.13,0.03,0.2,8.97,17.07,2025-09-17 23:59:00
507,146,23,Thomas-Bishop,Insurance,2025-09-18,1549,109,23,6.44,4.41,4.16,0.06,0.28,7.04,21.1,2025-09-18 23:59:00
508,146,23,Thomas-Bishop,Insurance,2025-09-19,3261,445,53,12.75,8.81,3.91,0.03,0.24,13.65,11.91,2025-09-19 23:59:00
509,146,23,Thomas-Bishop,Insurance,2025-09-20,1457,143,25,6.13,4.6,4.21,0.04,0.25,9.81,17.48,2025-09-20 23:59:00
510,146,23,Thomas-Bishop,Insurance,2025-09-21,3289,95,14,12.87,10.82,3.91,0.14,0.92,2.89,14.74,2025-09-21 23:59:00
511,146,23,Thomas-Bishop,Insurance,2025-09-22,1390,51,8,4.5,3.42,3.24,0.09,0.56,3.67,15.69,2025-09-22 23:59:00
512,146,23,Thomas-Bishop,Insurance,2025-09-23,3143,421,95,9.76,6.81,3.11,0.02,0.1,13.39,22.57,2025-09-23 23:59:00
513,146,23,Thomas-Bishop,Insurance,2025-09-24,785,116,28,3.06,2.09,3.9,0.03,0.11,14.78,24.14,2025-09-24 23:59:00
514,161,5,Bird-Collins,Pet Services,2025-09-16,2695,257,34,16.83,10.82,6.24,0.07,0.49,9.54,13.23,2025-09-16 23:59:00
515,163,8,"Parks, Lucero and Hall",Travel,2025-09-16,1507,160,34,19.34,12.88,12.83,0.12,0.57,10.62,21.25,2025-09-16 23:59:00
516,163,8,"Parks, Lucero and Hall",Travel,2025-09-17,2016,206,41,23.53,16.26,11.67,0.11,0.57,10.22,19.9,2025-09-17 23:59:00
517,163,8,"Parks, Lucero and Hall",Travel,2025-09-18,3819,507,126,40.25,26.38,10.54,0.08,0.32,13.28,24.85,2025-09-18 23:59:00
518,163,8,"Parks, Lucero and Hall",Travel,2025-09-19,2426,271,32,25.2,15.31,10.39,0.09,0.79,11.17,11.81,2025-09-19 23:59:00
519,163,8,"Parks, Lucero and Hall",Travel,2025-09-20,3968,309,31,48.0,30.69,12.1,0.16,1.55,7.79,10.03,2025-09-20 23:59:00
520,163,8,"Parks, Lucero and Hall",Travel,2025-09-21,1524,77,11,18.19,13.52,11.94,0.24,1.65,5.05,14.29,2025-09-21 23:59:00
521,163,8,"Parks, Lucero and Hall",Travel,2025-09-22,1783,122,23,23.01,14.8,12.91,0.19,1.0,6.84,18.85,2025-09-22 23:59:00
522,163,8,"Parks, Lucero and Hall",Travel,2025-09-23,1089,81,15,13.03,9.17,11.97,0.16,0.87,7.44,18.52,2025-09-23 23:59:00
523,163,8,"Parks, Lucero and Hall",Travel,2025-09-24,431,34,2,5.55,4.04,12.88,0.16,2.77,7.89,5.88,2025-09-24 23:59:00
524,163,8,"Parks, Lucero and Hall",Travel,2025-09-25,1487,157,19,19.12,15.26,12.86,0.12,1.01,10.56,12.1,2025-09-25 23:59:00
525,163,8,"Parks, Lucero and Hall",Travel,2025-09-26,3808,124,30,53.74,38.96,14.11,0.43,1.79,3.26,24.19,2025-09-26 23:59:00
526,163,8,"Parks, Lucero and Hall",Travel,2025-09-27,4358,433,82,52.39,36.71,12.02,0.12,0.64,9.94,18.94,2025-09-27 23:59:00
527,163,8,"Parks, Lucero and Hall",Travel,2025-09-28,2730,402,95,39.99,26.47,14.65,0.1,0.42,14.73,23.63,2025-09-28 23:59:00
528,163,8,"Parks, Lucero and Hall",Travel,2025-09-29,3205,472,117,35.91,26.54,11.2,0.08,0.31,14.73,24.79,2025-09-29 23:59:00
529,163,8,"Parks, Lucero and Hall",Travel,2025-09-30,2362,190,23,30.46,25.79,12.9,0.16,1.32,8.04,12.11,2025-09-30 23:59:00
530,163,8,"Parks, Lucero and Hall",Travel,2025-10-01,3466,294,23,37.42,29.1,10.8,0.13,1.63,8.48,7.82,2025-10-01 23:59:00
531,163,8,"Parks, Lucero and Hall",Travel,2025-10-02,727,39,7,9.0,5.92,12.38,0.23,1.29,5.36,17.95,2025-10-02 23:59:00
532,163,8,"Parks, Lucero and Hall",Travel,2025-10-03,2304,300,70,27.47,22.71,11.92,0.09,0.39,13.02,23.33,2025-10-03 23:59:00
533,164,41,Kirby-Haney,Beauty & Spa,2025-09-21,1290,109,6,2.63,2.13,2.04,0.02,0.44,8.45,5.5,2025-09-21 23:59:00
534,164,41,Kirby-Haney,Beauty & Spa,2025-09-22,455,51,7,0.81,0.57,1.78,0.02,0.12,11.21,13.73,2025-09-22 23:59:00
535,164,41,Kirby-Haney,Beauty & Spa,2025-09-23,1240,65,4,2.9,2.37,2.34,0.04,0.72,5.24,6.15,2025-09-23 23:59:00
536,164,41,Kirby-Haney,Beauty & Spa,2025-09-24,1375,109,15,2.56,1.79,1.86,0.02,0.17,7.93,13.76,2025-09-24 23:59:00
537,164,41,Kirby-Haney,Beauty & Spa,2025-09-25,2100,238,37,5.09,3.79,2.42,0.02,0.14,11.33,15.55,2025-09-25 23:59:00
538,164,41,Kirby-Haney,Beauty & Spa,2025-09-26,1838,258,40,4.56,2.93,2.48,0.02,0.11,14.04,15.5,2025-09-26 23:59:00
539,164,41,Kirby-Haney,Beauty & Spa,2025-09-27,1254,53,6,2.91,2.41,2.32,0.05,0.49,4.23,11.32,2025-09-27 23:59:00
540,164,41,Kirby-Haney,Beauty & Spa,2025-09-28,735,89,13,1.28,0.97,1.74,0.01,0.1,12.11,14.61,2025-09-28 23:59:00
541,164,41,Kirby-Haney,Beauty & Spa,2025-09-29,1164,121,9,2.31,1.91,1.98,0.02,0.26,10.4,7.44,2025-09-29 23:59:00
542,164,41,Kirby-Haney,Beauty & Spa,2025-09-30,2286,149,10,4.96,3.16,2.17,0.03,0.5,6.52,6.71,2025-09-30 23:59:00
543,164,41,Kirby-Haney,Beauty & Spa,2025-10-01,2724,68,8,5.25,3.57,1.93,0.08,0.66,2.5,11.76,2025-10-01 23:59:00
544,164,41,Kirby-Haney,Beauty & Spa,2025-10-02,484,59,7,1.21,0.74,2.5,0.02,0.17,12.19,11.86,2025-10-02 23:59:00
545,164,41,Kirby-Haney,Beauty & Spa,2025-10-03,1155,51,9,2.21,1.86,1.91,0.04,0.25,4.42,17.65,2025-10-03 23:59:00
546,164,41,Kirby-Haney,Beauty & Spa,2025-10-04,2794,384,88,5.47,3.67,1.96,0.01,0.06,13.74,22.92,2025-10-04 23:59:00
547,164,41,Kirby-Haney,Beauty & Spa,2025-10-05,2870,168,10,6.73,5.5,2.34,0.04,0.67,5.85,5.95,2025-10-05 23:59:00
548,164,41,Kirby-Haney,Beauty & Spa,2025-10-06,1054,55,10,1.8,1.47,1.71,0.03,0.18,5.22,18.18,2025-10-06 23:59:00
549,164,41,Kirby-Haney,Beauty & Spa,2025-10-07,631,87,10,1.16,0.87,1.84,0.01,0.12,13.79,11.49,2025-10-07 23:59:00
550,164,41,Kirby-Haney,Beauty & Spa,2025-10-08,3784,527,95,7.64,5.01,2.02,0.01,0.08,13.93,18.03,2025-10-08 23:59:00
551,164,41,Kirby-Haney,Beauty & Spa,2025-10-09,2805,339,52,5.45,3.95,1.94,0.02,0.1,12.09,15.34,2025-10-09 23:59:00
552,164,41,Kirby-Haney,Beauty & Spa,2025-10-10,4175,436,99,9.82,7.09,2.35,0.02,0.1,10.44,22.71,2025-10-10 23:59:00
553,164,41,Kirby-Haney,Beauty & Spa,2025-10-11,823,50,5,1.81,1.27,2.2,0.04,0.36,6.08,10.0,2025-10-11 23:59:00
554,164,41,Kirby-Haney,Beauty & Spa,2025-10-12,4556,141,18,10.77,8.82,2.36,0.08,0.6,3.09,12.77,2025-10-12 23:59:00
555,164,41,Kirby-Haney,Beauty & Spa,2025-10-13,3313,441,33,7.52,4.59,2.27,0.02,0.23,13.31,7.48,2025-10-13 23:59:00
556,164,41,Kirby-Haney,Beauty & Spa,2025-10-14,978,145,35,1.8,1.09,1.84,0.01,0.05,14.83,24.14,2025-10-14 23:59:00
557,164,41,Kirby-Haney,Beauty & Spa,2025-10-15,1716,125,18,3.42,2.37,1.99,0.03,0.19,7.28,14.4,2025-10-15 23:59:00
558,164,41,Kirby-Haney,Beauty & Spa,2025-10-16,2388,272,33,5.94,4.95,2.49,0.02,0.18,11.39,12.13,2025-10-16 23:59:00
559,164,41,Kirby-Haney,Beauty & Spa,2025-10-17,1562,38,5,3.56,2.34,2.28,0.09,0.71,2.43,13.16,2025-10-17 23:59:00
560,164,41,Kirby-Haney,Beauty & Spa,2025-10-18,4148,208,38,10.31,8.03,2.49,0.05,0.27,5.01,18.27,2025-10-18 23:59:00
561,164,41,Kirby-Haney,Beauty & Spa,2025-10-19,2697,369,69,6.4,4.67,2.37,0.02,0.09,13.68,18.7,2025-10-19 23:59:00
562,164,41,Kirby-Haney,Beauty & Spa,2025-10-20,1464,84,8,2.49,1.81,1.7,0.03,0.31,5.74,9.52,2025-10-20 23:59:00
563,164,41,Kirby-Haney,Beauty & Spa,2025-10-21,322,13,1,0.6,0.36,1.86,0.05,0.6,4.04,7.69,2025-10-21 23:59:00
564,164,41,Kirby-Haney,Beauty & Spa,2025-10-22,1124,39,5,2.15,1.32,1.91,0.06,0.43,3.47,12.82,2025-10-22 23:59:00
565,164,41,Kirby-Haney,Beauty & Spa,2025-10-23,2270,192,33,5.69,3.77,2.51,0.03,0.17,8.46,17.19,2025-10-23 23:59:00
566,164,41,Kirby-Haney,Beauty & Spa,2025-10-24,4990,685,161,8.65,5.19,1.73,0.01,0.05,13.73,23.5,2025-10-24 23:59:00
567,164,41,Kirby-Haney,Beauty & Spa,2025-10-25,1820,113,8,4.12,3.41,2.26,0.04,0.52,6.21,7.08,2025-10-25 23:59:00
568,164,41,Kirby-Haney,Beauty & Spa,2025-10-26,3581,246,18,9.05,7.39,2.53,0.04,0.5,6.87,7.32,2025-10-26 23:59:00
569,164,41,Kirby-Haney,Beauty & Spa,2025-10-27,1765,219,45,3.8,2.95,2.15,0.02,0.08,12.41,20.55,2025-10-27 23:59:00
570,164,41,Kirby-Haney,Beauty & Spa,2025-10-28,1199,98,9,2.28,1.63,1.9,0.02,0.25,8.17,9.18,2025-10-28 23:59:00
571,164,41,Kirby-Haney,Beauty & Spa,2025-10-29,4411,436,64,9.34,6.76,2.12,0.02,0.15,9.88,14.68,2025-10-29 23:59:00
572,164,41,Kirby-Haney,Beauty & Spa,2025-10-30,941,39,8,2.01,1.45,2.14,0.05,0.25,4.14,20.51,2025-10-30 23:59:00
573,164,41,Kirby-Haney,Beauty & Spa,2025-10-31,2425,83,7,4.11,2.93,1.69,0.05,0.59,3.42,8.43,2025-10-31 23:59:00
574,164,41,Kirby-Haney,Beauty & Spa,2025-11-01,512,51,7,1.03,0.74,2.01,0.02,0.15,9.96,13.73,2025-11-01 23:59:00
575,164,41,Kirby-Haney,Beauty & Spa,2025-11-02,3366,487,47,7.74,4.76,2.3,0.02,0.16,14.47,9.65,2025-11-02 23:59:00
576,164,41,Kirby-Haney,Beauty & Spa,2025-11-03,3695,231,18,6.31,4.16,1.71,0.03,0.35,6.25,7.79,2025-11-03 23:59:00
577,164,41,Kirby-Haney,Beauty & Spa,2025-11-04,4396,623,124,10.76,7.03,2.45,0.02,0.09,14.17,19.9,2025-11-04 23:59:00
578,164,41,Kirby-Haney,Beauty & Spa,2025-11-05,265,27,1,0.46,0.32,1.74,0.02,0.46,10.19,3.7,2025-11-05 23:59:00
579,164,41,Kirby-Haney,Beauty & Spa,2025-11-06,4148,195,22,8.52,6.34,2.05,0.04,0.39,4.7,11.28,2025-11-06 23:59:00
580,164,41,Kirby-Haney,Beauty & Spa,2025-11-07,2975,149,21,6.63,3.98,2.23,0.04,0.32,5.01,14.09,2025-11-07 23:59:00
581,164,41,Kirby-Haney,Beauty & Spa,2025-11-08,753,54,3,1.46,1.16,1.94,0.03,0.49,7.17,5.56,2025-11-08 23:59:00
582,164,41,Kirby-Haney,Beauty & Spa,2025-11-09,730,30,5,1.58,1.05,2.16,0.05,0.32,4.11,16.67,2025-11-09 23:59:00
583,164,41,Kirby-Haney,Beauty & Spa,2025-11-10,1364,111,10,3.44,2.64,2.52,0.03,0.34,8.14,9.01,2025-11-10 23:59:00
584,164,41,Kirby-Haney,Beauty & Spa,2025-11-11,1058,67,7,2.29,1.89,2.16,0.03,0.33,6.33,10.45,2025-11-11 23:59:00
585,164,41,Kirby-Haney,Beauty & Spa,2025-11-12,4127,184,37,9.16,5.78,2.22,0.05,0.25,4.46,20.11,2025-11-12 23:59:00
586,164,41,Kirby-Haney,Beauty & Spa,2025-11-13,4116,84,5,8.52,5.25,2.07,0.1,1.7,2.04,5.95,2025-11-13 23:59:00
587,164,41,Kirby-Haney,Beauty & Spa,2025-11-14,1100,108,23,2.37,1.67,2.15,0.02,0.1,9.82,21.3,2025-11-14 23:59:00
588,164,41,Kirby-Haney,Beauty & Spa,2025-11-15,650,21,4,1.19,0.8,1.83,0.06,0.3,3.23,19.05,2025-11-15 23:59:00
589,164,41,Kirby-Haney,Beauty & Spa,2025-11-16,4462,439,29,11.25,9.08,2.52,0.03,0.39,9.84,6.61,2025-11-16 23:59:00
590,164,41,Kirby-Haney,Beauty & Spa,2025-11-17,803,66,14,1.86,1.46,2.32,0.03,0.13,8.22,21.21,2025-11-17 23:59:00
591,164,41,Kirby-Haney,Beauty & Spa,2025-11-18,398,55,10,0.98,0.71,2.46,0.02,0.1,13.82,18.18,2025-11-18 23:59:00
592,164,41,Kirby-Haney,Beauty & Spa,2025-11-19,4175,425,78,7.67,5.07,1.84,0.02,0.1,10.18,18.35,2025-11-19 23:59:00
593,164,41,Kirby-Haney,Beauty & Spa,2025-11-20,626,30,2,1.06,0.66,1.69,0.04,0.53,4.79,6.67,2025-11-20 23:59:00
594,164,41,Kirby-Haney,Beauty & Spa,2025-11-21,333,38,7,0.62,0.46,1.86,0.02,0.09,11.41,18.42,2025-11-21 23:59:00
595,164,41,Kirby-Haney,Beauty & Spa,2025-11-22,197,23,1,0.49,0.33,2.49,0.02,0.49,11.68,4.35,2025-11-22 23:59:00
596,164,41,Kirby-Haney,Beauty & Spa,2025-11-23,515,17,3,1.07,0.89,2.08,0.06,0.36,3.3,17.65,2025-11-23 23:59:00
597,164,41,Kirby-Haney,Beauty & Spa,2025-11-24,4070,257,62,10.18,6.75,2.5,0.04,0.16,6.31,24.12,2025-11-24 23:59:00
598,164,41,Kirby-Haney,Beauty & Spa,2025-11-25,1465,203,11,2.68,2.21,1.83,0.01,0.24,13.86,5.42,2025-11-25 23:59:00
599,164,41,Kirby-Haney,Beauty & Spa,2025-11-26,3823,318,69,8.02,4.98,2.1,0.03,0.12,8.32,21.7,2025-11-26 23:59:00
600,164,41,Kirby-Haney,Beauty & Spa,2025-11-27,2126,176,30,4.29,3.41,2.02,0.02,0.14,8.28,17.05,2025-11-27 23:59:00
601,164,41,Kirby-Haney,Beauty & Spa,2025-11-28,2250,80,11,4.34,2.93,1.93,0.05,0.39,3.56,13.75,2025-11-28 23:59:00
602,164,41,Kirby-Haney,Beauty & Spa,2025-11-29,928,19,4,1.99,1.63,2.14,0.1,0.5,2.05,21.05,2025-11-29 23:59:00
603,164,41,Kirby-Haney,Beauty & Spa,2025-11-30,660,62,8,1.46,1.07,2.21,0.02,0.18,9.39,12.9,2025-11-30 23:59:00
604,164,41,Kirby-Haney,Beauty & Spa,2025-12-01,2051,279,67,4.18,3.49,2.04,0.01,0.06,13.6,24.01,2025-12-01 23:59:00
605,164,41,Kirby-Haney,Beauty & Spa,2025-12-02,2737,112,23,5.56,4.27,2.03,0.05,0.24,4.09,20.54,2025-12-02 23:59:00
606,164,41,Kirby-Haney,Beauty & Spa,2025-12-03,3218,199,26,7.73,5.26,2.4,0.04,0.3,6.18,13.07,2025-12-03 23:59:00
607,164,41,Kirby-Haney,Beauty & Spa,2025-12-04,3835,79,14,8.5,7.19,2.22,0.11,0.61,2.06,17.72,2025-12-04 23:59:00
608,164,41,Kirby-Haney,Beauty & Spa,2025-12-05,3679,284,63,8.15,6.21,2.22,0.03,0.13,7.72,22.18,2025-12-05 23:59:00
609,164,41,Kirby-Haney,Beauty & Spa,2025-12-06,4796,599,85,11.02,7.92,2.3,0.02,0.13,12.49,14.19,2025-12-06 23:59:00
610,164,41,Kirby-Haney,Beauty & Spa,2025-12-07,4348,371,82,7.9,4.82,1.82,0.02,0.1,8.53,22.1,2025-12-07 23:59:00
611,164,41,Kirby-Haney,Beauty & Spa,2025-12-08,3614,440,93,7.51,5.42,2.08,0.02,0.08,12.17,21.14,2025-12-08 23:59:00
612,164,41,Kirby-Haney,Beauty & Spa,2025-12-09,3736,471,103,9.44,6.36,2.53,0.02,0.09,12.61,21.87,2025-12-09 23:59:00
613,164,41,Kirby-Haney,Beauty & Spa,2025-12-10,1360,68,13,3.18,2.51,2.34,0.05,0.24,5.0,19.12,2025-12-10 23:59:00
614,164,41,Kirby-Haney,Beauty & Spa,2025-12-11,2368,143,23,4.28,3.33,1.81,0.03,0.19,6.04,16.08,2025-12-11 23:59:00
615,164,41,Kirby-Haney,Beauty & Spa,2025-12-12,780,110,19,1.71,1.24,2.19,0.02,0.09,14.1,17.27,2025-12-12 23:59:00
616,164,41,Kirby-Haney,Beauty & Spa,2025-12-13,4798,600,69,8.16,6.03,1.7,0.01,0.12,12.51,11.5,2025-12-13 23:59:00
617,164,41,Kirby-Haney,Beauty & Spa,2025-12-14,2536,237,40,5.48,4.02,2.16,0.02,0.14,9.35,16.88,2025-12-14 23:59:00
618,168,26,Sexton Group,Travel,2025-09-17,4485,514,117,65.81,52.85,14.67,0.13,0.56,11.46,22.76,2025-09-17 23:59:00
619,168,26,Sexton Group,Travel,2025-09-18,1212,180,29,17.99,11.08,14.84,0.1,0.62,14.85,16.11,2025-09-18 23:59:00
620,168,26,Sexton Group,Travel,2025-09-19,250,19,1,3.79,3.0,15.16,0.2,3.79,7.6,5.26,2025-09-19 23:59:00
621,168,26,Sexton Group,Travel,2025-09-20,1640,164,16,18.55,14.73,11.31,0.11,1.16,10.0,9.76,2025-09-20 23:59:00
622,168,26,Sexton Group,Travel,2025-09-21,1928,173,8,25.17,16.94,13.05,0.15,3.15,8.97,4.62,2025-09-21 23:59:00
623,168,26,Sexton Group,Travel,2025-09-22,4993,688,168,64.13,51.76,12.84,0.09,0.38,13.78,24.42,2025-09-22 23:59:00
624,168,26,Sexton Group,Travel,2025-09-23,2037,197,41,27.52,17.14,13.51,0.14,0.67,9.67,20.81,2025-09-23 23:59:00
625,168,26,Sexton Group,Travel,2025-09-24,3821,571,36,43.81,29.6,11.47,0.08,1.22,14.94,6.3,2025-09-24 23:59:00
626,168,26,Sexton Group,Travel,2025-09-25,3592,424,103,41.46,30.65,11.54,0.1,0.4,11.8,24.29,2025-09-25 23:59:00
627,168,26,Sexton Group,Travel,2025-09-26,1771,237,13,27.29,17.03,15.41,0.12,2.1,13.38,5.49,2025-09-26 23:59:00
628,168,26,Sexton Group,Travel,2025-09-27,3426,348,18,49.02,35.77,14.31,0.14,2.72,10.16,5.17,2025-09-27 23:59:00
629,168,26,Sexton Group,Travel,2025-09-28,4308,643,52,63.0,50.14,14.62,0.1,1.21,14.93,8.09,2025-09-28 23:59:00
630,168,26,Sexton Group,Travel,2025-09-29,3873,451,76,53.74,40.79,13.88,0.12,0.71,11.64,16.85,2025-09-29 23:59:00
631,168,26,Sexton Group,Travel,2025-09-30,1816,264,13,19.2,14.91,10.57,0.07,1.48,14.54,4.92,2025-09-30 23:59:00
632,168,26,Sexton Group,Travel,2025-10-01,424,56,9,5.12,3.19,12.08,0.09,0.57,13.21,16.07,2025-10-01 23:59:00
633,168,26,Sexton Group,Travel,2025-10-02,4231,267,17,57.89,44.17,13.68,0.22,3.41,6.31,6.37,2025-10-02 23:59:00
634,168,26,Sexton Group,Travel,2025-10-03,1620,130,19,19.66,13.32,12.14,0.15,1.03,8.02,14.62,2025-10-03 23:59:00
635,168,26,Sexton Group,Travel,2025-10-04,3794,285,49,44.91,32.63,11.84,0.16,0.92,7.51,17.19,2025-10-04 23:59:00
636,168,26,Sexton Group,Travel,2025-10-05,1601,56,10,18.9,15.09,11.81,0.34,1.89,3.5,17.86,2025-10-05 23:59:00
637,168,26,Sexton Group,Travel,2025-10-06,3019,389,53,40.32,31.03,13.36,0.1,0.76,12.89,13.62,2025-10-06 23:59:00
638,168,26,Sexton Group,Travel,2025-10-07,4471,264,29,62.16,47.66,13.9,0.24,2.14,5.9,10.98,2025-10-07 23:59:00
639,168,26,Sexton Group,Travel,2025-10-08,3731,178,27,42.5,26.69,11.39,0.24,1.57,4.77,15.17,2025-10-08 23:59:00
640,168,26,Sexton Group,Travel,2025-10-09,2548,79,14,38.68,32.76,15.18,0.49,2.76,3.1,17.72,2025-10-09 23:59:00
641,168,26,Sexton Group,Travel,2025-10-10,3986,254,41,59.15,41.77,14.84,0.23,1.44,6.37,16.14,2025-10-10 23:59:00
642,168,26,Sexton Group,Travel,2025-10-11,4928,283,59,61.06,48.57,12.39,0.22,1.03,5.74,20.85,2025-10-11 23:59:00
643,168,26,Sexton Group,Travel,2025-10-12,768,112,9,10.49,7.6,13.66,0.09,1.17,14.58,8.04,2025-10-12 23:59:00
644,168,26,Sexton Group,Travel,2025-10-13,4589,94,18,59.95,37.46,13.06,0.64,3.33,2.05,19.15,2025-10-13 23:59:00
645,168,26,Sexton Group,Travel,2025-10-14,3365,112,6,41.38,32.93,12.3,0.37,6.9,3.33,5.36,2025-10-14 23:59:00
646,168,26,Sexton Group,Travel,2025-10-15,834,109,18,11.71,7.38,14.04,0.11,0.65,13.07,16.51,2025-10-15 23:59:00
647,168,26,Sexton Group,Travel,2025-10-16,2148,129,28,22.51,16.7,10.48,0.17,0.8,6.01,21.71,2025-10-16 23:59:00
648,168,26,Sexton Group,Travel,2025-10-17,3802,366,48,40.23,25.46,10.58,0.11,0.84,9.63,13.11,2025-10-17 23:59:00
649,172,21,Hunt-Dodson,Pet Services,2025-09-17,871,100,14,12.12,8.04,13.92,0.12,0.87,11.48,14.0,2025-09-17 23:59:00
650,172,21,Hunt-Dodson,Pet Services,2025-09-18,2491,332,54,33.77,26.61,13.56,0.1,0.63,13.33,16.27,2025-09-18 23:59:00
651,172,21,Hunt-Dodson,Pet Services,2025-09-19,4257,160,20,44.43,34.03,10.44,0.28,2.22,3.76,12.5,2025-09-19 23:59:00
652,172,21,Hunt-Dodson,Pet Services,2025-09-20,1185,35,2,13.74,8.81,11.59,0.39,6.87,2.95,5.71,2025-09-20 23:59:00
653,172,21,Hunt-Dodson,Pet Services,2025-09-21,575,45,5,6.82,5.6,11.86,0.15,1.36,7.83,11.11,2025-09-21 23:59:00
654,172,21,Hunt-Dodson,Pet Services,2025-09-22,4776,405,28,66.64,43.89,13.95,0.16,2.38,8.48,6.91,2025-09-22 23:59:00
655,172,21,Hunt-Dodson,Pet Services,2025-09-23,163,13,2,2.16,1.77,13.25,0.17,1.08,7.98,15.38,2025-09-23 23:59:00
656,172,21,Hunt-Dodson,Pet Services,2025-09-24,2627,281,25,37.42,23.37,14.24,0.13,1.5,10.7,8.9,2025-09-24 23:59:00
657,172,21,Hunt-Dodson,Pet Services,2025-09-25,2674,194,14,35.49,26.0,13.27,0.18,2.54,7.26,7.22,2025-09-25 23:59:00
658,172,21,Hunt-Dodson,Pet Services,2025-09-26,4597,248,22,56.71,38.19,12.34,0.23,2.58,5.39,8.87,2025-09-26 23:59:00
659,172,21,Hunt-Dodson,Pet Services,2025-09-27,1455,163,24,18.02,13.88,12.38,0.11,0.75,11.2,14.72,2025-09-27 23:59:00
660,172,21,Hunt-Dodson,Pet Services,2025-09-28,2743,271,57,35.7,25.54,13.01,0.13,0.63,9.88,21.03,2025-09-28 23:59:00
661,172,21,Hunt-Dodson,Pet Services,2025-09-29,4948,287,52,70.79,53.86,14.31,0.25,1.36,5.8,18.12,2025-09-29 23:59:00
662,172,21,Hunt-Dodson,Pet Services,2025-09-30,2281,48,10,27.5,18.88,12.06,0.57,2.75,2.1,20.83,2025-09-30 23:59:00
663,172,21,Hunt-Dodson,Pet Services,2025-10-01,1216,119,24,12.18,8.6,10.02,0.1,0.51,9.79,20.17,2025-10-01 23:59:00
664,173,13,Hunt-Dodson,Travel,2025-09-17,4282,344,83,1325.33,967.61,309.51,3.85,15.97,8.03,24.13,2025-09-17 23:59:00
665,173,13,Hunt-Dodson,Travel,2025-09-18,2986,446,83,1606.68,1259.58,538.07,3.6,19.36,14.94,18.61,2025-09-18 23:59:00
666,173,13,Hunt-Dodson,Travel,2025-09-19,2675,114,21,357.6,241.21,133.68,3.14,17.03,4.26,18.42,2025-09-19 23:59:00
667,173,13,Hunt-Dodson,Travel,2025-09-20,950,27,3,46.96,34.36,49.43,1.74,15.65,2.84,11.11,2025-09-20 23:59:00
668,173,13,Hunt-Dodson,Travel,2025-09-21,2015,222,11,192.94,132.24,95.75,0.87,17.54,11.02,4.95,2025-09-21 23:59:00
669,173,13,Hunt-Dodson,Travel,2025-09-22,3028,77,15,245.14,165.63,80.96,3.18,16.34,2.54,19.48,2025-09-22 23:59:00
670,173,13,Hunt-Dodson,Travel,2025-09-23,1108,124,15,211.21,166.06,190.62,1.7,14.08,11.19,12.1,2025-09-23 23:59:00
671,173,13,Hunt-Dodson,Travel,2025-09-24,1119,28,2,33.54,21.1,29.97,1.2,16.77,2.5,7.14,2025-09-24 23:59:00
672,173,13,Hunt-Dodson,Travel,2025-09-25,4176,562,36,656.49,485.83,157.21,1.17,18.24,13.46,6.41,2025-09-25 23:59:00
673,173,13,Hunt-Dodson,Travel,2025-09-26,2342,342,57,1126.96,778.1,481.2,3.3,19.77,14.6,16.67,2025-09-26 23:59:00
674,173,13,Hunt-Dodson,Travel,2025-09-27,4842,108,6,118.46,100.65,24.47,1.1,19.74,2.23,5.56,2025-09-27 23:59:00
675,173,13,Hunt-Dodson,Travel,2025-09-28,1821,154,38,517.31,335.08,284.08,3.36,13.61,8.46,24.68,2025-09-28 23:59:00
676,173,13,Hunt-Dodson,Travel,2025-09-29,4324,106,21,309.28,224.61,71.53,2.92,14.73,2.45,19.81,2025-09-29 23:59:00
677,173,13,Hunt-Dodson,Travel,2025-09-30,667,94,5,85.28,71.99,127.86,0.91,17.06,14.09,5.32,2025-09-30 23:59:00
678,173,13,Hunt-Dodson,Travel,2025-10-01,3460,80,13,202.33,146.41,58.48,2.53,15.56,2.31,16.25,2025-10-01 23:59:00
679,173,13,Hunt-Dodson,Travel,2025-10-02,213,26,1,14.81,11.59,69.53,0.57,14.81,12.21,3.85,2025-10-02 23:59:00
680,173,13,Hunt-Dodson,Travel,2025-10-03,4418,191,44,635.11,427.75,143.76,3.33,14.43,4.32,23.04,2025-10-03 23:59:00
681,173,13,Hunt-Dodson,Travel,2025-10-04,237,8,1,13.44,8.45,56.71,1.68,13.44,3.38,12.5,2025-10-04 23:59:00
682,173,13,Hunt-Dodson,Travel,2025-10-05,3637,180,36,542.29,390.62,149.1,3.01,15.06,4.95,20.0,2025-10-05 23:59:00
683,173,13,Hunt-Dodson,Travel,2025-10-06,2877,171,28,425.42,301.99,147.87,2.49,15.19,5.94,16.37,2025-10-06 23:59:00
684,173,13,Hunt-Dodson,Travel,2025-10-07,814,77,8,139.27,112.56,171.09,1.81,17.41,9.46,10.39,2025-10-07 23:59:00
685,173,13,Hunt-Dodson,Travel,2025-10-08,2994,430,33,524.2,345.81,175.08,1.22,15.88,14.36,7.67,2025-10-08 23:59:00
686,173,13,Hunt-Dodson,Travel,2025-10-09,679,13,1,16.14,12.79,23.77,1.24,16.14,1.91,7.69,2025-10-09 23:59:00
687,173,13,Hunt-Dodson,Travel,2025-10-10,363,46,4,74.46,52.9,205.12,1.62,18.61,12.67,8.7,2025-10-10 23:59:00
688,173,13,Hunt-Dodson,Travel,2025-10-11,1283,102,11,197.43,135.03,153.88,1.94,17.95,7.95,10.78,2025-10-11 23:59:00
689,173,13,Hunt-Dodson,Travel,2025-10-12,3276,158,34,526.13,346.91,160.6,3.33,15.47,4.82,21.52,2025-10-12 23:59:00
690,173,13,Hunt-Dodson,Travel,2025-10-13,1576,133,29,477.24,324.76,302.82,3.59,16.46,8.44,21.8,2025-10-13 23:59:00
691,173,13,Hunt-Dodson,Travel,2025-10-14,3316,385,66,1281.62,855.5,386.5,3.33,19.42,11.61,17.14,2025-10-14 23:59:00
692,173,13,Hunt-Dodson,Travel,2025-10-15,1824,105,8,143.64,99.02,78.75,1.37,17.95,5.76,7.62,2025-10-15 23:59:00
693,173,13,Hunt-Dodson,Travel,2025-10-16,4917,535,37,700.02,592.84,142.37,1.31,18.92,10.88,6.92,2025-10-16 23:59:00
694,173,13,Hunt-Dodson,Travel,2025-10-17,2149,303,32,530.89,361.36,247.04,1.75,16.59,14.1,10.56,2025-10-17 23:59:00
695,174,26,Andrews-Harvey,Legal Services,2025-09-16,4504,144,31,45.12,30.67,10.02,0.31,1.46,3.2,21.53,2025-09-16 23:59:00
696,174,26,Andrews-Harvey,Legal Services,2025-09-17,1981,106,8,14.74,11.43,7.44,0.14,1.84,5.35,7.55,2025-09-17 23:59:00
697,174,26,Andrews-Harvey,Legal Services,2025-09-18,4435,292,45,44.38,33.02,10.01,0.15,0.99,6.58,15.41,2025-09-18 23:59:00
698,174,26,Andrews-Harvey,Legal Services,2025-09-19,4607,152,19,42.88,33.07,9.31,0.28,2.26,3.3,12.5,2025-09-19 23:59:00
699,174,26,Andrews-Harvey,Legal Services,2025-09-20,606,89,10,5.21,4.3,8.6,0.06,0.52,14.69,11.24,2025-09-20 23:59:00
700,177,38,"Ballard, Smith and Patterson",Legal Services,2025-09-16,1042,65,14,1644.44,1333.16,1578.16,25.3,117.46,6.24,21.54,2025-09-16 23:59:00
701,177,38,"Ballard, Smith and Patterson",Legal Services,2025-09-17,595,41,6,602.34,446.0,1012.34,14.69,100.39,6.89,14.63,2025-09-17 23:59:00
702,177,38,"Ballard, Smith and Patterson",Legal Services,2025-09-18,2468,259,33,4314.12,3222.47,1748.02,16.66,130.73,10.49,12.74,2025-09-18 23:59:00
703,177,38,"Ballard, Smith and Patterson",Legal Services,2025-09-19,1919,95,12,1727.82,1314.16,900.38,18.19,143.98,4.95,12.63,2025-09-19 23:59:00
704,177,38,"Ballard, Smith and Patterson",Legal Services,2025-09-20,338,7,1,133.69,104.25,395.53,19.1,133.69,2.07,14.29,2025-09-20 23:59:00
705,177,38,"Ballard, Smith and Patterson",Legal Services,2025-09-21,3778,142,29,3728.79,2953.43,986.97,26.26,128.58,3.76,20.42,2025-09-21 23:59:00
706,177,38,"Ballard, Smith and Patterson",Legal Services,2025-09-22,3027,254,62,7291.45,4601.54,2408.8,28.71,117.6,8.39,24.41,2025-09-22 23:59:00
707,177,38,"Ballard, Smith and Patterson",Legal Services,2025-09-23,2416,315,53,7315.34,5419.71,3027.87,23.22,138.03,13.04,16.83,2025-09-23 23:59:00
708,177,38,"Ballard, Smith and Patterson",Legal Services,2025-09-24,1506,105,26,2891.83,2434.8,1920.21,27.54,111.22,6.97,24.76,2025-09-24 23:59:00
709,177,38,"Ballard, Smith and Patterson",Legal Services,2025-09-25,1689,57,5,664.23,547.97,393.27,11.65,132.85,3.37,8.77,2025-09-25 23:59:00
710,177,38,"Ballard, Smith and Patterson",Legal Services,2025-09-26,174,10,0,0.0,0.0,0.0,0.0,0.0,5.75,0.0,2025-09-26 23:59:00
711,177,38,"Ballard, Smith and Patterson",Legal Services,2025-09-27,2181,317,26,3047.19,1984.69,1397.15,9.61,117.2,14.53,8.2,2025-09-27 23:59:00
712,177,38,"Ballard, Smith and Patterson",Legal Services,2025-09-28,3535,118,22,2237.13,1733.06,632.85,18.96,101.69,3.34,18.64,2025-09-28 23:59:00
713,177,38,"Ballard, Smith and Patterson",Legal Services,2025-09-29,1961,173,36,4613.05,3683.65,2352.4,26.67,128.14,8.82,20.81,2025-09-29 23:59:00
714,177,38,"Ballard, Smith and Patterson",Legal Services,2025-09-30,2727,317,26,3652.73,2782.11,1339.47,11.52,140.49,11.62,8.2,2025-09-30 23:59:00
715,177,38,"Ballard, Smith and Patterson",Legal Services,2025-10-01,912,134,22,3257.53,2628.75,3571.85,24.31,148.07,14.69,16.42,2025-10-01 23:59:00
716,177,38,"Ballard, Smith and Patterson",Legal Services,2025-10-02,1205,91,9,1213.44,969.86,1007.0,13.33,134.83,7.55,9.89,2025-10-02 23:59:00
717,177,38,"Ballard, Smith and Patterson",Legal Services,2025-10-03,268,16,3,360.08,243.57,1343.58,22.5,120.03,5.97,18.75,2025-10-03 23:59:00
718,177,38,"Ballard, Smith and Patterson",Legal Services,2025-10-04,4814,625,68,8243.35,6421.21,1712.37,13.19,121.23,12.98,10.88,2025-10-04 23:59:00
719,177,38,"Ballard, Smith and Patterson",Legal Services,2025-10-05,691,93,11,1573.69,1068.34,2277.41,16.92,143.06,13.46,11.83,2025-10-05 23:59:00
720,177,38,"Ballard, Smith and Patterson",Legal Services,2025-10-06,1874,154,34,3919.68,2631.06,2091.61,25.45,115.28,8.22,22.08,2025-10-06 23:59:00
721,177,38,"Ballard, Smith and Patterson",Legal Services,2025-10-07,4038,413,46,6823.96,4849.0,1689.94,16.52,148.35,10.23,11.14,2025-10-07 23:59:00
722,177,38,"Ballard, Smith and Patterson",Legal Services,2025-10-08,2778,268,63,8002.09,6248.93,2880.52,29.86,127.02,9.65,23.51,2025-10-08 23:59:00
723,177,38,"Ballard, Smith and Patterson",Legal Services,2025-10-09,4565,145,27,2835.63,1827.16,621.17,19.56,105.02,3.18,18.62,2025-10-09 23:59:00
724,177,38,"Ballard, Smith and Patterson",Legal Services,2025-10-10,905,98,9,1040.05,701.72,1149.23,10.61,115.56,10.83,9.18,2025-10-10 23:59:00
725,177,38,"Ballard, Smith and Patterson",Legal Services,2025-10-11,3237,361,20,2441.16,1722.03,754.14,6.76,122.06,11.15,5.54,2025-10-11 23:59:00
726,177,38,"Ballard, Smith and Patterson",Legal Services,2025-10-12,3780,353,72,9862.32,6296.71,2609.08,27.94,136.98,9.34,20.4,2025-10-12 23:59:00
727,177,38,"Ballard, Smith and Patterson",Legal Services,2025-10-13,222,19,3,300.05,228.98,1351.58,15.79,100.02,8.56,15.79,2025-10-13 23:59:00
728,177,38,"Ballard, Smith and Patterson",Legal Services,2025-10-14,1390,103,24,2956.91,1842.19,2127.27,28.71,123.2,7.41,23.3,2025-10-14 23:59:00
729,177,38,"Ballard, Smith and Patterson",Legal Services,2025-10-15,2802,166,26,3066.89,1923.53,1094.54,18.48,117.96,5.92,15.66,2025-10-15 23:59:00
730,177,38,"Ballard, Smith and Patterson",Legal Services,2025-10-16,3586,441,104,13881.11,10296.63,3870.92,31.48,133.47,12.3,23.58,2025-10-16 23:59:00
731,177,38,"Ballard, Smith and Patterson",Legal Services,2025-10-17,2629,175,20,2525.8,1941.1,960.75,14.43,126.29,6.66,11.43,2025-10-17 23:59:00
732,177,38,"Ballard, Smith and Patterson",Legal Services,2025-10-18,2157,73,4,588.31,441.54,272.74,8.06,147.08,3.38,5.48,2025-10-18 23:59:00
733,177,38,"Ballard, Smith and Patterson",Legal Services,2025-10-19,884,60,13,1372.03,829.21,1552.07,22.87,105.54,6.79,21.67,2025-10-19 23:59:00
734,177,38,"Ballard, Smith and Patterson",Legal Services,2025-10-20,2184,197,23,2627.41,1681.81,1203.03,13.34,114.24,9.02,11.68,2025-10-20 23:59:00
735,177,38,"Ballard, Smith and Patterson",Legal Services,2025-10-21,3693,489,91,12092.97,7712.57,3274.57,24.73,132.89,13.24,18.61,2025-10-21 23:59:00
736,177,38,"Ballard, Smith and Patterson",Legal Services,2025-10-22,2633,178,11,1535.93,1209.71,583.34,8.63,139.63,6.76,6.18,2025-10-22 23:59:00
737,177,38,"Ballard, Smith and Patterson",Legal Services,2025-10-23,3740,465,72,8138.51,6061.79,2176.07,17.5,113.03,12.43,15.48,2025-10-23 23:59:00
738,177,38,"Ballard, Smith and Patterson",Legal Services,2025-10-24,128,9,1,108.85,67.05,850.39,12.09,108.85,7.03,11.11,2025-10-24 23:59:00
739,177,38,"Ballard, Smith and Patterson",Legal Services,2025-10-25,2144,81,18,2192.22,1345.8,1022.49,27.06,121.79,3.78,22.22,2025-10-25 23:59:00
740,177,38,"Ballard, Smith and Patterson",Legal Services,2025-10-26,518,30,3,360.33,291.51,695.62,12.01,120.11,5.79,10.0,2025-10-26 23:59:00
741,177,38,"Ballard, Smith and Patterson",Legal Services,2025-10-27,105,12,2,270.92,206.67,2580.19,22.58,135.46,11.43,16.67,2025-10-27 23:59:00
742,177,38,"Ballard, Smith and Patterson",Legal Services,2025-10-28,1262,133,22,2593.49,1564.96,2055.06,19.5,117.89,10.54,16.54,2025-10-28 23:59:00
743,177,38,"Ballard, Smith and Patterson",Legal Services,2025-10-29,313,23,3,307.73,186.13,983.16,13.38,102.58,7.35,13.04,2025-10-29 23:59:00
744,177,38,"Ballard, Smith and Patterson",Legal Services,2025-10-30,1301,41,2,222.72,175.78,171.19,5.43,111.36,3.15,4.88,2025-10-30 23:59:00
745,177,38,"Ballard, Smith and Patterson",Legal Services,2025-10-31,700,96,19,2537.96,1881.79,3625.66,26.44,133.58,13.71,19.79,2025-10-31 23:59:00
746,177,38,"Ballard, Smith and Patterson",Legal Services,2025-11-01,2914,320,40,4190.01,2975.77,1437.89,13.09,104.75,10.98,12.5,2025-11-01 23:59:00
747,177,38,"Ballard, Smith and Patterson",Legal Services,2025-11-02,2631,272,60,8680.54,5519.79,3299.33,31.91,144.68,10.34,22.06,2025-11-02 23:59:00
748,177,38,"Ballard, Smith and Patterson",Legal Services,2025-11-03,3694,282,51,5331.17,3258.8,1443.2,18.9,104.53,7.63,18.09,2025-11-03 23:59:00
749,183,19,Jones LLC,Legal Services,2025-09-23,2067,283,40,547.3,418.13,264.78,1.93,13.68,13.69,14.13,2025-09-23 23:59:00
750,183,19,Jones LLC,Legal Services,2025-09-24,4268,358,27,739.6,457.29,173.29,2.07,27.39,8.39,7.54,2025-09-24 23:59:00
751,183,19,Jones LLC,Legal Services,2025-09-25,4559,480,32,924.77,741.32,202.84,1.93,28.9,10.53,6.67,2025-09-25 23:59:00
752,183,19,Jones LLC,Legal Services,2025-09-26,3406,78,11,137.42,83.88,40.35,1.76,12.49,2.29,14.1,2025-09-26 23:59:00
753,183,19,Jones LLC,Legal Services,2025-09-27,703,34,7,49.81,40.84,70.85,1.47,7.12,4.84,20.59,2025-09-27 23:59:00
754,183,19,Jones LLC,Legal Services,2025-09-28,745,97,17,154.95,120.13,207.99,1.6,9.11,13.02,17.53,2025-09-28 23:59:00
755,183,19,Jones LLC,Legal Services,2025-09-29,1969,83,17,164.0,131.43,83.29,1.98,9.65,4.22,20.48,2025-09-29 23:59:00
756,183,19,Jones LLC,Legal Services,2025-09-30,2288,198,28,283.41,240.76,123.87,1.43,10.12,8.65,14.14,2025-09-30 23:59:00
757,183,19,Jones LLC,Legal Services,2025-10-01,2911,230,14,326.09,247.0,112.02,1.42,23.29,7.9,6.09,2025-10-01 23:59:00
758,183,19,Jones LLC,Legal Services,2025-10-02,1427,145,23,212.8,177.13,149.12,1.47,9.25,10.16,15.86,2025-10-02 23:59:00
759,183,19,Jones LLC,Legal Services,2025-10-03,4707,499,103,988.48,836.43,210.0,1.98,9.6,10.6,20.64,2025-10-03 23:59:00
760,183,19,Jones LLC,Legal Services,2025-10-04,547,26,5,48.24,39.37,88.19,1.86,9.65,4.75,19.23,2025-10-04 23:59:00
761,183,19,Jones LLC,Legal Services,2025-10-05,923,132,25,213.34,180.77,231.14,1.62,8.53,14.3,18.94,2025-10-05 23:59:00
762,183,19,Jones LLC,Legal Services,2025-10-06,3258,129,8,261.49,220.75,80.26,2.03,32.69,3.96,6.2,2025-10-06 23:59:00
763,183,19,Jones LLC,Legal Services,2025-10-07,4360,349,83,657.19,443.84,150.73,1.88,7.92,8.0,23.78,2025-10-07 23:59:00
764,183,19,Jones LLC,Legal Services,2025-10-08,2605,329,25,647.0,412.18,248.37,1.97,25.88,12.63,7.6,2025-10-08 23:59:00
765,183,19,Jones LLC,Legal Services,2025-10-09,2734,207,50,391.04,247.21,143.03,1.89,7.82,7.57,24.15,2025-10-09 23:59:00
766,183,19,Jones LLC,Legal Services,2025-10-10,3627,371,38,554.3,346.51,152.83,1.49,14.59,10.23,10.24,2025-10-10 23:59:00
767,183,19,Jones LLC,Legal Services,2025-10-11,1744,57,8,104.39,64.88,59.86,1.83,13.05,3.27,14.04,2025-10-11 23:59:00
768,183,19,Jones LLC,Legal Services,2025-10-12,3535,481,81,988.09,756.24,279.52,2.05,12.2,13.61,16.84,2025-10-12 23:59:00
769,183,19,Jones LLC,Legal Services,2025-10-13,2374,92,17,150.68,126.18,63.47,1.64,8.86,3.88,18.48,2025-10-13 23:59:00
770,183,19,Jones LLC,Legal Services,2025-10-14,1351,102,14,201.02,157.97,148.79,1.97,14.36,7.55,13.73,2025-10-14 23:59:00
771,183,19,Jones LLC,Legal Services,2025-10-15,1768,258,13,507.15,347.17,286.85,1.97,39.01,14.59,5.04,2025-10-15 23:59:00
772,183,19,Jones LLC,Legal Services,2025-10-16,240,29,2,60.95,43.5,253.96,2.1,30.48,12.08,6.9,2025-10-16 23:59:00
773,183,19,Jones LLC,Legal Services,2025-10-17,622,52,2,92.03,63.17,147.96,1.77,46.02,8.36,3.85,2025-10-17 23:59:00
774,183,19,Jones LLC,Legal Services,2025-10-18,4040,197,42,352.69,290.48,87.3,1.79,8.4,4.88,21.32,2025-10-18 23:59:00
775,183,19,Jones LLC,Legal Services,2025-10-19,4491,135,30,229.21,158.7,51.04,1.7,7.64,3.01,22.22,2025-10-19 23:59:00
776,183,19,Jones LLC,Legal Services,2025-10-20,3083,283,29,418.16,332.16,135.63,1.48,14.42,9.18,10.25,2025-10-20 23:59:00
777,183,19,Jones LLC,Legal Services,2025-10-21,1530,212,52,307.6,212.58,201.05,1.45,5.92,13.86,24.53,2025-10-21 23:59:00
778,183,19,Jones LLC,Legal Services,2025-10-22,4167,588,120,1183.79,757.52,284.09,2.01,9.86,14.11,20.41,2025-10-22 23:59:00
779,183,19,Jones LLC,Legal Services,2025-10-23,374,19,4,31.91,19.98,85.32,1.68,7.98,5.08,21.05,2025-10-23 23:59:00
780,191,6,Carter PLC,Insurance,2025-09-16,2006,205,28,1732.98,1429.27,863.9,8.45,61.89,10.22,13.66,2025-09-16 23:59:00
781,191,6,Carter PLC,Insurance,2025-09-17,3541,384,73,3580.77,2342.16,1011.23,9.32,49.05,10.84,19.01,2025-09-17 23:59:00
782,191,6,Carter PLC,Insurance,2025-09-18,1248,155,18,1545.34,1006.31,1238.25,9.97,85.85,12.42,11.61,2025-09-18 23:59:00
783,191,6,Carter PLC,Insurance,2025-09-19,224,24,2,241.09,174.69,1076.29,10.05,120.55,10.71,8.33,2025-09-19 23:59:00
784,191,6,Carter PLC,Insurance,2025-09-20,1597,225,15,1714.58,1097.75,1073.63,7.62,114.31,14.09,6.67,2025-09-20 23:59:00
785,191,6,Carter PLC,Insurance,2025-09-21,2502,358,23,3437.15,2202.05,1373.76,9.6,149.44,14.31,6.42,2025-09-21 23:59:00
786,191,6,Carter PLC,Insurance,2025-09-22,2241,272,63,2648.35,1891.05,1181.77,9.74,42.04,12.14,23.16,2025-09-22 23:59:00
787,194,40,Ruiz-Hall,Healthcare,2025-09-16,4447,155,11,37.12,30.05,8.35,0.24,3.37,3.49,7.1,2025-09-16 23:59:00
788,194,40,Ruiz-Hall,Healthcare,2025-09-17,2725,339,43,24.15,20.51,8.86,0.07,0.56,12.44,12.68,2025-09-17 23:59:00
789,194,40,Ruiz-Hall,Healthcare,2025-09-18,1997,226,16,15.97,12.13,8.0,0.07,1.0,11.32,7.08,2025-09-18 23:59:00
790,194,40,Ruiz-Hall,Healthcare,2025-09-19,4939,215,32,43.49,30.53,8.81,0.2,1.36,4.35,14.88,2025-09-19 23:59:00
791,194,40,Ruiz-Hall,Healthcare,2025-09-20,4489,643,134,37.11,24.51,8.27,0.06,0.28,14.32,20.84,2025-09-20 23:59:00
792,194,40,Ruiz-Hall,Healthcare,2025-09-21,4317,480,72,46.29,38.27,10.72,0.1,0.64,11.12,15.0,2025-09-21 23:59:00
793,194,40,Ruiz-Hall,Healthcare,2025-09-22,3319,362,31,36.72,29.97,11.06,0.1,1.18,10.91,8.56,2025-09-22 23:59:00
794,194,40,Ruiz-Hall,Healthcare,2025-09-23,1955,285,60,16.63,10.98,8.51,0.06,0.28,14.58,21.05,2025-09-23 23:59:00
795,194,40,Ruiz-Hall,Healthcare,2025-09-24,4696,441,40,37.41,29.06,7.97,0.08,0.94,9.39,9.07,2025-09-24 23:59:00
796,194,40,Ruiz-Hall,Healthcare,2025-09-25,2946,332,66,28.08,18.9,9.53,0.08,0.43,11.27,19.88,2025-09-25 23:59:00
797,194,40,Ruiz-Hall,Healthcare,2025-09-26,315,39,9,2.63,1.69,8.35,0.07,0.29,12.38,23.08,2025-09-26 23:59:00
798,194,40,Ruiz-Hall,Healthcare,2025-09-27,1741,251,20,14.38,11.33,8.26,0.06,0.72,14.42,7.97,2025-09-27 23:59:00
799,194,40,Ruiz-Hall,Healthcare,2025-09-28,1882,136,6,16.86,12.69,8.96,0.12,2.81,7.23,4.41,2025-09-28 23:59:00
800,194,40,Ruiz-Hall,Healthcare,2025-09-29,3408,155,8,36.13,24.1,10.6,0.23,4.52,4.55,5.16,2025-09-29 23:59:00
801,194,40,Ruiz-Hall,Healthcare,2025-09-30,2987,400,23,28.95,18.36,9.69,0.07,1.26,13.39,5.75,2025-09-30 23:59:00
