id,user_id,following_id,follow_ts
1,81,343,2024-06-05 11:13:04
2,227,363,2024-06-17 15:21:10
3,376,428,2024-04-17 04:28:35
4,332,165,2024-04-14 14:29:53
5,63,412,2024-05-29 20:19:05
6,497,180,2024-06-08 02:11:27
7,4,128,2024-06-15 20:37:10
8,175,138,2024-05-24 23:16:05
9,44,138,2024-06-20 09:00:06
10,387,178,2024-05-24 18:37:36
11,78,360,2024-05-21 22:46:51
12,216,377,2024-05-20 20:00:06
13,411,190,2024-05-13 19:57:15
14,460,202,2024-06-18 16:46:21
15,407,295,2024-04-03 04:03:03
16,227,71,2024-05-24 22:16:34
17,368,389,2024-04-30 19:19:37
18,44,165,2024-05-22 12:55:30
19,396,87,2024-04-15 20:22:21
20,202,366,2024-06-03 10:19:26
21,473,271,2024-06-22 11:28:47
22,30,488,2024-06-19 22:51:18
23,410,278,2024-06-21 07:19:57
24,499,138,2024-06-05 04:06:03
25,454,295,2024-05-24 00:42:14
26,448,144,2024-06-24 10:37:13
27,161,455,2024-04-19 12:39:34
28,424,138,2024-06-14 22:45:14
29,313,459,2024-05-18 00:27:16
30,229,271,2024-06-25 17:19:13
31,320,377,2024-06-14 05:20:29
32,227,312,2024-06-24 22:32:31
33,208,367,2024-06-09 12:52:00
34,44,20,2024-05-18 11:56:53
35,200,341,2024-03-24 19:24:13
36,267,496,2024-03-25 18:21:10
37,110,45,2024-06-07 06:34:13
38,160,215,2024-04-18 17:17:55
39,12,19,2024-06-15 14:17:04
40,277,247,2024-03-30 17:30:34
41,427,367,2024-05-27 20:56:52
42,259,52,2024-05-01 16:09:04
43,431,165,2024-06-19 00:57:41
44,260,165,2024-03-23 22:18:26
45,388,275,2024-05-13 14:18:14
46,230,138,2024-06-21 10:14:10
47,3,202,2024-06-03 12:16:39
48,413,352,2024-06-10 18:03:06
49,290,327,2024-06-05 07:24:38
50,341,215,2024-05-03 01:16:50
51,180,138,2024-06-18 00:45:16
52,402,393,2024-06-22 21:11:18
53,345,66,2024-05-19 16:39:07
54,267,348,2024-05-19 00:18:01
55,168,215,2024-04-25 00:53:23
56,422,367,2024-05-12 17:06:04
57,51,73,2024-04-23 18:26:20
58,425,176,2024-05-20 22:44:19
59,32,186,2024-05-19 17:31:15
60,244,111,2024-05-25 16:21:45
61,190,293,2024-05-19 04:55:15
62,302,228,2024-05-07 00:44:22
63,447,138,2024-06-09 20:54:34
64,326,182,2024-05-22 01:51:53
65,353,459,2024-06-17 22:41:41
66,375,486,2024-06-20 07:01:39
67,84,70,2024-05-02 13:17:42
68,249,321,2024-02-14 16:27:51
69,496,317,2024-05-18 17:50:12
70,61,308,2024-06-10 21:34:19
71,243,19,2024-04-17 21:20:58
72,484,228,2024-03-14 10:24:35
73,309,415,2024-05-01 18:52:18
74,62,165,2024-06-11 01:23:54
75,21,215,2024-04-10 12:14:08
76,191,144,2024-06-06 23:34:30
77,156,138,2024-05-18 00:19:48
78,406,68,2024-06-29 12:46:53
79,216,26,2024-06-06 01:32:06
80,456,138,2024-05-25 13:02:02
81,420,348,2024-05-14 00:07:56
82,63,221,2024-02-06 17:26:43
83,446,23,2024-06-09 05:09:13
84,294,147,2024-04-14 17:05:45
85,461,165,2024-06-12 01:20:48
86,244,404,2024-06-23 08:40:41
87,68,363,2024-05-24 22:26:15
88,326,202,2024-05-14 00:24:48
89,342,201,2024-06-28 02:05:21
90,167,43,2024-06-22 04:02:45
91,341,259,2024-05-18 16:51:29
92,120,448,2024-05-02 12:02:11
93,277,24,2024-06-20 11:11:57
94,377,138,2024-05-20 22:52:42
95,444,87,2024-04-12 06:56:19
96,293,263,2024-06-28 16:49:18
97,363,147,2024-06-07 13:35:00
98,64,271,2024-05-12 09:08:20
99,99,468,2024-06-23 11:43:55
100,296,363,2024-06-29 10:45:30
101,97,356,2024-05-06 13:48:26
102,460,14,2024-06-25 14:19:48
103,480,215,2024-03-22 07:56:25
104,141,377,2024-03-14 17:57:38
105,425,318,2024-06-20 14:22:29
106,228,41,2024-06-02 23:24:52
107,311,158,2024-04-01 09:37:49
108,252,422,2024-01-30 08:12:11
109,175,193,2024-06-13 21:23:36
110,13,422,2024-05-31 00:20:33
111,196,136,2024-04-05 22:13:39
112,51,216,2024-06-04 03:22:09
113,74,98,2024-06-27 17:51:39
114,46,79,2024-06-02 02:23:27
115,348,87,2024-06-12 17:37:04
116,493,164,2024-05-08 17:59:18
117,366,28,2024-05-04 09:02:58
118,51,161,2024-05-28 20:11:34
119,458,164,2024-06-13 07:34:55
120,483,403,2024-03-01 13:03:08
121,27,107,2024-06-10 02:38:37
122,306,244,2024-05-23 05:07:06
123,261,359,2024-05-27 22:55:31
124,487,54,2024-05-09 22:08:15
125,163,202,2024-05-09 20:33:31
126,34,202,2024-05-09 21:31:52
127,325,121,2024-04-19 07:14:01
128,138,234,2024-06-14 02:40:27
129,346,45,2024-06-10 02:01:56
130,334,377,2024-03-29 03:54:35
131,291,176,2024-06-03 12:51:03
132,434,263,2024-05-22 19:34:39
133,401,482,2024-05-07 23:34:04
134,277,494,2024-06-28 00:54:08
135,126,215,2024-05-30 22:33:47
136,493,456,2024-06-18 23:18:36
137,22,2,2024-06-09 11:46:35
138,493,403,2024-06-03 04:40:30
139,335,486,2024-02-21 01:17:26
140,31,459,2024-04-17 12:54:38
141,140,251,2024-06-22 16:11:04
142,195,500,2024-06-24 11:21:11
143,109,244,2024-06-23 22:48:00
144,145,24,2024-06-18 10:10:44
145,274,231,2024-05-21 14:24:15
146,46,167,2024-05-05 11:55:30
147,426,66,2024-06-06 01:19:02
148,144,435,2024-06-04 06:50:29
149,313,215,2024-05-19 10:55:15
150,453,295,2024-05-30 17:17:34
151,326,138,2024-06-22 04:41:08
152,363,201,2024-05-21 17:18:07
153,340,493,2024-06-08 06:43:48
154,108,202,2024-05-28 12:58:12
155,169,10,2024-06-22 00:43:37
156,69,271,2024-04-27 21:26:07
157,312,202,2024-06-29 06:48:03
158,5,289,2024-06-11 14:06:13
159,285,444,2024-06-18 14:47:42
160,251,363,2024-06-15 18:53:53
161,42,377,2024-04-01 22:03:43
162,276,19,2024-06-19 00:58:15
163,418,287,2024-06-18 14:49:23
164,64,165,2024-06-09 15:44:27
165,424,253,2024-06-08 02:25:47
166,91,404,2024-06-27 19:04:27
167,5,60,2024-05-30 16:10:36
168,480,104,2024-04-15 22:08:25
169,114,350,2024-04-20 13:50:50
170,349,459,2024-05-06 01:56:00
171,99,43,2024-06-05 02:17:15
172,321,142,2024-06-09 05:03:30
173,114,121,2024-05-18 04:52:28
174,496,165,2024-04-29 01:30:57
175,253,450,2024-06-23 19:41:12
176,311,108,2024-04-30 17:49:19
177,421,267,2024-04-18 08:22:13
178,446,138,2024-06-09 22:39:18
179,253,88,2024-05-28 18:10:46
180,338,348,2024-06-15 12:50:36
181,350,254,2024-05-06 16:16:08
182,34,247,2024-03-27 08:32:31
183,66,138,2024-06-13 07:43:08
184,439,114,2024-05-23 21:17:19
185,374,371,2024-05-21 22:21:27
186,435,292,2024-06-27 16:34:13
187,348,215,2024-05-26 04:22:35
188,349,229,2024-06-16 22:26:31
189,2,459,2024-06-21 01:23:52
190,345,459,2024-02-10 14:38:13
191,438,459,2024-04-26 08:08:11
192,433,499,2024-05-28 14:07:30
193,63,295,2024-05-15 13:55:27
194,254,165,2024-04-23 20:32:14
195,453,335,2024-05-16 08:48:42
196,143,459,2024-06-07 03:17:27
197,230,155,2024-05-19 07:31:49
198,100,165,2024-06-24 13:58:08
199,414,16,2024-06-28 20:55:21
200,116,489,2024-06-14 20:36:17
201,491,36,2024-05-25 02:47:10
202,101,87,2024-05-10 01:22:16
203,33,260,2024-04-02 10:37:56
204,15,202,2024-05-29 11:07:46
205,304,379,2024-06-12 11:47:38
206,431,131,2024-05-24 20:06:33
207,243,122,2024-05-05 18:00:46
208,427,26,2024-05-10 13:26:39
209,267,377,2024-02-13 18:56:31
210,398,251,2024-06-10 22:51:12
211,392,45,2024-05-28 01:08:03
212,297,59,2024-03-09 19:37:52
213,470,19,2024-04-29 16:04:08
214,456,409,2024-04-28 23:09:55
215,401,60,2024-06-29 23:23:55
216,411,195,2024-05-03 08:40:22
217,313,260,2024-03-27 10:27:39
218,53,293,2024-03-25 06:45:32
219,151,413,2024-05-04 20:05:30
220,50,257,2024-04-11 03:54:14
221,120,426,2024-06-16 15:56:02
222,338,259,2024-05-31 13:15:40
223,197,202,2024-05-11 21:33:38
224,451,259,2024-04-05 15:36:15
225,174,275,2024-05-31 11:13:22
226,233,215,2024-04-25 00:32:42
227,56,46,2024-06-20 08:13:35
228,366,32,2024-03-27 06:06:28
229,464,234,2024-06-09 22:35:27
230,132,165,2024-06-07 00:34:47
231,372,259,2024-05-24 14:29:13
232,125,65,2024-03-31 00:06:51
233,31,60,2024-05-24 21:32:28
234,224,215,2024-06-27 08:00:40
235,387,165,2024-06-26 14:43:26
236,454,216,2024-05-21 13:46:54
237,76,202,2024-05-28 21:51:41
238,176,138,2024-05-17 01:08:58
239,266,244,2024-03-27 02:31:19
240,30,125,2024-06-25 02:08:15
241,428,229,2024-05-09 03:57:42
242,217,165,2024-06-04 14:11:53
243,328,453,2024-06-21 04:59:33
244,36,165,2024-06-14 09:38:49
245,244,309,2024-05-30 06:16:34
246,308,305,2024-06-24 05:04:42
247,297,234,2024-05-07 07:14:44
248,316,138,2024-06-01 14:36:09
249,84,48,2024-02-22 22:02:30
250,254,112,2024-05-08 22:09:30
251,328,112,2024-05-30 22:07:15
252,239,259,2024-05-07 04:33:28
253,247,348,2024-06-29 03:32:52
254,418,165,2024-06-21 21:51:26
255,193,107,2024-04-09 03:45:50
256,423,495,2024-05-17 09:32:04
257,6,36,2024-05-14 10:30:23
258,285,54,2024-05-10 23:56:34
259,226,104,2024-06-12 07:00:59
260,468,363,2024-05-06 03:28:20
261,500,19,2024-05-13 07:10:11
262,146,90,2024-05-16 08:45:18
263,369,90,2024-06-03 11:11:50
264,92,105,2024-06-03 22:00:53
265,432,138,2024-05-21 13:37:43
266,11,404,2024-05-31 14:52:32
267,195,275,2024-05-02 14:59:01
268,174,459,2024-06-14 00:23:54
269,234,122,2024-05-30 18:00:29
270,339,89,2024-06-04 21:50:25
271,410,500,2024-06-05 04:50:25
272,450,320,2024-04-27 16:26:29
273,74,439,2024-04-15 00:45:00
274,407,103,2024-06-04 07:59:58
275,194,308,2024-05-20 07:24:27
276,307,190,2024-04-18 11:38:12
277,472,24,2024-05-26 19:21:00
278,438,215,2024-04-16 11:53:21
279,168,129,2024-06-22 20:20:43
280,408,138,2024-05-27 03:58:39
281,436,215,2024-06-21 14:22:43
282,108,343,2024-05-11 18:49:48
283,405,278,2024-05-08 03:19:35
284,86,215,2024-06-21 00:34:41
285,192,215,2024-06-16 19:09:34
286,92,162,2024-06-12 17:25:08
287,270,308,2024-06-21 23:28:43
288,243,138,2024-06-05 02:52:10
289,327,459,2024-06-01 01:26:18
290,333,20,2024-05-23 23:51:36
291,459,104,2024-05-07 18:28:40
292,203,112,2024-06-21 12:01:34
293,456,165,2024-04-14 14:56:05
294,479,404,2024-06-06 07:31:24
295,282,41,2024-03-24 18:41:10
296,152,198,2024-05-31 08:37:23
297,118,243,2024-05-22 20:34:14
298,263,257,2024-05-26 03:45:54
299,231,202,2024-05-10 00:55:51
300,189,387,2024-06-08 19:16:59
301,140,165,2024-05-27 03:53:11
302,227,121,2024-06-24 18:34:41
303,39,165,2024-03-21 13:11:40
304,151,405,2024-05-15 14:59:31
305,280,271,2024-06-20 01:29:12
306,142,459,2024-02-09 22:26:35
307,61,36,2024-05-21 15:33:21
308,280,106,2024-05-22 10:59:15
309,346,165,2024-05-16 14:50:55
310,382,393,2024-05-24 22:05:46
311,98,319,2024-05-28 03:20:44
312,438,356,2024-06-25 00:07:53
313,279,459,2024-05-15 20:05:50
314,395,138,2024-06-25 13:47:34
315,178,373,2024-04-23 16:41:48
316,485,176,2024-05-13 03:29:28
317,242,275,2024-06-04 22:51:15
318,444,167,2024-04-05 21:57:28
319,371,354,2024-05-10 13:56:48
320,120,215,2024-06-17 15:59:46
321,370,393,2024-05-31 08:20:30
322,406,42,2024-04-23 08:12:23
323,220,367,2024-06-29 00:30:25
324,214,108,2024-06-06 02:30:04
325,437,227,2024-06-11 15:14:33
326,72,239,2024-06-02 23:11:46
327,157,459,2024-01-11 01:03:13
328,256,393,2024-06-01 16:58:15
329,174,112,2024-06-19 20:57:44
330,352,360,2024-06-19 13:13:14
331,399,301,2024-04-24 21:35:02
332,167,247,2024-06-11 01:30:26
333,403,19,2024-04-12 18:16:56
334,79,488,2024-06-12 03:30:20
335,291,262,2024-06-28 17:38:22
336,468,254,2024-06-08 19:59:48
337,196,107,2024-05-29 12:26:29
338,33,215,2024-04-24 05:14:20
339,244,51,2024-06-17 14:46:04
340,493,202,2024-06-04 16:33:01
341,48,90,2024-06-25 10:51:03
342,284,92,2024-06-27 12:46:26
343,353,254,2024-05-04 00:31:10
344,96,105,2024-06-14 02:28:08
345,146,107,2024-05-06 10:42:06
346,338,215,2024-06-14 22:24:12
347,30,165,2024-05-16 20:35:24
348,88,165,2024-06-18 20:02:17
349,201,82,2024-05-08 14:17:59
350,67,215,2024-06-19 12:19:44
351,381,33,2024-06-25 02:09:13
352,444,107,2024-03-22 11:39:31
353,159,191,2024-06-23 06:07:30
354,341,202,2024-05-28 22:44:48
355,295,459,2024-05-27 07:39:13
356,104,215,2024-06-20 12:06:20
357,235,138,2024-05-17 00:24:20
358,74,200,2024-06-21 09:23:35
359,205,254,2024-05-31 22:38:46
360,270,165,2024-06-25 14:12:14
361,451,205,2024-06-21 21:37:31
362,295,21,2024-04-09 02:58:58
363,148,271,2024-06-10 23:56:09
364,178,315,2024-04-29 01:46:17
365,201,257,2024-05-14 20:19:17
366,213,131,2024-06-20 19:15:04
367,376,191,2024-06-07 11:27:53
368,467,276,2024-04-05 14:45:54
369,202,320,2024-04-16 03:43:50
370,123,442,2024-03-19 12:27:51
371,141,438,2024-05-16 18:21:15
372,150,283,2024-05-14 23:26:14
373,358,341,2024-04-11 23:03:20
374,466,207,2024-06-24 21:45:33
375,63,499,2024-05-19 00:01:07
376,387,48,2024-06-01 14:20:58
377,210,202,2024-04-24 20:59:27
378,107,215,2024-06-16 09:22:25
379,14,36,2024-06-15 16:40:05
380,346,355,2024-05-24 05:37:37
381,176,354,2024-05-30 20:46:37
382,204,20,2024-04-26 06:09:39
383,59,320,2024-04-25 04:00:28
384,168,287,2024-06-17 12:48:41
385,249,202,2024-04-08 08:21:15
386,281,275,2024-06-03 08:22:38
387,72,202,2024-06-10 06:53:11
388,431,87,2024-06-29 07:23:03
389,10,254,2024-05-06 20:14:54
390,151,59,2024-06-06 19:47:52
391,201,87,2024-04-28 22:22:13
392,347,138,2024-06-07 01:08:14
393,184,92,2024-03-26 18:33:40
394,458,291,2024-06-09 22:56:34
395,227,311,2024-06-24 06:16:10
396,416,215,2024-06-04 15:03:43
397,200,304,2024-06-17 19:35:07
398,27,251,2024-05-23 00:37:41
399,396,165,2024-04-13 17:15:49
400,476,131,2024-06-26 01:22:36
401,123,105,2024-05-27 03:33:21
402,216,19,2024-05-08 20:22:43
403,173,396,2024-03-17 01:12:42
404,113,472,2024-03-17 02:31:03
405,409,404,2024-06-26 04:43:05
406,86,340,2024-05-06 20:42:33
407,213,215,2024-05-23 14:06:56
408,166,233,2024-05-28 12:40:15
409,320,108,2024-06-03 12:14:37
410,203,459,2024-05-22 23:08:41
411,119,111,2024-06-08 04:50:34
412,166,89,2024-06-18 04:02:46
413,335,155,2024-05-27 07:24:44
414,109,202,2024-04-06 17:49:51
415,337,393,2024-06-27 20:21:42
416,189,23,2024-06-28 20:10:41
417,112,181,2024-06-26 01:38:24
418,53,324,2024-04-17 10:31:55
419,129,472,2024-06-22 19:53:51
420,167,492,2024-06-06 19:10:32
421,199,293,2024-03-18 23:19:08
422,171,91,2024-06-29 18:00:51
423,163,489,2024-06-09 23:49:30
424,247,32,2024-02-16 07:02:02
425,312,459,2024-06-07 07:33:40
426,196,215,2024-05-02 18:41:54
427,258,245,2024-03-24 23:43:27
428,120,15,2024-06-03 07:40:34
429,159,121,2024-06-02 06:53:50
430,388,125,2024-05-09 04:36:25
431,31,66,2024-05-31 10:44:38
432,152,107,2024-06-05 01:16:39
433,105,271,2024-06-06 22:14:03
434,473,341,2024-06-15 21:17:55
435,379,435,2024-05-31 13:36:56
436,143,156,2024-03-03 10:39:48
437,213,274,2024-05-20 10:00:54
438,385,15,2024-06-13 09:05:53
439,176,124,2024-05-17 05:47:07
440,465,459,2024-06-04 18:16:50
441,411,300,2024-06-20 03:02:02
442,114,255,2024-04-26 09:24:45
443,267,159,2024-06-02 23:02:56
444,323,8,2024-06-28 18:04:24
445,252,34,2024-04-21 02:20:39
446,27,263,2024-04-28 12:40:05
447,481,107,2024-05-19 21:46:31
448,89,247,2024-05-04 14:14:11
449,121,215,2024-06-09 09:56:19
450,372,202,2024-05-22 11:46:18
451,370,105,2024-06-15 22:53:06
452,91,254,2024-05-19 01:31:59
453,147,239,2024-04-29 21:14:42
454,140,423,2024-06-25 10:40:37
455,41,466,2024-06-15 12:36:57
456,204,165,2024-05-17 15:02:56
457,226,182,2024-06-14 14:15:35
458,377,190,2024-04-01 06:23:56
459,420,468,2024-06-17 16:18:35
460,11,363,2024-05-17 10:09:37
461,438,40,2024-05-19 07:50:26
462,305,215,2024-05-26 03:59:35
463,373,91,2024-05-01 02:28:32
464,238,146,2024-05-05 16:20:25
465,193,232,2024-06-05 18:01:10
466,37,165,2024-06-22 12:08:50
467,101,79,2024-04-24 08:09:32
468,3,9,2024-06-16 08:33:43
469,374,341,2024-06-20 00:28:52
470,208,459,2024-06-14 01:21:26
471,497,349,2024-05-11 04:06:38
472,251,147,2024-06-18 05:21:33
473,37,176,2024-06-01 14:39:29
474,472,59,2024-06-16 04:14:28
475,84,104,2024-05-27 08:58:12
476,491,136,2024-06-08 15:31:32
477,261,320,2024-06-12 13:35:42
478,353,165,2024-05-07 00:26:34
479,334,166,2024-06-20 07:04:44
480,377,126,2024-06-05 04:19:46
481,18,459,2024-05-01 14:04:08
482,324,319,2024-05-22 02:43:53
483,358,282,2024-04-06 04:16:38
484,134,254,2024-06-24 18:15:25
485,76,135,2024-06-05 17:42:10
486,297,467,2024-02-27 22:44:36
487,7,54,2024-04-21 17:56:22
488,330,321,2024-04-20 11:23:13
489,204,319,2024-05-24 15:25:24
490,266,456,2024-06-05 05:21:08
491,85,404,2024-06-06 05:35:29
492,355,141,2024-06-06 13:17:36
493,338,443,2024-06-15 20:04:50
494,158,348,2024-06-19 10:23:03
495,449,459,2024-05-18 03:47:34
496,56,264,2024-04-20 10:56:15
497,417,68,2024-04-12 12:16:07
498,477,354,2024-06-10 11:22:57
499,158,9,2024-05-27 06:05:30
500,418,206,2024-05-21 16:27:45
501,36,367,2024-06-02 06:21:07
502,269,181,2024-05-17 13:10:12
503,91,165,2024-03-31 15:07:45
504,102,203,2024-06-29 00:49:33
505,486,52,2024-06-19 21:53:16
506,417,110,2024-04-10 20:15:40
507,31,355,2024-06-28 11:49:34
508,99,138,2024-06-29 10:57:29
509,447,176,2024-05-22 14:13:39
510,445,263,2024-05-06 03:24:28
511,151,41,2024-04-07 22:37:53
512,142,30,2024-05-17 18:17:00
513,300,121,2024-06-08 18:02:43
514,345,363,2024-04-06 20:24:15
515,32,138,2024-05-17 00:09:11
516,341,241,2024-04-27 12:32:47
517,50,110,2024-02-26 20:12:02
518,193,254,2024-05-15 10:41:58
519,478,202,2024-06-12 19:44:02
520,173,254,2024-05-22 07:28:33
521,190,296,2024-06-12 02:24:44
522,162,394,2024-06-12 02:39:34
523,341,167,2024-06-26 22:45:05
524,30,486,2024-06-27 16:55:42
525,170,389,2024-03-30 17:21:22
526,234,429,2024-05-21 20:47:20
527,372,404,2024-05-31 16:45:44
528,14,254,2024-06-10 03:42:47
529,144,466,2024-06-10 03:14:24
530,189,202,2024-06-24 03:52:00
531,264,176,2024-05-30 05:42:14
532,2,494,2024-04-20 03:45:46
533,9,265,2024-05-21 07:12:02
534,497,390,2024-05-18 07:04:39
535,348,195,2024-06-12 08:37:56
536,249,169,2024-05-30 22:01:05
537,407,40,2024-05-31 17:22:03
538,481,459,2024-06-26 05:24:18
539,338,419,2024-05-18 16:05:33
540,376,166,2024-05-29 01:33:20
541,365,68,2024-06-16 22:05:00
542,449,234,2024-06-27 12:35:28
543,17,60,2024-06-14 12:13:57
544,45,147,2024-06-19 01:09:52
545,281,494,2024-06-04 06:09:59
546,87,446,2024-06-28 01:21:11
547,60,202,2024-05-22 19:50:58
548,124,125,2024-04-24 13:00:17
549,386,459,2024-06-21 09:00:36
550,46,49,2024-04-26 09:27:35
551,83,459,2024-03-08 12:37:50
552,463,165,2024-05-02 21:29:48
553,113,333,2024-06-14 15:57:41
554,244,466,2024-06-04 01:05:32
555,341,65,2024-06-25 10:43:01
556,325,341,2024-04-26 06:35:02
557,408,304,2024-06-07 03:03:23
558,478,236,2024-03-19 08:53:50
559,330,165,2024-05-18 15:42:59
560,335,271,2024-06-21 05:59:10
561,495,416,2024-06-10 23:11:31
562,115,138,2024-06-06 00:47:44
563,45,58,2024-06-06 12:54:35
564,380,247,2024-06-05 20:24:13
565,382,459,2024-06-09 06:53:13
566,189,60,2024-06-08 10:46:56
567,489,165,2024-03-05 20:55:07
568,160,30,2024-06-11 07:44:31
569,98,410,2024-06-11 00:21:56
570,164,367,2024-06-25 09:38:33
571,479,377,2024-05-01 06:41:15
572,340,253,2024-04-10 22:01:13
573,55,167,2024-06-05 09:01:53
574,437,202,2024-05-23 17:57:27
575,418,459,2024-06-26 15:01:41
576,113,215,2024-06-15 03:37:37
577,76,254,2024-05-03 19:09:38
578,383,281,2024-05-31 17:20:51
579,307,158,2024-04-25 15:54:40
580,353,59,2024-06-26 03:25:58
581,245,263,2024-05-05 17:30:14
582,254,138,2024-06-03 22:37:51
583,31,492,2024-05-02 12:55:35
584,79,403,2024-04-28 09:58:00
585,435,345,2024-06-04 23:24:39
586,359,348,2024-06-27 17:15:32
587,444,367,2024-05-19 03:48:04
588,373,167,2024-06-28 20:44:01
589,468,408,2024-05-22 01:46:07
590,281,167,2024-05-30 22:47:14
591,348,202,2024-05-30 19:30:34
592,388,167,2024-05-08 10:58:33
593,271,343,2024-05-25 02:37:13
594,357,459,2024-05-30 01:11:49
595,439,220,2024-01-29 16:34:35
596,68,164,2024-06-24 09:57:40
597,298,426,2024-04-06 11:06:04
598,436,459,2024-03-19 04:51:56
599,235,275,2024-06-16 21:16:53
600,71,196,2024-06-14 14:01:18
601,150,446,2024-05-22 21:01:59
602,112,389,2024-05-27 13:27:10
603,377,271,2024-06-01 20:42:42
604,372,417,2024-05-16 10:48:35
605,348,377,2024-06-24 13:50:47
606,76,165,2024-06-14 03:26:50
607,348,406,2024-06-27 20:33:12
608,29,45,2024-05-30 17:01:35
609,92,459,2024-04-11 20:54:45
610,264,275,2024-06-18 11:06:42
611,223,484,2024-06-18 10:43:56
612,370,174,2024-05-31 20:34:04
613,61,125,2024-06-12 12:14:43
614,155,301,2024-04-15 05:31:07
615,335,352,2024-06-20 04:22:34
616,355,495,2024-06-19 21:46:20
617,338,43,2024-05-13 21:39:16
618,443,393,2024-06-04 08:54:25
619,141,263,2024-05-28 00:04:31
620,189,9,2024-05-24 17:46:26
621,43,60,2024-05-30 10:05:51
622,343,453,2024-05-25 00:09:43
623,12,246,2024-06-19 11:48:20
624,246,138,2024-06-27 21:02:57
625,49,378,2024-04-25 03:22:34
626,331,315,2024-05-01 18:36:58
627,293,60,2024-04-29 17:20:38
628,33,326,2024-05-31 22:53:04
629,95,176,2024-05-13 21:47:46
630,202,234,2024-05-22 09:56:37
631,251,30,2024-06-18 01:10:46
632,276,327,2024-06-21 01:39:05
633,334,59,2024-04-07 07:39:39
634,495,276,2024-04-09 20:19:21
635,93,422,2024-06-03 12:40:25
636,93,7,2024-05-12 01:32:04
637,410,154,2024-02-06 14:03:48
638,66,236,2024-06-15 09:23:23
639,83,43,2024-03-18 15:25:13
640,436,359,2024-04-28 18:51:11
641,64,215,2024-06-08 09:52:32
642,495,216,2024-06-17 12:13:57
643,484,276,2024-05-05 06:52:41
644,154,24,2024-06-27 21:06:01
645,464,370,2024-06-13 22:58:34
646,274,198,2024-06-17 10:32:24
647,252,310,2024-06-07 06:16:17
648,467,494,2024-04-05 13:23:34
649,311,215,2024-05-03 09:54:51
650,353,45,2024-05-05 18:13:22
651,122,20,2024-04-15 22:56:52
652,154,418,2024-05-27 10:20:28
653,491,64,2024-06-28 09:41:47
654,111,247,2024-06-04 08:35:26
655,66,345,2024-05-23 23:59:36
656,39,222,2024-04-25 13:48:34
657,196,275,2024-05-07 16:58:08
658,205,202,2024-06-01 15:44:52
659,347,185,2024-05-15 10:08:45
660,74,215,2024-04-09 04:23:18
661,323,348,2024-06-17 06:14:36
662,357,271,2024-06-02 19:49:07
663,289,275,2024-06-16 08:35:24
664,310,87,2024-05-02 10:01:54
665,162,497,2024-06-15 15:01:51
666,195,17,2024-04-27 19:23:16
667,40,138,2024-06-11 10:56:28
668,57,298,2024-06-14 14:16:43
669,34,165,2024-04-01 00:02:23
670,186,455,2024-06-20 04:30:16
671,140,72,2024-06-07 16:41:55
672,141,9,2024-06-06 09:18:41
673,497,112,2024-05-18 18:13:03
674,401,459,2024-04-18 19:11:14
675,270,343,2024-06-12 20:09:37
676,302,397,2024-05-17 04:23:48
677,49,215,2024-05-12 09:43:01
678,283,138,2024-05-21 11:09:14
679,460,26,2024-06-09 01:54:02
680,485,356,2024-05-28 05:36:17
681,177,389,2024-05-21 16:21:37
682,496,377,2024-05-07 11:26:49
683,305,438,2024-05-11 13:59:59
684,245,247,2024-05-11 17:05:32
685,5,300,2024-06-19 19:43:03
686,80,276,2024-04-14 18:26:04
687,194,234,2024-04-24 00:59:18
688,28,459,2024-06-04 17:52:49
689,499,165,2024-06-22 00:44:11
690,128,293,2024-06-08 09:59:05
691,362,202,2024-05-12 22:51:10
692,182,381,2024-05-28 02:40:59
693,147,138,2024-06-06 10:06:57
694,267,459,2024-03-15 01:16:15
695,157,264,2024-03-01 11:07:52
696,486,145,2024-06-19 22:45:27
697,161,407,2024-06-19 09:08:59
698,41,36,2024-05-24 15:11:48
699,484,45,2024-06-09 13:24:04
700,30,43,2024-05-30 04:45:35
701,284,459,2024-06-25 18:31:58
702,448,9,2024-06-08 15:52:11
703,347,215,2024-04-14 03:19:10
704,246,213,2024-06-24 22:52:03
705,347,443,2024-06-26 16:35:55
706,64,176,2024-05-30 10:56:41
707,467,404,2024-05-25 07:28:08
708,366,184,2024-06-01 09:55:58
709,384,165,2024-06-16 02:16:26
710,351,255,2024-06-15 00:48:03
711,230,479,2024-06-15 18:11:01
712,477,438,2024-05-24 10:27:18
713,463,112,2024-05-15 20:35:29
714,188,404,2024-06-18 21:27:39
715,181,467,2024-05-23 00:52:14
716,192,484,2024-05-05 17:22:19
717,468,292,2024-06-23 05:24:23
718,436,364,2024-05-07 14:41:56
719,149,138,2024-05-30 21:44:18
720,136,111,2024-06-26 17:15:49
721,324,234,2024-04-14 08:24:22
722,473,145,2024-06-27 20:07:20
723,492,271,2024-05-01 03:13:13
724,479,202,2024-05-30 07:27:38
725,435,202,2024-06-11 07:39:18
726,4,257,2024-06-08 19:33:08
727,153,165,2024-03-06 13:07:03
728,180,443,2024-05-08 00:11:41
729,206,165,2024-04-19 23:18:51
730,221,206,2024-04-18 08:38:51
731,271,215,2024-05-12 14:50:10
732,211,59,2024-06-15 01:29:44
733,4,82,2024-06-24 17:47:42
734,129,112,2024-06-15 22:47:47
735,192,138,2024-06-06 10:47:15
736,457,97,2024-05-17 19:45:19
737,56,494,2024-06-03 14:53:34
738,430,195,2024-04-10 23:50:02
739,182,354,2024-04-09 21:56:34
740,184,439,2024-05-26 09:03:29
741,102,52,2024-05-23 12:19:55
742,21,65,2024-06-03 09:49:36
743,381,165,2024-04-01 10:17:26
744,83,282,2024-06-09 12:45:47
745,492,281,2024-05-15 17:47:40
746,61,182,2024-06-15 11:53:43
747,254,383,2024-06-05 05:48:19
748,167,360,2024-05-09 11:57:43
749,257,343,2024-04-25 21:31:37
750,68,51,2024-02-22 01:19:31
751,406,15,2024-06-04 20:21:35
752,177,215,2024-05-03 13:42:36
753,27,294,2024-05-01 07:17:28
754,220,487,2024-05-04 19:33:49
755,223,202,2024-05-15 23:24:31
756,249,40,2024-05-31 19:46:51
757,127,257,2024-05-29 22:48:23
758,96,131,2024-05-21 23:07:19
759,443,138,2024-06-19 16:24:22
760,127,283,2024-06-19 03:55:32
761,102,202,2024-06-15 07:51:52
762,415,46,2024-06-11 07:53:27
763,313,95,2024-06-22 17:29:18
764,303,262,2024-04-15 19:20:43
765,118,58,2024-06-12 11:09:21
766,20,138,2024-05-25 23:38:11
767,476,72,2024-05-28 14:14:23
768,316,105,2024-05-28 20:14:13
769,195,176,2024-06-10 17:51:16
770,359,263,2024-05-13 00:57:44
771,114,165,2024-06-06 14:18:29
772,32,215,2024-03-28 16:14:57
773,156,52,2024-05-31 03:39:40
774,144,459,2024-06-22 22:22:20
775,215,121,2024-03-27 21:08:45
776,94,21,2024-03-19 23:05:32
777,339,352,2024-05-23 19:25:03
778,147,202,2024-06-27 12:55:06
779,311,45,2024-05-02 15:31:28
780,130,464,2024-06-14 18:30:31
781,172,144,2024-05-24 02:11:48
782,343,9,2024-06-14 20:44:58
783,395,423,2024-05-14 07:53:19
784,185,349,2024-05-06 18:32:33
785,381,367,2024-05-19 16:58:48
786,310,165,2024-06-19 15:33:33
787,142,108,2024-04-16 14:03:51
788,45,443,2024-05-02 14:28:07
789,323,349,2024-05-23 08:49:41
790,22,245,2024-04-28 09:15:55
791,99,319,2024-05-25 12:43:54
792,39,459,2024-06-21 05:33:36
793,243,495,2024-04-22 06:34:43
794,274,336,2024-04-26 15:57:12
795,66,104,2024-06-07 11:04:12
796,365,132,2024-06-28 12:53:20
797,437,407,2024-06-12 22:13:09
798,500,165,2024-05-29 15:04:26
799,230,263,2024-04-26 04:30:14
800,467,193,2024-06-06 03:13:46
801,215,216,2024-06-25 08:33:09
802,405,15,2024-06-26 09:12:17
803,141,311,2024-04-17 16:52:06
804,149,24,2024-05-14 08:22:08
805,407,486,2024-03-29 20:28:07
806,380,393,2024-06-20 17:55:57
807,351,215,2024-06-10 11:24:57
808,498,36,2024-06-03 05:32:36
809,385,215,2024-05-24 08:40:56
810,400,167,2024-06-20 01:05:41
811,140,108,2024-05-10 01:51:28
812,82,234,2024-06-26 02:23:59
813,357,9,2024-06-26 11:03:48
814,263,202,2024-06-22 12:03:40
815,369,215,2024-06-09 01:03:21
816,437,112,2024-06-20 02:32:43
817,88,112,2024-06-02 01:44:51
818,150,21,2024-03-26 17:41:22
819,483,439,2024-02-01 11:35:43
820,139,432,2024-05-12 00:48:01
821,329,489,2024-06-21 22:39:16
822,108,215,2024-03-18 22:02:29
823,333,165,2024-06-11 17:09:20
824,498,165,2024-03-29 05:59:38
825,485,318,2024-06-19 03:05:55
826,136,338,2024-05-06 18:27:48
827,460,257,2024-06-09 09:38:07
828,30,262,2024-05-16 19:50:45
829,422,165,2024-04-28 20:32:43
830,91,136,2024-02-20 12:19:42
831,276,275,2024-06-17 11:30:15
832,55,338,2024-06-26 11:37:41
833,196,460,2024-06-06 03:14:12
834,446,259,2024-06-11 00:44:48
835,283,107,2024-06-20 10:16:41
836,113,164,2024-03-10 16:44:05
837,298,263,2024-06-26 21:15:12
838,203,80,2024-06-02 17:36:18
839,189,73,2024-06-24 12:44:20
840,48,213,2024-06-05 10:16:38
841,95,393,2024-05-15 08:54:53
842,97,234,2024-04-07 03:42:37
843,332,138,2024-05-31 17:05:47
844,84,442,2024-05-04 00:08:06
845,352,254,2024-05-16 21:21:56
846,74,36,2024-05-24 21:16:30
847,233,455,2024-05-12 22:48:56
848,52,341,2024-05-09 04:22:45
849,373,355,2024-04-16 22:18:49
850,309,45,2024-05-21 23:34:44
851,11,52,2024-04-27 04:02:45
852,391,404,2024-05-27 01:56:10
853,68,131,2024-04-06 22:36:45
854,138,65,2024-06-16 02:41:21
855,308,9,2024-05-19 12:50:25
856,491,377,2024-06-27 11:05:33
857,377,395,2024-06-06 17:27:12
858,44,107,2024-05-21 05:18:43
859,389,231,2024-05-12 18:40:35
860,418,87,2024-06-02 02:07:26
861,246,79,2024-05-25 09:44:32
862,279,306,2024-06-14 21:13:43
863,279,59,2024-06-24 11:15:42
864,23,48,2024-05-31 06:16:04
865,53,215,2024-06-07 06:53:02
866,73,2,2024-04-01 03:39:06
867,13,114,2024-06-03 07:34:08
868,147,112,2024-06-14 22:03:41
869,352,441,2024-06-22 11:03:34
870,462,52,2024-06-07 21:45:55
871,57,112,2024-06-08 12:40:53
872,183,36,2024-05-29 04:21:04
873,61,165,2024-05-23 21:45:33
874,459,21,2024-03-27 07:30:02
875,92,190,2024-05-24 02:31:23
876,308,96,2024-06-21 01:59:51
877,77,443,2024-06-29 01:23:27
878,155,259,2024-05-07 11:12:50
879,179,435,2024-06-07 05:01:47
880,470,214,2024-06-02 04:17:35
881,478,138,2024-06-29 16:26:50
882,365,381,2024-06-29 23:15:36
883,2,422,2024-03-17 11:00:17
884,399,275,2024-05-22 22:39:28
885,76,167,2024-06-24 02:37:13
886,418,32,2024-06-14 00:50:08
887,219,472,2024-05-28 16:37:55
888,75,44,2024-03-17 06:36:46
889,94,366,2024-05-17 07:25:19
890,164,211,2024-06-14 11:13:35
891,356,486,2024-06-16 19:05:12
892,407,264,2024-03-19 18:16:21
893,411,459,2024-04-27 23:12:06
894,197,181,2024-06-06 11:30:24
895,276,215,2024-05-02 07:55:42
896,197,41,2024-06-29 03:41:05
897,216,215,2024-05-28 17:32:12
898,360,43,2024-04-08 00:31:04
899,2,107,2024-02-20 22:13:30
900,186,229,2024-06-28 21:41:21
901,69,459,2024-02-28 02:34:45
902,467,165,2024-04-01 14:30:39
903,151,202,2024-06-20 10:16:51
904,437,222,2024-06-06 03:57:32
905,125,108,2024-05-05 01:22:53
906,29,354,2024-03-04 11:43:54
907,493,308,2024-05-20 00:04:03
908,194,348,2024-06-16 16:44:37
909,495,183,2024-04-27 06:07:05
910,360,49,2024-05-17 03:00:55
911,38,202,2024-05-27 23:56:56
912,446,83,2024-05-19 19:46:23
913,188,67,2024-04-28 08:23:28
914,40,9,2024-06-28 10:09:26
915,417,180,2024-06-07 17:45:59
916,94,202,2024-04-13 22:29:14
917,384,215,2024-05-15 19:19:27
918,241,176,2024-06-13 17:50:09
919,228,370,2024-02-22 22:28:49
920,147,52,2024-05-01 16:16:46
921,452,271,2024-06-25 08:29:27
922,385,90,2024-05-06 11:53:36
923,6,167,2024-05-14 02:37:14
924,349,464,2024-05-24 19:32:30
925,284,322,2024-05-03 08:15:29
926,471,234,2024-06-06 02:35:57
927,364,114,2024-05-11 09:25:29
928,140,486,2024-06-29 08:39:12
929,194,489,2024-03-22 18:01:00
930,381,110,2024-05-28 11:07:07
931,29,112,2024-05-26 09:34:52
932,422,350,2024-06-13 14:09:58
933,310,405,2024-06-23 17:50:30
934,240,202,2024-06-02 16:54:11
935,329,176,2024-06-17 22:20:36
936,85,26,2024-04-01 18:54:50
937,332,183,2024-05-18 05:03:11
938,56,48,2024-04-07 07:59:04
939,309,368,2024-05-26 14:53:48
940,15,125,2024-06-05 04:46:11
941,278,50,2024-05-22 09:56:50
942,306,9,2024-06-03 02:02:38
943,97,223,2024-06-19 13:20:04
944,476,19,2024-04-25 09:16:54
945,44,487,2024-06-27 20:55:37
946,23,233,2024-06-24 05:13:19
947,248,24,2024-06-07 23:44:07
948,48,459,2024-01-29 13:11:10
949,183,358,2024-05-30 15:49:12
950,257,104,2024-06-27 00:14:30
951,201,341,2024-05-10 10:02:38
952,360,290,2024-04-26 19:43:46
953,209,445,2024-06-16 06:51:36
954,52,215,2024-05-10 10:25:40
955,13,246,2024-06-10 05:50:06
956,245,244,2024-03-29 16:06:56
957,149,87,2024-06-15 03:11:15
958,238,38,2024-03-23 09:47:08
959,488,331,2024-06-01 00:27:37
960,414,295,2024-04-13 22:55:55
961,394,331,2024-05-21 12:14:17
962,265,497,2024-06-26 09:44:38
963,477,366,2024-05-17 01:16:41
964,403,62,2024-06-11 02:51:22
965,185,259,2024-05-27 04:21:28
966,21,443,2024-06-25 05:37:34
967,199,123,2024-06-15 09:03:26
968,311,36,2024-05-20 09:05:38
969,291,261,2024-06-23 14:44:47
970,50,387,2024-05-14 19:01:06
971,393,428,2024-06-20 09:28:00
972,445,483,2024-05-06 20:33:10
973,256,45,2024-05-15 03:50:01
974,87,459,2024-04-25 13:23:57
975,35,138,2024-06-03 07:02:30
976,181,43,2024-04-05 17:54:38
977,364,367,2024-05-21 05:06:21
978,243,489,2024-06-15 18:08:47
979,449,195,2024-05-23 03:58:06
980,482,59,2024-06-14 21:05:13
981,21,165,2024-04-30 04:51:57
982,206,176,2024-05-24 12:20:20
983,226,165,2024-06-16 01:45:58
984,488,153,2024-05-19 04:30:47
985,350,177,2024-05-23 09:14:52
986,135,435,2024-06-27 04:25:05
987,22,259,2024-03-22 08:15:13
988,380,377,2024-06-23 22:33:55
989,5,79,2024-05-04 22:15:23
990,149,165,2024-06-24 06:06:43
991,205,416,2024-06-10 11:10:21
992,199,433,2024-05-23 06:19:52
993,48,165,2024-06-04 12:24:43
994,329,215,2024-06-21 10:43:22
995,239,51,2024-04-25 18:46:59
996,375,51,2024-06-29 20:57:58
997,204,366,2024-04-21 07:00:30
998,163,165,2024-06-07 23:23:43
999,109,315,2024-06-17 07:50:26
1000,59,138,2024-05-18 12:20:08
1001,280,80,2024-06-04 17:25:47
1002,75,270,2024-06-13 12:02:55
1003,291,19,2024-06-28 15:23:47
1004,397,165,2024-06-29 13:36:43
1005,414,165,2024-05-28 01:33:10
1006,243,111,2024-06-01 03:48:30
1007,445,15,2024-06-17 19:52:41
1008,139,132,2024-05-24 03:06:22
1009,43,70,2024-05-16 19:19:13
1010,208,40,2024-06-29 11:20:17
1011,232,428,2024-06-28 03:02:55
1012,110,287,2024-05-28 15:35:49
1013,95,404,2024-05-29 10:40:37
1014,459,429,2024-05-10 06:09:04
1015,494,354,2024-03-11 09:41:05
1016,102,165,2024-05-25 22:14:56
1017,247,202,2024-06-06 05:05:35
1018,402,87,2024-06-23 17:29:13
1019,224,165,2024-06-29 08:00:31
1020,293,166,2024-05-11 02:08:07
1021,288,372,2024-05-25 19:55:56
1022,40,339,2024-06-15 08:13:42
1023,316,70,2024-06-23 16:27:12
1024,422,459,2024-06-12 18:36:03
1025,423,348,2024-05-29 06:28:09
1026,8,76,2024-06-20 06:28:18
1027,479,72,2024-06-12 02:18:16
1028,59,377,2024-05-15 22:42:31
1029,135,215,2024-04-08 15:09:39
1030,231,459,2024-03-11 21:51:03
1031,325,201,2024-06-22 23:57:50
1032,50,20,2024-04-19 23:38:34
1033,216,312,2024-06-23 02:45:52
1034,86,253,2024-05-23 13:47:20
1035,179,108,2024-03-10 03:07:47
1036,498,294,2024-03-15 21:00:45
1037,190,393,2024-04-29 20:16:33
1038,155,445,2024-06-16 03:22:50
1039,420,426,2024-06-13 02:55:32
1040,256,275,2024-06-05 02:57:30
1041,212,176,2024-06-15 04:29:43
1042,425,216,2024-06-27 05:31:32
1043,499,363,2024-05-20 18:56:52
1044,475,91,2024-06-03 06:25:54
1045,192,92,2024-04-20 16:04:25
1046,278,193,2024-05-29 12:19:28
1047,433,276,2024-06-11 00:24:42
1048,325,138,2024-06-15 18:31:28
1049,439,45,2024-04-23 04:59:09
1050,413,404,2024-05-29 07:24:39
1051,333,11,2024-06-27 14:31:51
1052,211,48,2024-06-28 07:21:44
1053,475,216,2024-06-19 13:17:14
1054,258,241,2024-04-26 15:03:12
1055,342,138,2024-06-13 04:08:53
1056,109,112,2024-06-21 16:54:28
1057,283,165,2024-05-27 11:36:04
1058,439,202,2024-04-12 09:58:10
1059,180,482,2024-06-22 04:03:23
1060,238,176,2024-06-19 10:05:04
1061,4,459,2024-06-03 17:40:00
1062,260,138,2024-06-28 08:33:00
1063,338,138,2024-06-26 08:38:18
1064,463,378,2024-06-09 12:07:26
1065,345,125,2024-06-10 22:42:12
1066,17,10,2024-04-30 18:00:05
1067,405,165,2024-06-14 07:38:25
1068,492,234,2024-05-11 22:39:42
1069,124,226,2024-05-24 10:12:31
1070,99,257,2024-04-23 08:25:51
1071,425,26,2024-06-17 20:22:59
1072,66,459,2024-05-20 22:21:08
1073,373,90,2024-05-21 19:32:18
1074,265,84,2024-05-29 00:35:40
1075,51,321,2024-02-25 15:18:42
1076,259,55,2024-06-24 12:55:04
1077,402,167,2024-06-16 23:50:20
1078,470,138,2024-06-12 11:54:54
1079,82,464,2024-03-24 05:46:03
1080,48,45,2024-05-27 04:04:51
1081,6,263,2024-06-11 09:20:11
1082,79,19,2024-06-06 22:50:46
1083,41,234,2024-03-08 00:48:49
1084,381,348,2024-06-04 22:18:29
1085,325,263,2024-05-22 06:19:21
1086,96,124,2024-06-01 07:49:59
1087,153,104,2024-05-08 19:48:23
1088,372,369,2024-06-16 07:06:44
1089,27,138,2024-05-23 15:14:14
1090,322,15,2024-06-25 10:08:14
1091,444,47,2024-06-15 18:01:52
1092,475,248,2024-04-01 21:01:58
1093,73,138,2024-06-29 02:01:25
1094,93,45,2024-06-01 16:29:25
1095,433,165,2024-04-14 22:19:05
1096,201,45,2024-04-29 23:24:40
1097,212,36,2024-06-28 13:06:09
1098,321,36,2024-06-15 08:20:18
1099,215,165,2024-05-18 12:55:44
1100,325,453,2024-06-22 08:07:18
1101,83,95,2024-04-01 17:07:15
1102,463,93,2024-06-27 14:42:55
1103,324,254,2024-04-22 16:32:31
1104,61,486,2024-06-05 14:59:14
1105,248,499,2024-06-13 09:53:34
1106,280,6,2024-06-07 05:45:33
1107,380,134,2024-06-02 14:51:08
1108,99,254,2024-06-10 16:07:15
1109,12,215,2024-04-17 05:30:04
1110,111,426,2024-05-27 11:08:22
1111,461,112,2024-06-09 15:21:55
1112,71,112,2024-06-26 11:49:10
1113,355,459,2024-05-11 18:22:32
1114,141,202,2024-04-09 06:18:25
1115,179,319,2024-06-21 09:21:28
1116,415,209,2024-06-09 20:20:46
1117,485,169,2024-05-29 10:27:23
1118,129,89,2024-06-20 10:58:19
1119,434,443,2024-05-26 14:01:05
1120,493,167,2024-06-05 08:43:15
1121,85,377,2024-06-09 13:30:56
1122,250,192,2024-06-22 05:47:59
1123,217,249,2024-06-08 01:16:16
1124,418,157,2024-05-22 04:54:55
1125,311,165,2024-05-01 10:45:27
1126,291,165,2024-06-02 13:57:58
1127,231,87,2024-04-13 03:48:27
1128,491,215,2024-06-14 14:12:03
1129,151,254,2024-06-21 06:26:39
1130,487,479,2024-06-07 05:39:53
1131,204,19,2024-04-19 09:24:52
1132,415,161,2024-05-09 02:58:59
1133,184,127,2024-04-02 11:05:13
1134,337,165,2024-05-11 20:36:42
1135,400,154,2024-02-25 00:08:42
1136,164,302,2024-06-04 20:31:39
1137,169,111,2024-06-18 10:33:03
1138,408,159,2024-06-01 07:41:53
1139,288,31,2024-03-25 19:43:42
1140,309,110,2024-04-11 17:28:34
1141,53,231,2024-03-29 16:10:50
1142,294,443,2024-05-30 21:09:53
1143,350,362,2024-04-27 16:38:35
1144,417,158,2024-04-10 02:28:11
1145,26,386,2024-05-13 07:04:47
1146,24,495,2024-06-18 08:15:51
1147,62,59,2024-06-05 07:23:36
1148,308,164,2024-06-01 21:53:28
1149,122,237,2024-05-13 19:05:54
1150,10,271,2024-06-22 14:16:46
1151,3,458,2024-06-05 20:30:52
1152,68,405,2024-05-11 21:38:25
1153,19,445,2024-06-18 14:38:00
1154,9,37,2024-06-04 08:14:39
1155,425,384,2024-06-05 09:52:43
1156,141,156,2024-04-05 22:49:32
1157,205,38,2024-06-07 09:13:00
1158,253,257,2024-03-27 04:22:56
1159,153,311,2024-06-19 22:29:45
1160,253,412,2024-04-29 00:02:02
1161,432,165,2024-06-14 02:18:28
1162,53,19,2024-04-03 21:32:12
1163,423,9,2024-05-24 04:23:06
1164,166,422,2024-06-21 10:12:25
1165,116,88,2024-06-03 13:32:08
1166,371,449,2024-06-14 08:15:15
1167,418,449,2024-05-17 05:21:25
1168,479,299,2024-03-17 07:43:10
1169,133,439,2024-05-04 20:11:11
1170,57,26,2024-06-09 14:52:04
1171,39,138,2024-06-19 01:13:13
1172,314,377,2024-04-07 04:09:29
1173,139,314,2024-05-20 09:45:43
1174,299,202,2024-04-12 14:16:33
1175,164,423,2024-06-24 06:48:27
1176,300,443,2024-06-28 16:03:34
1177,212,265,2024-05-18 11:32:49
1178,268,215,2024-05-28 02:31:24
1179,245,278,2024-05-29 01:52:14
1180,165,377,2024-06-07 06:40:15
1181,116,45,2024-06-08 15:57:23
1182,365,40,2024-06-18 18:53:36
1183,428,431,2024-06-20 14:48:59
1184,332,348,2024-05-23 21:34:58
1185,356,37,2024-06-23 17:40:44
1186,31,111,2024-06-23 10:35:21
1187,111,202,2024-06-09 14:01:44
1188,97,204,2024-05-04 23:30:48
1189,107,393,2024-06-18 12:02:55
1190,264,421,2024-06-20 09:54:42
1191,484,149,2024-04-22 04:51:38
1192,336,79,2024-06-06 09:24:19
1193,55,459,2024-02-14 18:06:59
1194,470,165,2024-06-01 09:34:54
1195,445,259,2024-05-18 02:30:36
1196,400,169,2024-04-08 02:30:56
1197,143,182,2024-06-14 23:31:11
1198,158,466,2024-06-26 02:12:31
1199,332,45,2024-05-29 10:55:01
1200,449,51,2024-05-20 05:29:07
1201,124,11,2024-05-12 00:19:00
1202,96,138,2024-06-08 18:35:38
1203,339,215,2024-05-25 23:45:17
1204,136,55,2024-06-03 08:03:05
1205,109,75,2024-06-22 08:52:26
1206,221,215,2024-03-28 23:14:49
1207,226,138,2024-05-21 09:41:37
1208,26,275,2024-06-01 21:06:34
1209,100,138,2024-06-05 04:54:14
1210,91,248,2024-06-04 20:54:42
1211,312,207,2024-06-06 13:40:53
1212,56,295,2024-06-02 00:47:27
1213,128,472,2024-05-29 18:31:28
1214,59,26,2024-03-04 23:07:39
1215,295,138,2024-05-19 20:27:04
1216,273,45,2024-05-06 16:31:04
1217,452,258,2024-05-22 03:57:26
1218,201,167,2024-05-19 04:37:28
1219,376,399,2024-04-26 20:32:38
1220,254,107,2024-05-09 09:37:20
1221,178,265,2024-06-03 13:26:07
1222,376,4,2024-06-01 20:23:38
1223,258,453,2024-06-13 06:54:51
1224,245,348,2024-06-24 07:00:40
1225,465,300,2024-05-24 11:05:18
1226,162,295,2024-06-02 15:58:28
1227,96,165,2024-06-23 23:50:13
1228,73,477,2024-06-07 06:32:21
1229,243,189,2024-05-11 01:06:07
1230,91,486,2024-03-06 21:29:58
1231,88,295,2024-05-10 21:20:37
1232,305,165,2024-05-18 11:51:31
1233,299,2,2024-04-24 04:34:33
1234,242,51,2024-05-29 13:11:27
1235,291,295,2024-06-13 13:43:56
1236,428,114,2024-06-23 22:14:20
1237,86,362,2024-05-11 16:58:45
1238,52,147,2024-05-28 10:39:08
1239,232,205,2024-06-11 00:50:45
1240,280,136,2024-06-05 12:41:01
1241,130,165,2024-05-11 18:54:09
1242,424,165,2024-06-23 19:13:30
1243,171,443,2024-06-23 09:30:04
1244,439,425,2024-06-23 05:07:49
1245,58,138,2024-06-10 20:46:20
1246,373,268,2024-04-16 08:35:14
1247,211,418,2024-06-17 23:49:05
1248,73,165,2024-03-11 13:07:21
1249,126,239,2024-06-26 08:29:38
1250,499,190,2024-05-25 07:12:58
1251,382,43,2024-05-02 09:50:17
1252,328,51,2024-05-18 02:37:19
1253,450,260,2024-06-08 02:04:45
1254,461,458,2024-06-19 07:38:41
1255,90,138,2024-06-18 14:54:11
1256,179,443,2024-05-27 21:34:22
1257,302,181,2024-04-24 14:14:49
1258,159,103,2024-06-09 14:50:49
1259,267,315,2024-06-29 05:23:56
1260,63,193,2024-05-31 17:42:18
1261,291,482,2024-06-16 07:22:20
1262,148,52,2024-04-26 15:53:21
1263,256,459,2024-02-24 23:05:09
1264,239,295,2024-05-21 01:48:37
1265,495,138,2024-06-12 18:00:53
1266,341,87,2024-05-27 03:31:30
1267,148,30,2024-05-30 15:06:03
1268,8,202,2024-04-21 10:24:23
1269,145,401,2024-05-19 12:46:54
1270,28,205,2024-05-08 11:19:41
1271,221,165,2024-03-05 16:05:13
1272,26,137,2024-04-08 16:17:18
1273,450,138,2024-06-27 08:33:12
1274,258,282,2024-06-25 08:22:01
1275,80,467,2024-05-05 02:40:26
1276,74,499,2024-05-24 20:03:16
1277,222,244,2024-04-08 02:28:50
1278,149,112,2024-06-23 12:07:39
1279,478,165,2024-05-20 19:32:23
1280,217,169,2024-05-30 15:05:16
1281,458,138,2024-05-31 07:36:55
1282,306,149,2024-05-30 02:23:34
1283,224,294,2024-06-11 08:26:10
1284,412,238,2024-06-22 13:22:30
1285,394,105,2024-06-01 22:57:39
1286,214,225,2024-06-03 07:49:20
1287,157,41,2024-05-31 08:45:43
1288,475,262,2024-05-24 08:39:58
1289,94,165,2024-06-02 16:12:51
1290,50,66,2024-05-25 22:19:55
1291,356,152,2024-06-01 12:30:39
1292,240,165,2024-06-21 05:18:11
1293,216,476,2024-06-21 05:19:16
1294,15,459,2024-05-29 13:55:27
1295,491,364,2024-05-14 09:19:59
1296,387,67,2024-05-30 07:18:13
1297,403,125,2024-06-29 21:47:10
1298,192,60,2024-05-20 21:24:55
1299,461,234,2024-06-07 23:31:24
1300,28,362,2024-05-09 03:41:03
1301,65,176,2024-05-12 13:39:18
1302,237,391,2024-06-19 01:27:32
1303,266,202,2024-04-05 14:38:16
1304,44,26,2024-06-23 03:01:38
1305,55,165,2024-03-24 11:00:32
1306,421,138,2024-06-09 00:41:03
1307,354,165,2024-03-17 08:44:48
1308,63,349,2024-06-04 18:57:52
1309,379,329,2024-06-10 02:45:09
1310,105,215,2024-06-22 15:42:16
1311,380,482,2024-06-03 08:06:22
1312,115,444,2024-06-22 23:03:03
1313,437,79,2024-06-16 05:19:15
1314,160,333,2024-06-27 19:13:53
1315,4,388,2024-06-23 03:22:58
1316,353,107,2024-05-07 22:26:01
1317,1,79,2024-04-11 00:29:59
1318,267,45,2024-05-04 12:51:17
1319,54,202,2024-05-31 21:27:40
1320,228,167,2024-03-16 12:05:13
1321,154,176,2024-05-29 20:38:14
1322,420,121,2024-06-27 12:44:55
1323,280,138,2024-06-15 09:39:02
1324,349,193,2024-03-28 07:15:35
1325,222,71,2024-05-23 05:10:10
1326,95,67,2024-06-12 00:31:57
1327,337,125,2024-06-16 10:33:40
1328,380,313,2024-06-06 10:36:41
1329,244,202,2024-04-28 10:28:01
1330,342,45,2024-06-21 08:01:32
1331,253,165,2024-04-27 23:32:03
1332,201,166,2024-05-20 13:06:14
1333,238,181,2024-05-26 18:53:02
1334,76,19,2024-05-13 15:09:14
1335,62,233,2024-05-28 12:50:23
1336,298,142,2024-06-09 14:51:38
1337,334,443,2024-06-19 02:49:57
1338,228,21,2024-05-05 20:27:24
1339,493,66,2024-06-19 14:42:29
1340,142,9,2024-05-26 18:20:34
1341,184,215,2024-06-24 08:37:31
1342,108,165,2024-06-15 12:01:59
1343,200,215,2024-04-21 12:43:53
1344,336,77,2024-06-27 13:00:31
1345,369,231,2024-06-24 04:43:45
1346,367,422,2024-03-12 16:29:43
1347,143,376,2024-05-03 14:05:06
1348,473,167,2024-06-23 15:47:53
1349,193,477,2024-06-01 10:17:14
1350,338,95,2024-06-08 12:25:03
1351,475,215,2024-06-28 16:13:00
1352,133,60,2024-06-01 02:57:53
1353,302,468,2024-06-04 16:17:14
1354,300,257,2024-06-04 19:11:01
1355,35,23,2024-06-27 05:13:50
1356,376,85,2024-03-24 12:14:25
1357,341,49,2024-05-31 20:25:13
1358,166,363,2024-06-02 02:21:04
1359,54,448,2024-04-29 16:17:45
1360,373,443,2024-05-30 17:13:03
1361,473,30,2024-06-15 00:38:19
1362,129,53,2024-03-29 07:07:40
1363,311,263,2024-04-17 15:31:12
1364,473,90,2024-05-01 09:07:18
1365,358,201,2024-05-10 18:39:54
1366,327,234,2024-04-24 18:04:30
1367,101,133,2024-06-12 03:17:42
1368,348,138,2024-05-26 10:08:24
1369,380,87,2024-06-22 08:58:01
1370,415,377,2024-04-29 10:12:25
1371,299,15,2024-06-29 18:11:00
1372,50,107,2024-03-09 20:12:12
1373,458,6,2024-06-16 11:20:44
1374,291,219,2024-06-02 22:56:09
1375,175,99,2024-06-24 21:12:38
1376,255,103,2024-02-29 08:11:24
1377,293,403,2024-05-29 09:56:42
1378,181,165,2024-06-22 00:48:52
1379,437,65,2024-05-19 23:36:35
1380,225,189,2024-06-06 23:16:08
1381,448,36,2024-05-16 18:34:39
1382,66,372,2024-06-04 12:10:24
1383,52,58,2024-05-26 21:22:24
1384,27,254,2024-05-21 18:21:22
1385,12,112,2024-06-05 17:03:04
1386,473,403,2024-06-05 12:54:13
1387,361,165,2024-04-05 04:47:28
1388,496,138,2024-06-11 14:22:56
1389,295,125,2024-05-20 13:09:57
1390,478,257,2024-05-06 10:40:04
1391,205,258,2024-06-29 23:36:11
1392,358,443,2024-06-15 12:22:27
1393,242,459,2024-06-10 11:24:29
1394,335,19,2024-05-02 01:46:39
1395,216,138,2024-06-01 21:30:08
1396,455,363,2024-04-19 10:49:06
1397,105,221,2024-06-11 08:53:32
1398,474,362,2024-03-06 00:13:51
1399,121,212,2024-06-15 16:43:18
1400,486,231,2024-06-18 09:34:28
1401,360,404,2024-05-26 16:10:30
1402,178,491,2024-06-15 05:11:18
1403,307,348,2024-06-28 00:29:21
1404,42,443,2024-06-05 10:02:03
1405,485,60,2024-05-14 17:52:15
1406,54,20,2024-06-01 01:39:18
1407,116,275,2024-06-15 05:34:14
1408,245,143,2024-05-05 15:11:47
1409,11,459,2024-03-30 19:52:28
1410,397,370,2024-04-18 16:37:19
1411,274,254,2024-05-29 05:54:18
1412,350,297,2024-02-29 11:59:38
1413,283,202,2024-06-15 01:58:44
1414,393,165,2024-05-10 10:22:18
1415,221,315,2024-06-17 00:37:29
1416,71,54,2024-05-27 21:24:27
1417,471,28,2024-06-02 12:22:56
1418,48,247,2024-03-27 23:16:05
1419,212,354,2024-06-23 17:21:51
1420,414,377,2024-05-26 23:28:55
1421,8,432,2024-05-09 08:40:43
1422,417,27,2024-04-03 14:03:35
1423,65,195,2024-05-07 12:33:26
1424,23,154,2024-06-15 02:24:28
1425,336,443,2024-05-18 07:47:12
1426,67,254,2024-06-05 02:42:44
1427,337,58,2024-05-11 23:03:51
1428,40,132,2024-06-11 23:02:16
1429,106,209,2024-05-28 06:34:22
1430,460,459,2024-06-04 08:03:40
1431,228,325,2024-05-23 02:51:24
1432,400,222,2024-06-23 15:14:35
1433,335,125,2024-05-13 09:32:02
1434,164,314,2024-05-01 05:31:21
1435,54,26,2024-05-22 16:09:49
1436,362,465,2024-06-27 20:33:25
1437,144,38,2024-05-26 01:05:05
1438,431,486,2024-05-30 19:03:34
1439,157,349,2024-04-07 12:37:27
1440,63,165,2024-04-02 02:41:01
1441,19,489,2024-06-06 01:19:46
1442,226,275,2024-06-04 21:45:05
1443,488,53,2024-06-28 12:30:17
1444,429,19,2024-04-26 05:47:08
1445,302,165,2024-03-21 22:51:49
1446,31,138,2024-06-15 06:08:28
1447,197,211,2024-06-04 21:14:17
1448,197,198,2024-04-12 01:32:01
1449,106,165,2024-06-11 16:01:41
1450,273,26,2024-04-01 02:17:49
1451,17,216,2024-06-10 04:53:41
1452,480,17,2024-05-15 00:51:20
1453,135,393,2024-06-24 15:34:51
1454,111,363,2024-06-07 10:37:49
1455,223,426,2024-06-28 09:00:02
1456,476,348,2024-05-16 16:15:00
1457,414,51,2024-04-22 00:54:35
1458,488,335,2024-06-07 23:41:58
1459,440,495,2024-06-11 23:36:37
1460,238,183,2024-06-16 04:20:13
1461,394,215,2024-04-19 05:02:59
1462,492,165,2024-06-11 14:05:46
1463,474,123,2024-02-20 19:12:23
1464,144,381,2024-06-01 17:00:20
1465,44,500,2024-06-15 19:01:49
1466,152,165,2024-06-08 17:08:24
1467,20,257,2024-05-23 18:43:05
1468,138,289,2024-06-29 12:19:35
1469,335,393,2024-06-26 07:17:17
1470,7,59,2024-06-16 09:56:13
1471,339,159,2024-05-25 07:50:46
1472,434,93,2024-06-04 09:38:45
1473,9,198,2024-06-10 17:20:04
1474,19,480,2024-05-15 21:02:25
1475,327,407,2024-04-26 12:16:12
1476,210,28,2024-02-17 01:44:17
1477,142,446,2024-06-08 11:07:16
1478,161,467,2024-05-31 12:32:40
1479,93,138,2024-06-23 20:20:49
1480,142,138,2024-06-09 16:22:03
1481,66,116,2024-06-02 18:07:13
1482,76,428,2024-04-01 20:01:24
1483,120,53,2024-03-22 14:54:21
1484,95,299,2024-06-23 06:45:59
1485,226,241,2024-04-27 12:46:14
1486,284,330,2024-04-14 04:39:08
1487,488,326,2024-06-05 05:36:26
1488,500,136,2024-06-28 22:57:44
1489,433,418,2024-06-03 03:15:54
1490,277,332,2024-05-03 10:11:54
1491,180,51,2024-05-13 15:27:53
1492,228,52,2024-05-03 08:56:22
1493,122,107,2024-05-30 13:23:25
1494,425,398,2024-06-16 13:46:53
1495,37,271,2024-06-13 11:14:20
1496,74,15,2024-06-26 18:18:28
1497,404,165,2024-06-13 18:29:23
1498,460,275,2024-06-16 11:47:45
1499,483,486,2024-06-20 17:06:03
1500,16,87,2024-04-14 05:05:28
1501,149,459,2024-06-27 16:22:25
1502,303,16,2024-04-30 00:39:31
1503,414,151,2024-06-04 07:57:45
1504,400,349,2024-06-18 12:17:24
1505,365,165,2024-06-02 02:30:58
1506,194,404,2024-05-26 12:57:23
1507,337,341,2024-06-03 18:38:53
1508,391,500,2024-05-01 16:59:39
1509,490,36,2024-06-27 09:29:27
1510,115,234,2024-06-19 19:03:13
1511,323,220,2024-06-06 19:42:14
1512,276,348,2024-06-24 01:13:19
1513,450,215,2024-04-21 04:10:33
1514,311,202,2024-05-21 06:03:16
1515,267,195,2024-03-30 13:31:18
1516,100,404,2024-06-08 04:25:15
1517,467,125,2024-05-08 15:31:59
1518,410,365,2024-06-09 05:53:45
1519,119,202,2024-06-11 23:24:25
1520,498,54,2024-05-06 04:31:49
1521,228,348,2024-06-25 15:14:26
1522,210,165,2024-05-12 21:27:48
1523,287,215,2024-06-07 15:15:15
1524,335,202,2024-04-22 16:45:21
1525,230,377,2024-05-03 13:49:13
1526,292,403,2024-06-29 10:12:23
1527,65,459,2024-04-30 05:05:10
1528,398,455,2024-06-08 07:41:29
1529,300,281,2024-06-14 14:15:53
1530,134,378,2024-05-26 07:14:41
1531,161,55,2024-05-28 10:07:35
1532,76,236,2024-04-30 16:11:53
1533,461,95,2024-06-15 18:46:58
1534,8,87,2024-05-20 12:36:34
1535,135,364,2024-06-10 18:54:23
1536,381,45,2024-04-18 00:13:05
1537,427,191,2024-06-22 07:15:37
1538,86,495,2024-05-15 10:36:55
1539,264,426,2024-06-29 09:31:53
1540,199,450,2024-05-20 14:04:07
1541,66,174,2024-06-26 05:50:46
1542,124,323,2024-05-23 07:17:05
1543,173,446,2024-06-25 07:17:45
1544,173,247,2024-03-25 17:03:51
1545,370,24,2024-06-11 21:49:17
1546,487,200,2024-06-12 17:36:07
1547,323,202,2024-06-27 01:13:23
1548,224,138,2024-06-18 20:35:19
1549,359,64,2024-05-21 22:11:29
1550,371,363,2024-06-24 13:14:17
1551,78,445,2024-06-25 00:31:00
1552,304,165,2024-06-27 18:54:52
1553,233,165,2024-05-29 17:03:36
1554,91,215,2024-05-11 21:08:51
1555,484,367,2024-03-30 14:17:29
1556,153,207,2024-05-04 23:29:00
1557,289,215,2024-06-17 00:37:43
1558,297,215,2024-06-09 12:02:04
1559,147,164,2024-03-12 18:25:20
1560,388,93,2024-05-15 09:17:16
1561,22,393,2024-05-18 17:28:08
1562,295,437,2024-05-31 23:38:00
1563,51,165,2024-04-06 16:48:48
1564,61,138,2024-06-12 09:55:36
1565,225,112,2024-05-27 22:19:56
1566,148,459,2024-05-12 16:01:58
1567,311,361,2024-05-07 15:40:23
1568,50,108,2024-05-10 18:58:11
1569,387,87,2024-06-28 01:02:14
1570,463,21,2024-06-22 06:43:24
1571,276,381,2024-03-30 00:10:22
1572,251,404,2024-05-26 05:00:28
1573,190,107,2024-06-20 21:46:31
1574,219,347,2024-06-09 11:04:09
1575,65,404,2024-06-08 06:36:25
1576,471,51,2024-06-25 12:58:08
1577,471,406,2024-06-12 19:48:47
1578,456,191,2024-06-01 13:46:51
1579,45,426,2024-05-11 17:39:32
1580,375,285,2024-05-05 15:38:13
1581,412,38,2024-05-08 19:26:53
1582,373,36,2024-05-20 14:08:02
1583,233,263,2024-06-03 13:53:17
1584,345,367,2024-06-27 01:53:11
1585,162,443,2024-05-27 10:30:27
1586,222,45,2024-06-22 03:49:36
1587,407,215,2024-04-24 14:50:21
1588,431,227,2024-06-23 20:07:20
1589,19,464,2024-05-30 03:45:18
1590,5,128,2024-06-16 13:50:06
1591,193,430,2024-04-26 14:13:22
1592,345,104,2024-05-30 15:46:13
1593,78,202,2024-04-18 11:59:16
1594,376,212,2024-04-11 06:29:25
1595,102,263,2024-04-23 09:35:16
1596,487,215,2024-05-24 19:57:06
1597,2,193,2024-06-07 15:54:32
1598,286,257,2024-06-07 09:38:32
1599,92,21,2024-05-10 04:02:58
1600,315,165,2024-06-26 22:15:45
1601,121,269,2024-06-05 13:38:00
1602,272,276,2024-05-28 06:34:38
1603,450,139,2024-05-29 13:06:03
1604,449,138,2024-06-09 04:52:09
1605,251,379,2024-06-08 16:53:15
1606,307,165,2024-06-06 22:31:40
1607,152,45,2024-04-25 14:39:04
1608,494,435,2024-06-07 23:52:43
1609,215,484,2024-05-20 19:58:38
1610,127,280,2024-05-18 12:49:01
1611,91,202,2024-05-01 07:06:24
1612,339,52,2024-06-03 12:04:58
1613,361,60,2024-06-22 19:06:50
1614,248,404,2024-06-17 16:54:17
1615,308,176,2024-06-03 19:02:50
1616,15,138,2024-06-21 22:24:21
1617,111,443,2024-06-28 21:27:43
1618,210,30,2024-06-22 18:55:48
1619,166,138,2024-06-01 01:47:08
1620,211,167,2024-06-10 15:33:53
1621,218,168,2024-04-03 04:56:04
1622,138,215,2024-05-27 06:49:36
1623,174,264,2024-06-01 10:07:27
1624,158,200,2024-03-24 19:54:06
1625,294,435,2024-06-20 01:41:01
1626,106,369,2024-05-21 07:06:47
1627,486,479,2024-06-18 13:04:06
1628,169,60,2024-05-23 20:19:24
1629,11,464,2024-03-30 07:40:25
1630,411,165,2024-06-18 20:44:10
1631,181,366,2024-06-17 07:30:57
1632,33,275,2024-06-11 04:56:49
1633,102,494,2024-05-11 04:56:43
1634,203,422,2024-06-02 12:02:20
1635,149,383,2024-06-17 04:56:09
1636,170,177,2024-05-23 02:38:16
1637,376,130,2024-05-11 19:05:19
1638,19,409,2024-06-12 18:36:05
1639,406,202,2024-04-15 13:42:41
1640,145,140,2024-05-24 16:56:38
1641,324,367,2024-04-11 07:55:32
1642,18,138,2024-05-22 15:47:16
1643,417,372,2024-06-14 11:04:17
1644,68,395,2024-03-15 04:37:33
1645,442,41,2024-03-02 19:23:45
1646,259,339,2024-06-03 13:30:04
1647,11,9,2024-06-28 09:12:22
1648,278,254,2024-05-16 13:59:30
1649,49,348,2024-06-21 09:10:17
1650,201,104,2024-06-25 15:36:41
1651,440,150,2024-03-29 07:20:22
1652,218,215,2024-03-28 03:31:31
1653,155,138,2024-05-26 11:51:26
1654,52,138,2024-06-17 12:05:17
1655,296,202,2024-06-07 01:37:08
1656,220,45,2024-05-24 03:38:07
1657,288,138,2024-05-30 11:06:37
1658,465,315,2024-06-29 20:03:34
1659,126,165,2024-06-07 01:19:24
1660,191,363,2024-06-23 11:50:32
1661,56,202,2024-05-26 10:33:31
1662,500,15,2024-06-08 13:34:28
1663,229,165,2024-06-27 12:57:35
1664,56,271,2024-05-29 23:17:42
1665,74,393,2024-05-06 09:25:48
1666,49,231,2024-03-27 19:50:01
1667,443,459,2024-06-16 13:09:36
1668,128,41,2024-06-07 16:27:06
1669,316,404,2024-06-19 08:47:13
1670,371,404,2024-06-05 05:46:32
1671,31,366,2024-04-07 14:18:54
1672,211,149,2024-05-31 13:02:01
1673,428,75,2024-05-19 15:26:21
1674,353,233,2024-06-09 21:16:29
1675,447,7,2024-06-29 07:27:05
1676,108,362,2024-05-27 19:23:29
1677,280,214,2024-06-15 21:53:27
1678,121,164,2024-05-30 21:17:08
1679,248,215,2024-04-03 11:01:42
1680,472,48,2024-03-13 09:30:39
1681,193,60,2024-03-30 11:15:10
1682,83,215,2024-04-11 05:38:39
1683,86,105,2024-05-31 21:17:54
1684,20,442,2024-06-18 16:49:30
1685,88,261,2024-06-29 21:02:36
1686,250,66,2024-06-19 12:31:51
1687,205,9,2024-05-24 18:53:15
1688,223,499,2024-06-19 05:38:41
1689,473,437,2024-05-29 21:13:55
1690,268,161,2024-05-24 20:12:39
1691,351,107,2024-06-15 08:31:15
1692,266,254,2024-06-04 11:21:12
1693,237,109,2024-05-19 23:14:03
1694,475,353,2024-05-14 13:20:40
1695,85,215,2024-06-18 15:54:48
1696,6,157,2024-02-12 23:11:20
1697,77,202,2024-05-26 23:19:05
1698,160,315,2024-04-10 00:12:52
1699,356,45,2024-05-29 05:24:59
1700,170,45,2024-06-14 09:06:29
1701,240,248,2024-04-04 14:11:26
1702,180,264,2024-06-19 04:33:09
1703,116,165,2024-05-25 23:16:50
1704,476,104,2024-05-12 14:31:38
1705,421,458,2024-06-18 05:36:39
1706,300,345,2024-06-03 00:39:33
1707,320,366,2024-05-06 15:35:38
1708,288,216,2024-05-27 02:30:58
1709,40,247,2024-04-30 04:12:09
1710,375,112,2024-05-25 21:04:17
1711,135,232,2024-04-20 13:50:06
1712,409,215,2024-06-24 06:12:06
1713,295,367,2024-05-27 18:33:15
1714,310,138,2024-06-24 20:18:20
1715,378,429,2024-06-20 21:38:26
1716,108,87,2024-06-24 22:30:49
1717,119,494,2024-02-14 22:04:30
1718,476,384,2024-03-22 09:46:12
1719,74,87,2024-04-09 21:42:58
1720,166,36,2024-06-29 01:28:53
1721,27,65,2024-06-15 11:02:14
1722,226,184,2024-06-01 05:23:00
1723,168,141,2024-06-22 16:43:59
1724,202,165,2024-05-07 18:21:05
1725,160,404,2024-06-09 08:16:27
1726,272,37,2024-06-29 02:44:29
1727,432,111,2024-05-29 22:56:27
1728,485,263,2024-06-06 15:46:51
1729,224,231,2024-06-19 11:43:13
1730,356,377,2024-06-11 01:23:07
1731,62,228,2024-06-18 03:17:40
1732,334,165,2024-03-10 10:58:55
1733,444,165,2024-06-04 01:10:02
1734,395,285,2024-05-24 03:44:38
1735,218,111,2024-06-18 01:36:31
1736,449,500,2024-05-28 01:43:40
1737,196,165,2024-03-16 17:40:55
1738,101,196,2024-06-24 19:17:41
1739,100,7,2024-04-15 11:48:13
1740,169,45,2024-05-20 12:20:22
1741,469,134,2024-03-03 13:17:24
1742,311,138,2024-06-17 01:47:50
1743,141,271,2024-06-05 08:45:24
1744,23,499,2024-06-20 01:04:12
1745,130,138,2024-05-19 10:24:28
1746,498,234,2024-03-18 23:50:11
1747,442,330,2024-05-18 21:10:22
1748,312,263,2024-06-09 07:46:58
1749,89,202,2024-06-16 14:54:34
1750,385,218,2024-04-09 20:02:25
1751,20,165,2024-04-13 07:01:24
1752,362,348,2024-06-25 04:23:22
1753,436,62,2024-06-17 08:50:18
1754,428,407,2024-03-29 02:36:32
1755,228,266,2024-03-03 11:22:39
1756,161,45,2024-06-10 14:03:09
1757,143,493,2024-05-24 23:09:09
1758,336,257,2024-04-20 00:39:46
1759,171,404,2024-06-09 07:42:05
1760,460,320,2024-06-22 03:08:05
1761,370,459,2024-04-18 02:48:50
1762,8,459,2024-03-24 11:35:20
1763,214,404,2024-06-26 11:09:49
1764,32,30,2024-06-25 08:58:10
1765,390,215,2024-06-26 11:08:31
1766,137,41,2024-05-07 10:17:59
1767,23,138,2024-05-26 12:01:31
1768,353,215,2024-05-18 05:01:35
1769,326,353,2024-05-01 17:29:41
1770,160,138,2024-06-02 16:18:39
1771,291,404,2024-06-03 15:23:55
1772,290,459,2024-03-10 14:32:22
1773,60,459,2024-04-15 20:45:49
1774,374,42,2024-06-03 03:08:33
1775,303,260,2024-03-23 20:47:57
1776,393,87,2024-04-29 06:52:17
1777,112,271,2024-06-22 06:14:05
1778,42,435,2024-06-06 00:38:49
1779,158,404,2024-06-25 03:19:45
1780,483,448,2024-04-18 03:22:37
1781,383,362,2024-06-05 11:58:53
1782,159,26,2024-06-15 18:06:37
1783,147,92,2024-04-16 08:28:10
1784,290,155,2024-04-25 14:43:22
1785,428,101,2024-04-25 21:51:37
1786,91,489,2024-04-07 14:07:36
1787,358,195,2024-03-18 17:14:46
1788,251,165,2024-06-07 07:34:11
1789,179,367,2024-05-26 01:25:14
1790,231,404,2024-06-27 07:26:05
1791,426,88,2024-06-16 09:21:48
1792,80,215,2024-04-28 13:16:37
1793,360,192,2024-04-26 03:45:32
1794,107,165,2024-06-11 08:48:45
1795,283,404,2024-06-07 00:19:29
1796,47,215,2024-04-28 13:33:10
1797,133,112,2024-06-02 21:21:31
1798,17,459,2024-06-19 03:29:54
1799,338,263,2024-05-30 22:11:37
1800,166,165,2024-06-15 19:35:16
1801,338,246,2024-05-24 08:04:50
1802,166,315,2024-06-13 23:15:14
1803,446,448,2024-05-20 09:35:43
1804,216,202,2024-06-09 02:57:14
1805,332,449,2024-05-27 16:42:15
1806,468,165,2024-05-17 16:23:29
1807,240,219,2024-06-20 16:22:48
1808,12,195,2024-06-06 00:39:40
1809,234,250,2024-06-21 03:43:37
1810,375,169,2024-06-21 10:09:35
1811,125,136,2024-06-02 22:02:10
1812,308,165,2024-06-05 11:09:17
1813,154,21,2024-04-12 11:14:27
1814,391,459,2024-06-24 02:34:14
1815,260,51,2024-06-05 08:40:01
1816,397,138,2024-06-13 16:33:21
1817,206,247,2024-04-26 01:23:18
1818,263,87,2024-05-13 23:16:59
1819,454,249,2024-06-09 11:24:14
1820,102,466,2024-06-25 15:25:37
1821,385,66,2024-06-16 10:28:34
1822,171,377,2024-02-24 16:23:53
1823,497,44,2024-03-16 09:37:22
1824,203,87,2024-05-11 07:36:57
1825,338,72,2024-06-05 02:08:13
1826,155,147,2024-04-17 13:56:23
1827,121,420,2024-05-18 14:37:52
1828,47,340,2024-04-17 12:40:33
1829,351,226,2024-06-23 04:48:31
1830,192,6,2024-04-01 00:54:05
1831,177,45,2024-06-07 02:00:38
1832,352,167,2024-05-23 20:01:00
1833,468,202,2024-06-07 09:59:22
1834,426,202,2024-04-24 18:36:52
1835,199,60,2024-06-11 05:31:39
1836,479,63,2024-06-19 20:33:54
1837,168,446,2024-06-21 11:45:48
1838,346,344,2024-05-28 10:50:32
1839,306,167,2024-04-12 07:21:55
1840,178,205,2024-05-10 14:08:23
1841,114,442,2024-03-23 01:19:42
1842,394,121,2024-04-11 03:26:41
1843,175,215,2024-05-04 18:13:47
1844,313,251,2024-06-08 23:50:38
1845,469,36,2024-05-24 03:35:19
1846,71,215,2024-05-24 07:29:20
1847,109,142,2024-04-03 21:12:40
1848,174,165,2024-06-07 22:32:01
1849,218,75,2024-05-23 00:07:07
1850,199,292,2024-05-11 06:55:28
1851,489,182,2024-04-25 05:29:12
1852,204,296,2024-05-20 02:59:06
1853,239,389,2024-05-28 00:27:43
1854,352,346,2024-06-14 08:35:17
1855,442,175,2024-05-05 19:00:23
1856,83,158,2024-04-29 09:08:11
1857,233,9,2024-06-19 19:38:43
1858,492,286,2024-05-11 05:02:22
1859,395,26,2024-04-12 04:15:23
1860,133,349,2024-05-11 22:00:51
1861,310,390,2024-05-31 05:34:33
1862,258,165,2024-06-05 11:59:12
1863,274,485,2024-05-21 12:49:20
1864,403,93,2024-04-29 09:35:43
1865,273,363,2024-06-29 10:13:54
1866,346,38,2024-04-17 21:40:50
1867,173,464,2024-06-27 09:07:25
1868,133,105,2024-06-25 04:50:15
1869,373,430,2024-06-07 06:41:49
1870,25,202,2024-04-04 04:50:46
1871,63,426,2024-05-15 21:26:47
1872,188,26,2024-05-22 11:26:27
1873,130,186,2024-06-15 04:24:49
1874,152,365,2024-05-23 19:35:27
1875,278,138,2024-05-30 21:22:57
1876,183,181,2024-06-04 09:08:41
1877,167,138,2024-05-18 09:13:41
1878,306,52,2024-04-29 09:46:49
1879,273,348,2024-05-25 23:22:24
1880,90,41,2024-04-30 02:37:25
1881,65,342,2024-06-23 11:28:16
1882,253,191,2024-06-02 03:20:31
1883,177,485,2024-06-03 09:24:12
1884,471,400,2024-06-26 19:41:13
1885,421,215,2024-05-22 02:02:29
1886,21,40,2024-05-26 08:55:35
1887,20,73,2024-04-03 04:21:50
1888,372,38,2024-06-04 20:55:56
1889,217,171,2024-06-03 19:02:32
1890,487,353,2024-05-11 17:35:54
1891,429,459,2024-03-27 10:48:29
1892,134,499,2024-06-14 04:03:17
1893,264,215,2024-05-04 23:29:08
1894,356,381,2024-05-04 16:40:34
1895,294,202,2024-06-13 04:36:20
1896,479,193,2024-04-09 10:36:36
1897,142,215,2024-03-27 12:41:28
1898,310,168,2024-05-05 02:44:17
1899,3,176,2024-05-23 23:00:48
1900,401,178,2024-04-14 08:04:57
1901,141,138,2024-06-14 17:42:42
1902,405,486,2024-04-25 11:08:10
1903,50,112,2024-05-10 07:39:23
1904,364,164,2024-05-02 08:32:12
1905,314,138,2024-06-20 05:18:46
1906,312,403,2024-06-14 01:30:39
1907,216,264,2024-06-08 08:29:57
1908,278,166,2024-05-11 08:16:37
1909,176,165,2024-06-14 14:52:33
1910,422,197,2024-05-03 12:51:27
1911,438,349,2024-04-07 12:00:29
1912,273,312,2024-06-18 04:37:36
1913,200,135,2024-04-11 09:46:47
1914,339,415,2024-04-28 16:56:28
1915,324,202,2024-05-03 20:36:26
1916,43,109,2024-06-27 16:34:25
1917,190,143,2024-05-02 05:32:05
1918,232,291,2024-05-31 21:32:08
1919,80,259,2024-04-14 22:18:13
1920,320,165,2024-05-23 19:31:28
1921,213,499,2024-05-16 10:07:23
1922,385,486,2024-05-23 18:33:48
1923,381,205,2024-05-30 18:24:03
1924,193,459,2024-03-29 22:52:36
1925,194,254,2024-05-01 15:01:08
1926,50,167,2024-04-02 21:09:29
1927,57,234,2024-06-03 12:27:15
1928,443,83,2024-05-28 21:05:06
1929,282,176,2024-06-02 03:11:03
1930,215,450,2024-05-13 06:10:07
1931,323,49,2024-06-29 11:25:22
1932,352,474,2024-06-19 11:57:09
1933,326,156,2024-05-12 19:22:11
1934,273,167,2024-05-10 07:01:21
1935,254,363,2024-05-17 10:20:45
1936,423,459,2024-04-27 09:52:15
1937,474,431,2024-06-08 00:33:46
1938,148,4,2024-06-09 01:57:49
1939,391,202,2024-04-17 01:25:18
1940,350,452,2024-05-12 13:42:58
1941,298,275,2024-06-01 11:02:45
1942,211,102,2024-05-01 13:24:48
1943,317,112,2024-06-26 10:27:37
1944,42,252,2024-06-05 05:48:31
1945,485,15,2024-06-26 21:37:24
1946,128,87,2024-06-18 11:27:00
1947,242,298,2024-06-15 16:21:18
1948,12,349,2024-05-12 04:49:10
1949,283,215,2024-05-27 05:42:32
1950,235,165,2024-04-21 00:23:11
1951,90,202,2024-06-29 03:10:50
1952,472,105,2024-06-01 19:25:05
1953,151,30,2024-05-17 19:42:31
1954,106,239,2024-06-18 22:38:32
1955,126,297,2024-06-01 20:56:06
1956,124,379,2024-05-25 14:30:03
1957,257,271,2024-06-25 08:06:08
1958,429,165,2024-04-05 11:19:56
1959,126,202,2024-04-26 13:53:33
1960,4,354,2024-06-25 23:22:36
1961,347,176,2024-06-26 15:27:02
1962,442,166,2024-06-19 14:52:57
1963,491,138,2024-06-20 09:54:24
1964,276,58,2024-06-25 08:48:23
1965,366,15,2024-06-20 15:19:18
1966,424,341,2024-06-03 13:09:32
1967,416,168,2024-06-01 13:47:36
1968,187,169,2024-06-16 23:51:16
1969,323,275,2024-06-07 07:56:49
1970,404,58,2024-06-01 01:03:31
1971,434,138,2024-06-25 17:11:40
1972,297,361,2024-03-21 19:07:02
1973,370,87,2024-05-19 23:15:05
1974,468,125,2024-06-17 17:41:06
1975,108,138,2024-06-01 16:14:29
1976,329,306,2024-05-19 20:10:27
1977,461,320,2024-06-05 14:52:59
1978,388,138,2024-05-30 23:46:25
1979,353,197,2024-06-14 03:26:02
1980,359,137,2024-05-17 07:11:24
1981,305,20,2024-04-16 02:01:37
1982,76,215,2024-03-28 05:51:25
1983,114,437,2024-06-13 01:56:23
1984,186,326,2024-05-28 07:16:26
1985,484,327,2024-05-30 11:21:25
1986,325,145,2024-06-17 03:45:56
1987,226,290,2024-05-01 10:08:33
1988,381,388,2024-05-13 23:09:58
1989,440,165,2024-04-18 19:16:17
1990,15,414,2024-06-25 14:39:10
1991,156,73,2024-02-01 03:24:06
1992,133,165,2024-06-19 00:54:57
1993,382,428,2024-06-26 13:57:09
1994,208,202,2024-06-03 04:05:57
1995,80,246,2024-06-16 00:27:39
1996,161,215,2024-05-25 11:00:01
1997,444,459,2024-06-07 22:50:04
1998,87,429,2024-05-26 16:24:17
1999,195,9,2024-05-22 05:20:07
2000,176,112,2024-06-01 00:47:56
2001,115,74,2024-06-21 10:54:07
2002,399,342,2024-05-29 13:24:00
2003,333,104,2024-06-06 13:13:34
2004,236,234,2024-03-05 11:48:51
2005,431,352,2024-06-28 08:32:57
2006,401,377,2024-06-27 22:30:32
2007,117,349,2024-05-07 04:40:50
2008,341,19,2024-05-30 01:41:51
2009,51,467,2024-05-09 15:18:08
2010,493,215,2024-06-27 07:40:28
2011,447,38,2024-04-28 17:08:23
2012,229,234,2024-05-27 22:32:02
2013,126,136,2024-05-07 12:50:03
2014,354,459,2024-03-27 01:05:33
2015,117,302,2024-04-15 05:24:25
2016,91,21,2024-06-24 06:05:49
2017,137,223,2024-04-27 10:39:46
2018,381,103,2024-06-18 00:17:44
2019,470,30,2024-06-29 03:56:46
2020,68,215,2024-03-30 11:10:09
2021,107,121,2024-06-04 06:35:20
2022,390,241,2024-06-07 12:50:15
2023,51,215,2024-03-28 13:34:49
2024,164,377,2024-02-04 12:55:45
2025,101,202,2024-05-13 05:41:56
2026,43,202,2024-04-10 00:43:46
2027,278,246,2024-06-20 17:42:19
2028,250,139,2024-05-10 20:33:08
2029,298,190,2024-03-23 15:41:30
2030,369,443,2024-05-29 11:58:23
2031,302,388,2024-06-14 18:45:56
2032,1,132,2024-04-03 04:37:11
2033,308,138,2024-06-16 07:03:04
2034,488,271,2024-06-05 17:35:47
2035,445,215,2024-05-31 12:21:23
2036,141,293,2024-05-29 20:15:13
2037,159,260,2024-05-17 21:31:59
2038,388,460,2024-06-17 07:28:49
2039,4,158,2024-06-17 14:25:40
2040,241,208,2024-06-03 13:52:07
2041,34,363,2024-06-10 06:24:02
2042,156,45,2024-05-27 17:32:35
2043,176,271,2024-05-29 17:24:08
2044,100,368,2024-05-16 13:19:50
2045,110,147,2024-04-24 17:32:57
2046,164,365,2024-06-14 13:57:03
2047,53,299,2024-04-24 23:30:22
2048,293,287,2024-06-03 21:28:09
2049,81,104,2024-05-23 11:37:41
2050,403,89,2024-04-30 02:02:47
2051,313,279,2024-05-31 05:36:03
2052,490,215,2024-06-18 15:28:10
2053,335,248,2024-05-13 23:54:29
2054,400,341,2024-04-13 18:06:15
2055,479,415,2024-05-20 13:15:05
2056,190,70,2024-05-22 14:42:13
2057,373,165,2024-05-05 18:43:05
2058,231,147,2024-06-04 21:04:16
2059,202,367,2024-03-31 21:13:11
2060,29,483,2024-04-19 09:19:28
2061,331,388,2024-06-14 20:14:45
2062,393,138,2024-06-25 09:23:37
2063,361,107,2024-04-18 18:53:04
2064,151,404,2024-05-26 02:33:47
2065,165,202,2024-05-07 11:04:23
2066,167,231,2024-03-31 13:55:08
2067,409,111,2024-06-15 07:22:22
2068,226,418,2024-05-22 04:04:16
2069,39,125,2024-05-24 15:35:25
2070,371,202,2024-06-09 08:40:07
2071,304,202,2024-05-29 11:53:49
2072,400,276,2024-06-20 15:19:14
2073,128,138,2024-06-17 13:33:28
2074,301,165,2024-03-25 05:50:26
2075,29,269,2024-05-16 08:31:22
2076,276,165,2024-05-12 06:10:34
2077,57,202,2024-05-29 10:32:50
2078,167,488,2024-06-20 06:08:14
2079,423,77,2024-06-03 00:02:32
2080,302,138,2024-05-26 08:44:37
2081,288,43,2024-03-18 08:49:45
2082,168,234,2024-04-22 17:59:37
2083,286,215,2024-05-14 05:37:47
2084,354,15,2024-05-31 14:22:14
2085,446,375,2024-06-16 05:28:55
2086,379,153,2024-05-06 03:38:39
2087,464,367,2024-03-27 04:57:55
2088,95,161,2024-05-10 20:47:03
2089,236,165,2024-04-13 04:26:04
2090,347,485,2024-06-04 20:10:53
2091,131,254,2024-04-21 21:10:24
2092,72,55,2024-06-16 16:15:17
2093,219,167,2024-06-07 18:49:53
2094,409,26,2024-06-12 22:53:37
2095,263,165,2024-06-08 17:05:06
2096,224,499,2024-06-20 04:10:08
2097,448,378,2024-06-15 07:16:04
2098,276,205,2024-06-09 09:10:00
2099,325,32,2024-04-24 19:53:22
2100,290,45,2024-06-07 21:43:39
2101,400,52,2024-05-11 05:09:21
2102,436,43,2024-04-28 17:57:00
2103,313,275,2024-05-10 09:12:26
2104,385,36,2024-06-15 04:23:48
2105,221,395,2024-04-24 00:57:42
2106,232,443,2024-05-04 17:04:47
2107,94,273,2024-05-14 19:46:27
2108,355,348,2024-06-28 22:47:20
2109,222,443,2024-05-28 21:53:58
2110,320,404,2024-05-25 20:57:44
2111,5,112,2024-06-19 00:52:27
2112,78,138,2024-05-27 11:25:09
2113,300,289,2024-06-07 09:16:22
2114,273,202,2024-06-03 22:30:02
2115,103,367,2024-06-05 00:56:31
2116,474,165,2024-06-25 13:26:26
2117,79,103,2024-04-16 07:29:28
2118,106,147,2024-04-08 13:14:18
2119,14,215,2024-03-26 07:22:46
2120,400,60,2024-05-01 23:36:54
2121,489,34,2024-05-14 22:57:49
2122,476,117,2024-04-03 12:10:54
2123,104,147,2024-05-26 04:58:29
2124,139,121,2024-05-28 02:56:47
2125,71,435,2024-06-15 09:24:07
2126,64,404,2024-06-12 04:00:52
2127,14,197,2024-04-04 12:02:51
2128,195,26,2024-05-02 10:48:57
2129,205,105,2024-06-13 20:11:24
2130,303,393,2024-05-07 06:54:28
2131,497,90,2024-06-16 01:47:54
2132,371,215,2024-04-19 06:36:25
2133,388,108,2024-06-17 23:19:15
2134,380,254,2024-06-12 02:22:37
2135,213,103,2024-04-30 15:22:44
2136,410,215,2024-06-19 11:03:38
2137,131,215,2024-06-29 13:35:24
2138,234,10,2024-05-22 18:08:35
2139,412,181,2024-04-26 22:17:31
2140,182,165,2024-05-09 10:42:50
2141,429,30,2024-06-26 11:29:15
2142,334,140,2024-05-17 22:15:15
2143,334,271,2024-06-04 12:41:56
2144,449,202,2024-06-05 04:50:15
2145,374,272,2024-06-04 05:25:30
2146,24,68,2024-06-01 14:55:04
2147,91,233,2024-03-13 01:43:53
2148,266,80,2024-06-12 18:45:05
2149,391,21,2024-05-23 00:01:33
2150,411,108,2024-06-14 22:10:05
2151,339,138,2024-06-15 15:14:14
2152,213,399,2024-06-01 12:43:07
2153,89,91,2024-06-04 02:26:13
2154,495,76,2024-04-27 11:21:04
2155,187,436,2024-05-28 11:17:41
2156,403,87,2024-05-28 04:31:45
2157,105,147,2024-06-25 17:24:41
2158,192,454,2024-04-21 14:12:19
2159,319,158,2024-06-27 18:23:06
2160,14,165,2024-06-04 21:47:46
2161,18,348,2024-05-20 21:52:17
2162,468,176,2024-06-17 14:20:35
2163,391,251,2024-06-15 03:50:14
2164,87,82,2024-04-11 07:57:00
2165,179,446,2024-05-17 03:58:11
2166,215,494,2024-04-09 11:23:18
2167,496,202,2024-05-10 15:12:03
2168,439,447,2024-06-05 00:57:08
2169,69,418,2024-06-25 06:38:55
2170,327,2,2024-05-21 14:23:16
2171,241,447,2024-05-18 09:32:17
2172,66,164,2024-06-04 10:53:09
2173,188,469,2024-03-30 11:38:36
2174,245,207,2024-06-24 18:02:56
2175,101,60,2024-05-18 02:55:22
2176,67,388,2024-05-15 07:53:15
2177,116,277,2024-05-29 21:15:21
2178,368,174,2024-06-29 01:30:26
2179,54,132,2024-05-07 02:57:23
2180,95,345,2024-04-29 23:07:31
2181,169,321,2024-05-16 07:27:36
2182,343,247,2024-05-23 05:44:01
2183,296,494,2024-06-04 16:30:00
2184,390,447,2024-05-25 02:52:26
2185,75,240,2024-03-29 06:30:43
2186,383,452,2024-06-17 17:55:35
2187,324,26,2024-04-01 17:38:46
2188,94,9,2024-06-18 21:17:28
2189,18,404,2024-06-05 12:03:59
2190,83,167,2024-02-24 02:59:20
2191,293,202,2024-06-22 14:32:32
2192,177,101,2024-06-15 05:04:05
2193,110,202,2024-04-25 20:22:52
2194,280,195,2024-06-18 01:49:11
2195,144,275,2024-06-13 08:44:25
2196,457,99,2024-05-24 18:21:55
2197,414,430,2024-06-29 10:02:06
2198,234,282,2024-05-13 22:40:11
2199,391,215,2024-04-01 05:50:38
2200,401,165,2024-06-03 02:21:14
2201,14,479,2024-03-19 12:14:24
2202,49,114,2024-05-11 03:21:13
2203,425,52,2024-06-29 15:10:40
2204,365,138,2024-06-08 13:11:15
2205,158,202,2024-05-24 01:16:51
2206,482,40,2024-06-08 04:20:31
2207,94,168,2024-06-17 01:08:03
2208,100,67,2024-04-16 01:36:20
2209,398,11,2024-06-07 11:26:25
2210,382,165,2024-04-04 00:24:05
2211,289,422,2024-06-17 00:27:21
2212,25,382,2024-05-06 15:44:44
2213,277,118,2024-05-29 05:28:09
2214,86,165,2024-05-12 07:29:29
2215,349,87,2024-06-10 11:11:47
2216,440,257,2024-06-23 16:18:43
2217,477,356,2024-04-18 08:52:41
2218,277,459,2024-05-13 04:24:59
2219,218,420,2024-05-03 06:10:02
2220,26,472,2024-05-15 04:31:01
2221,152,167,2024-06-13 21:23:54
2222,458,202,2024-06-08 02:42:14
2223,70,336,2024-05-19 08:06:34
2224,1,36,2024-06-16 08:48:38
2225,285,283,2024-05-28 18:20:48
2226,473,348,2024-06-11 17:44:41
2227,492,32,2024-06-12 12:18:57
2228,211,67,2024-06-14 10:23:46
2229,422,86,2024-05-26 03:07:57
2230,201,377,2024-06-29 13:44:02
2231,100,131,2024-05-02 20:19:44
2232,37,114,2024-06-13 03:14:19
2233,72,443,2024-06-02 17:31:02
2234,372,348,2024-06-28 17:56:21
2235,345,77,2024-06-17 05:22:03
2236,73,289,2024-06-28 10:52:45
2237,168,9,2024-05-24 18:32:53
2238,267,149,2024-02-19 13:21:38
2239,396,262,2024-05-17 02:33:10
2240,119,278,2024-05-30 20:28:03
2241,421,59,2024-06-18 16:57:22
2242,313,202,2024-04-07 04:03:07
2243,451,489,2024-06-23 05:14:34
2244,369,165,2024-06-06 00:06:16
2245,487,494,2024-06-10 01:49:06
2246,430,443,2024-04-30 21:20:47
2247,321,202,2024-05-27 03:06:02
2248,87,435,2024-06-27 14:45:56
2249,444,377,2024-06-29 07:51:31
2250,150,112,2024-05-18 13:40:04
2251,46,500,2024-06-21 16:01:56
2252,492,251,2024-06-07 06:19:49
2253,124,426,2024-06-04 18:20:19
2254,254,404,2024-06-14 22:50:52
2255,216,27,2024-05-17 15:33:44
2256,443,363,2024-06-29 05:34:48
2257,376,138,2024-05-28 20:57:04
2258,328,215,2024-06-01 06:10:39
2259,342,404,2024-06-11 06:30:56
2260,43,9,2024-06-22 16:42:34
2261,413,202,2024-05-27 04:58:40
2262,223,282,2024-04-28 16:02:15
2263,400,402,2024-06-03 10:52:55
2264,288,254,2024-06-13 13:14:51
2265,193,255,2024-05-17 16:06:29
2266,22,254,2024-06-15 22:51:22
2267,430,377,2024-04-02 23:22:22
2268,295,45,2024-06-27 21:08:11
2269,123,165,2024-05-26 10:57:48
2270,418,167,2024-06-22 02:47:01
2271,404,193,2024-06-16 07:46:47
2272,294,424,2024-05-22 03:15:43
2273,482,168,2024-06-03 21:57:24
2274,111,234,2024-05-23 01:31:54
2275,323,461,2024-05-29 12:52:08
2276,150,459,2024-01-31 22:53:55
2277,374,202,2024-05-27 22:02:31
2278,184,395,2024-03-16 11:14:38
2279,181,486,2024-04-19 05:52:23
2280,142,200,2024-02-20 03:16:56
2281,167,202,2024-05-31 23:12:36
2282,135,367,2024-04-23 20:48:00
2283,108,231,2024-06-01 18:27:55
2284,332,160,2024-06-04 18:43:21
2285,386,165,2024-04-07 22:56:41
2286,433,215,2024-04-04 21:40:44
2287,171,165,2024-06-18 01:27:07
2288,379,387,2024-05-23 00:57:45
2289,163,404,2024-05-29 20:59:46
2290,469,336,2024-06-19 11:50:20
2291,208,151,2024-06-19 00:49:43
2292,328,99,2024-05-28 16:04:48
2293,104,138,2024-06-19 23:54:35
2294,249,165,2024-05-29 13:14:53
2295,459,165,2024-04-05 11:06:11
2296,492,87,2024-04-11 10:15:16
2297,58,104,2024-06-03 15:40:48
2298,466,215,2024-06-29 06:00:55
2299,287,138,2024-06-12 20:05:20
2300,276,92,2024-04-03 19:55:15
2301,102,45,2024-06-22 19:07:01
2302,307,459,2024-05-26 21:21:00
2303,208,415,2024-06-01 23:23:10
2304,367,165,2024-05-13 05:55:20
2305,204,63,2024-05-09 07:52:54
2306,54,407,2024-06-23 06:30:49
2307,418,435,2024-06-08 07:36:57
2308,315,234,2024-03-19 02:05:17
2309,166,500,2024-06-22 02:10:37
2310,423,21,2024-06-04 09:00:43
2311,80,283,2024-06-04 01:53:08
2312,14,209,2024-04-12 20:09:27
2313,126,435,2024-06-15 10:14:06
2314,332,393,2024-05-12 09:17:59
2315,7,138,2024-05-17 15:56:13
2316,430,194,2024-06-29 20:52:19
2317,291,104,2024-06-08 11:51:49
2318,435,215,2024-06-13 10:46:14
2319,322,235,2024-04-30 02:47:26
2320,383,138,2024-06-16 17:23:19
2321,412,383,2024-06-19 23:51:07
2322,190,165,2024-04-20 02:54:17
2323,164,216,2024-05-14 21:58:08
2324,491,306,2024-06-06 00:48:24
2325,441,402,2024-06-24 06:52:23
2326,127,378,2024-04-14 23:29:30
2327,50,491,2024-06-24 01:43:54
2328,363,202,2024-05-06 08:43:29
2329,54,391,2024-06-10 10:29:12
2330,117,335,2024-06-04 22:03:53
2331,360,271,2024-06-20 11:44:51
2332,421,494,2024-05-22 18:02:32
2333,138,247,2024-05-19 05:43:04
2334,236,258,2024-06-09 03:22:52
2335,303,193,2024-04-22 05:36:00
2336,12,231,2024-06-04 01:04:36
2337,333,28,2024-05-30 05:04:50
2338,245,426,2024-04-15 13:34:13
2339,33,295,2024-04-06 15:07:15
2340,489,330,2024-05-26 11:26:28
2341,130,463,2024-05-13 03:33:43
2342,366,250,2024-06-20 18:05:01
2343,361,363,2024-04-18 20:59:46
2344,203,111,2024-06-12 20:08:59
2345,159,215,2024-06-14 05:42:21
2346,156,165,2024-06-24 04:49:27
2347,409,435,2024-06-13 19:32:17
2348,74,364,2024-06-22 03:33:53
2349,162,423,2024-06-24 04:02:51
2350,28,324,2024-05-02 21:24:47
2351,301,56,2024-02-06 01:47:46
2352,315,30,2024-06-05 09:43:41
2353,374,87,2024-05-22 04:48:22
2354,128,489,2024-06-25 16:09:40
2355,389,495,2024-04-04 08:04:20
2356,16,275,2024-06-08 21:46:57
2357,374,56,2024-05-11 22:56:33
2358,49,461,2024-06-21 14:30:56
2359,359,464,2024-05-28 04:31:24
2360,413,176,2024-06-27 01:14:01
2361,71,410,2024-05-31 01:08:05
2362,50,150,2024-02-29 21:27:30
2363,363,188,2024-04-30 09:29:16
2364,256,44,2024-04-08 12:24:40
2365,206,106,2024-05-14 05:32:13
2366,332,263,2024-05-17 18:28:48
2367,232,358,2024-06-10 11:58:23
2368,132,15,2024-06-26 17:22:01
2369,32,492,2024-04-05 22:27:50
2370,350,165,2024-04-07 06:25:27
2371,1,479,2024-04-27 09:48:09
2372,7,6,2024-04-29 22:21:34
2373,157,18,2024-06-10 17:11:41
2374,289,165,2024-05-25 21:34:41
2375,490,89,2024-06-15 13:07:19
2376,318,213,2024-06-18 10:42:59
2377,112,486,2024-05-17 23:29:24
2378,447,295,2024-05-08 07:07:08
2379,91,443,2024-06-27 12:22:17
2380,434,437,2024-05-25 08:09:43
2381,260,73,2024-06-09 02:12:09
2382,16,259,2024-06-16 21:33:42
2383,455,471,2024-05-28 02:11:01
2384,414,459,2024-04-03 06:21:00
2385,56,165,2024-04-09 13:53:57
2386,303,215,2024-04-08 07:49:42
2387,255,104,2024-04-30 02:05:13
2388,314,459,2024-04-21 18:11:56
2389,476,276,2024-06-01 13:41:47
2390,402,200,2024-04-28 09:16:12
2391,343,224,2024-06-12 02:55:09
2392,127,165,2024-04-21 01:01:14
2393,492,393,2024-05-16 13:24:42
2394,407,175,2024-06-08 09:28:14
2395,472,202,2024-06-21 05:44:08
2396,466,277,2024-06-26 18:23:34
2397,51,411,2024-04-12 22:07:53
2398,340,275,2024-06-12 01:11:33
2399,289,234,2024-06-17 08:28:20
2400,268,167,2024-05-25 01:06:53
2401,330,107,2024-04-13 17:55:01
2402,70,200,2024-05-09 10:32:41
2403,219,175,2024-06-02 11:29:55
2404,43,206,2024-05-27 19:51:03
2405,54,163,2024-05-29 18:53:47
2406,313,166,2024-06-27 10:31:09
2407,403,367,2024-06-26 07:46:48
2408,358,26,2024-03-08 20:35:47
2409,97,462,2024-06-14 14:02:06
2410,457,245,2024-06-16 02:59:04
2411,278,90,2024-06-01 07:01:38
2412,379,26,2024-03-02 10:30:35
2413,25,481,2024-06-17 08:50:44
2414,97,165,2024-06-17 23:15:24
2415,27,399,2024-06-03 12:15:57
2416,448,192,2024-05-18 22:42:48
2417,269,412,2024-06-07 22:45:06
2418,190,295,2024-04-04 14:54:18
2419,467,111,2024-06-13 02:07:02
2420,487,99,2024-05-25 13:08:37
2421,365,158,2024-06-26 08:05:12
2422,105,212,2024-06-23 02:18:08
2423,328,257,2024-04-25 21:44:08
2424,473,165,2024-04-13 07:31:35
2425,474,138,2024-06-29 13:25:51
2426,124,278,2024-06-02 22:51:58
2427,91,494,2024-04-01 13:44:20
2428,191,459,2024-06-08 07:36:49
2429,23,82,2024-06-14 22:08:19
2430,127,259,2024-04-23 15:26:32
2431,452,459,2024-06-17 22:04:03
2432,364,425,2024-06-06 06:14:48
2433,105,459,2024-06-27 02:03:42
2434,378,459,2024-06-08 10:25:51
2435,354,9,2024-06-28 01:24:14
2436,212,165,2024-06-19 06:52:23
2437,462,103,2024-06-23 09:01:41
2438,130,252,2024-06-17 20:48:41
2439,22,311,2024-06-18 21:04:49
2440,66,280,2024-05-23 17:39:44
2441,37,266,2024-06-05 07:43:50
2442,82,449,2024-06-25 23:04:33
2443,35,98,2024-06-06 08:08:41
2444,86,459,2024-05-27 11:50:20
2445,490,295,2024-06-29 15:11:54
2446,356,168,2024-05-13 02:29:38
2447,292,138,2024-06-22 14:21:01
2448,62,167,2024-06-06 19:29:42
2449,487,43,2024-06-21 09:12:09
2450,103,60,2024-04-01 14:40:52
2451,241,202,2024-05-04 06:36:12
2452,118,20,2024-05-15 08:42:24
2453,95,41,2024-06-07 01:44:12
2454,413,32,2024-06-06 22:35:38
2455,316,165,2024-06-24 18:46:42
2456,74,196,2024-06-16 00:10:16
2457,22,280,2024-06-06 08:38:13
2458,393,486,2024-05-18 16:53:17
2459,372,156,2024-05-07 22:22:06
2460,486,77,2024-06-07 20:59:47
2461,472,91,2024-05-27 01:33:19
2462,103,448,2024-04-05 01:36:04
2463,201,165,2024-05-26 04:12:14
2464,259,30,2024-05-25 06:03:07
2465,322,104,2024-06-17 21:36:06
2466,370,193,2024-05-28 22:08:36
2467,36,407,2024-06-11 04:31:06
2468,271,138,2024-05-24 11:25:34
2469,74,220,2024-05-03 03:55:47
2470,30,54,2024-05-19 11:36:10
2471,210,215,2024-03-22 00:53:42
2472,317,335,2024-06-25 14:18:53
2473,478,160,2024-03-14 06:37:26
2474,74,448,2024-06-07 18:32:58
2475,120,8,2024-02-06 18:56:59
2476,289,28,2024-06-10 08:14:09
2477,394,234,2024-04-15 17:17:04
2478,391,262,2024-05-26 02:09:43
2479,280,36,2024-06-13 11:30:48
2480,422,457,2024-06-16 03:29:24
2481,331,166,2024-06-16 16:13:33
2482,231,456,2024-04-30 05:54:15
2483,350,205,2024-06-01 06:06:27
2484,177,490,2024-06-01 02:00:01
2485,246,459,2024-05-30 03:03:40
2486,185,112,2024-06-05 09:59:02
2487,327,346,2024-05-24 22:37:42
2488,132,438,2024-04-13 19:41:02
2489,379,15,2024-06-11 20:29:59
2490,74,21,2024-05-12 04:12:40
2491,364,437,2024-06-27 01:39:08
2492,117,494,2024-02-21 11:03:47
2493,431,260,2024-05-29 16:55:15
2494,483,176,2024-06-21 13:09:18
2495,236,348,2024-06-04 10:52:29
2496,488,166,2024-06-15 09:07:22
2497,173,164,2024-05-21 05:44:28
2498,69,339,2024-04-23 21:19:25
2499,126,112,2024-05-27 02:31:28
2500,292,104,2024-06-24 19:43:48
2501,338,374,2024-06-07 14:07:45
2502,461,202,2024-06-13 13:21:02
2503,192,271,2024-05-18 10:11:14
2504,202,65,2024-04-10 21:10:30
2505,278,275,2024-05-30 23:57:30
2506,464,404,2024-06-24 05:31:02
2507,212,26,2024-04-19 13:27:17
2508,173,223,2024-05-03 18:57:47
2509,338,165,2024-06-14 00:49:30
2510,222,95,2024-05-13 17:42:41
2511,13,308,2024-06-03 08:15:13
2512,291,282,2024-06-12 17:31:53
2513,382,295,2024-06-13 23:09:27
2514,80,271,2024-06-22 12:40:21
2515,401,382,2024-04-16 08:49:15
2516,211,155,2024-05-22 14:15:43
2517,445,348,2024-06-19 22:13:09
2518,477,202,2024-06-01 20:48:39
2519,478,363,2024-05-27 10:36:44
2520,377,259,2024-03-11 08:43:45
2521,347,45,2024-04-21 01:06:49
2522,44,15,2024-05-30 20:36:05
2523,170,415,2024-05-21 11:47:51
2524,477,448,2024-04-23 07:36:51
2525,381,75,2024-04-19 00:59:44
2526,158,405,2024-05-04 03:49:45
2527,320,455,2024-06-07 13:31:06
2528,464,402,2024-06-02 05:06:54
2529,174,316,2024-06-13 06:32:10
2530,288,86,2024-05-17 08:22:40
2531,84,180,2024-05-16 02:34:29
2532,467,257,2024-02-27 08:04:38
2533,288,223,2024-06-03 03:57:09
2534,359,493,2024-05-30 07:47:43
2535,500,52,2024-05-10 02:10:41
2536,466,198,2024-05-30 23:33:06
2537,70,437,2024-06-08 16:14:09
2538,195,202,2024-06-13 19:33:47
2539,11,244,2024-06-15 16:25:53
2540,186,459,2024-06-10 19:26:01
2541,293,96,2024-05-12 17:22:31
2542,497,206,2024-06-14 08:29:54
2543,174,494,2024-06-17 04:00:26
2544,36,97,2024-06-12 06:34:57
2545,154,293,2024-03-22 04:28:07
2546,57,498,2024-06-27 07:40:25
2547,101,476,2024-04-26 09:40:41
2548,150,322,2024-02-21 00:24:17
2549,182,254,2024-06-06 16:06:28
2550,9,259,2024-06-16 17:40:08
2551,214,496,2024-06-01 23:45:11
2552,436,132,2024-04-28 20:30:06
2553,144,492,2024-05-20 12:37:46
2554,251,156,2024-05-28 18:21:40
2555,27,275,2024-06-28 20:43:30
2556,157,138,2024-06-06 16:09:23
2557,173,21,2024-06-01 17:39:14
2558,338,39,2024-06-08 01:53:10
2559,17,62,2024-06-27 07:12:41
2560,6,348,2024-05-14 20:05:09
2561,155,165,2024-06-12 00:35:37
2562,195,166,2024-06-05 08:47:59
2563,357,165,2024-05-15 18:28:47
2564,412,215,2024-05-28 10:18:40
2565,209,319,2024-05-27 03:59:53
2566,483,165,2024-04-25 08:11:04
2567,283,104,2024-06-04 20:11:03
2568,137,40,2024-06-02 20:32:00
2569,471,287,2024-06-23 14:14:58
2570,468,156,2024-06-20 06:44:10
2571,459,52,2024-05-08 07:57:15
2572,413,363,2024-04-29 12:23:33
2573,39,92,2024-04-01 16:46:06
2574,79,234,2024-05-03 12:41:01
2575,399,43,2024-03-12 08:36:59
2576,5,339,2024-05-27 19:47:46
2577,446,454,2024-05-16 02:38:22
2578,80,241,2024-06-07 04:39:46
2579,324,432,2024-06-18 15:44:06
2580,55,257,2024-01-21 17:05:52
2581,361,66,2024-06-24 11:04:57
2582,475,40,2024-04-29 01:56:09
2583,368,466,2024-05-29 06:08:52
2584,222,377,2024-04-22 21:30:00
2585,108,26,2024-02-17 10:21:03
2586,199,158,2024-04-20 13:47:46
2587,99,202,2024-04-19 11:44:37
2588,363,494,2024-06-03 17:04:17
2589,362,99,2024-04-18 20:13:56
2590,375,292,2024-06-24 07:01:19
2591,441,30,2024-05-25 07:10:33
2592,260,8,2024-04-17 19:22:50
2593,499,105,2024-06-02 08:31:01
2594,450,216,2024-05-25 19:39:31
2595,359,59,2024-04-27 22:16:35
2596,97,101,2024-04-26 12:58:20
2597,388,496,2024-05-17 06:05:24
2598,203,264,2024-06-09 01:03:27
2599,328,138,2024-06-06 08:40:09
2600,129,399,2024-04-13 11:14:45
2601,272,9,2024-06-21 17:09:30
2602,129,138,2024-05-24 11:37:11
2603,34,30,2024-06-09 07:10:53
2604,177,449,2024-05-15 09:27:15
2605,318,362,2024-06-13 08:14:37
2606,41,291,2024-06-21 02:38:20
2607,7,488,2024-05-19 15:33:39
2608,164,247,2024-04-23 01:24:09
2609,358,295,2024-06-05 03:00:30
2610,492,31,2024-04-25 16:09:59
2611,373,404,2024-06-15 20:10:48
2612,184,349,2024-05-29 21:25:13
2613,190,215,2024-06-21 14:49:47
2614,161,219,2024-06-20 08:08:09
2615,98,117,2024-05-29 17:25:46
2616,22,304,2024-06-16 03:40:34
2617,239,437,2024-06-01 11:17:05
2618,473,378,2024-06-08 00:37:37
2619,238,426,2024-05-16 07:05:52
2620,232,78,2024-04-23 23:17:27
2621,215,467,2024-04-14 17:19:03
2622,404,152,2024-06-24 15:32:00
2623,77,170,2024-05-27 09:02:38
2624,223,377,2024-06-21 19:49:16
2625,464,89,2024-06-11 07:39:21
2626,485,98,2024-05-26 01:13:29
2627,9,167,2024-05-26 08:32:20
2628,139,165,2024-05-09 03:16:11
2629,255,167,2024-04-20 18:55:13
2630,425,468,2024-06-29 12:31:49
2631,143,114,2024-05-29 05:29:43
2632,311,340,2024-06-15 17:14:51
2633,223,463,2024-05-04 02:11:22
2634,250,483,2024-05-15 17:25:43
2635,181,476,2024-03-14 22:38:49
2636,488,162,2024-06-17 17:12:52
2637,312,138,2024-05-28 01:42:21
2638,266,459,2024-06-11 02:45:36
2639,111,181,2024-05-22 12:30:35
2640,490,147,2024-04-04 12:45:38
2641,174,263,2024-06-29 05:32:41
2642,220,257,2024-05-06 03:25:31
2643,175,341,2024-05-17 01:05:38
2644,190,234,2024-06-03 01:43:54
2645,33,12,2024-04-29 10:15:57
2646,214,127,2024-05-31 02:17:49
2647,353,121,2024-05-31 18:14:43
2648,325,459,2024-06-02 17:26:13
2649,403,138,2024-06-02 04:44:40
2650,296,377,2024-05-28 15:55:00
2651,462,60,2024-06-15 07:10:37
2652,401,263,2024-05-07 00:18:45
2653,363,246,2024-06-03 04:47:19
2654,417,395,2024-06-05 16:47:37
2655,289,202,2024-05-23 11:20:00
2656,49,166,2024-05-24 12:41:11
2657,320,159,2024-06-07 04:15:54
2658,252,202,2024-06-26 18:09:25
2659,457,463,2024-05-17 11:39:34
2660,35,202,2024-06-20 09:50:32
2661,99,377,2024-03-31 14:40:15
2662,435,367,2024-06-17 01:08:18
2663,127,112,2024-05-08 20:39:29
2664,168,165,2024-06-07 05:57:24
2665,288,72,2024-06-09 23:26:54
2666,490,158,2024-05-04 17:45:01
2667,310,439,2024-05-06 22:32:25
2668,422,392,2024-03-01 03:56:20
2669,491,459,2024-05-17 11:44:36
2670,152,348,2024-06-18 14:36:57
2671,454,104,2024-06-02 23:01:42
2672,145,129,2024-05-31 19:03:02
2673,217,315,2024-05-26 09:27:49
2674,153,138,2024-05-23 15:34:30
2675,152,16,2024-06-13 22:08:23
2676,41,165,2024-04-03 05:01:51
2677,229,260,2024-06-26 18:34:38
2678,81,247,2024-06-10 08:25:16
2679,161,51,2024-05-15 07:40:06
2680,234,138,2024-06-19 22:37:44
2681,84,245,2024-05-24 02:09:17
2682,490,12,2024-03-14 21:55:52
2683,445,164,2024-06-13 17:09:52
2684,189,67,2024-06-14 10:27:10
2685,282,16,2024-05-31 18:52:59
2686,331,164,2024-04-20 02:08:44
2687,168,257,2024-06-17 17:05:44
2688,18,271,2024-05-29 03:40:19
2689,290,362,2024-03-01 13:17:24
2690,453,215,2024-06-18 04:11:23
2691,368,324,2024-06-11 06:31:53
2692,33,459,2024-03-15 17:56:09
2693,78,45,2024-04-30 13:31:23
2694,482,324,2024-03-29 21:43:52
2695,183,165,2024-06-01 01:37:12
2696,176,360,2024-06-28 19:17:19
2697,206,218,2024-05-31 01:46:18
2698,214,271,2024-06-03 11:36:28
2699,356,79,2024-04-04 21:24:58
2700,417,108,2024-04-02 17:05:03
2701,60,363,2024-06-29 06:23:19
2702,134,114,2024-02-23 06:56:04
2703,331,297,2024-04-05 03:49:40
2704,27,271,2024-05-19 14:09:49
2705,246,21,2024-06-02 07:47:50
2706,389,121,2024-02-12 21:01:52
2707,489,426,2024-05-19 19:25:46
2708,164,160,2024-06-15 19:05:45
2709,325,287,2024-05-05 07:54:36
2710,262,364,2024-06-12 23:01:31
2711,13,287,2024-06-18 10:46:28
2712,213,222,2024-04-25 17:19:50
2713,103,247,2024-03-24 10:02:01
2714,118,241,2024-04-24 03:40:24
2715,179,315,2024-06-23 05:56:03
2716,452,165,2024-04-06 10:13:36
2717,204,111,2024-06-16 22:09:16
2718,382,259,2024-04-25 02:12:54
2719,285,165,2024-05-19 23:15:49
2720,82,404,2024-06-23 10:54:07
2721,202,54,2024-05-10 11:50:20
2722,232,19,2024-05-27 20:01:26
2723,496,275,2024-06-10 12:59:58
2724,395,176,2024-05-29 22:28:25
2725,58,21,2024-05-14 20:47:46
2726,381,459,2024-04-18 07:41:08
2727,103,363,2024-06-16 08:33:49
2728,354,288,2024-06-02 15:41:15
2729,419,143,2024-06-22 22:41:56
2730,28,274,2024-05-14 17:21:44
2731,291,443,2024-06-11 17:04:45
2732,112,215,2024-06-07 15:39:59
2733,7,112,2024-05-26 03:06:56
2734,441,165,2024-06-18 20:09:23
2735,485,333,2024-06-17 06:55:07
2736,168,202,2024-05-08 06:31:32
2737,309,361,2024-06-03 23:25:43
2738,246,231,2024-06-05 13:05:27
2739,408,494,2024-06-02 02:11:15
2740,40,257,2024-04-20 04:52:53
2741,437,19,2024-05-19 03:39:20
2742,439,9,2024-06-01 09:23:44
2743,477,1,2024-05-16 19:38:24
2744,196,344,2024-04-14 15:12:33
2745,50,26,2024-03-04 03:24:46
2746,331,103,2024-05-13 21:25:35
2747,380,435,2024-05-31 09:50:52
2748,144,181,2024-05-20 11:24:23
2749,153,367,2024-03-08 19:27:43
2750,155,67,2024-06-09 11:06:29
2751,477,459,2024-06-20 08:00:21
2752,469,107,2024-03-06 22:15:16
2753,451,459,2024-05-12 01:56:47
2754,90,9,2024-05-23 06:12:04
2755,372,121,2024-06-29 16:11:41
2756,140,138,2024-06-19 18:38:39
2757,375,305,2024-04-23 09:50:56
2758,34,168,2024-05-27 00:19:06
2759,16,20,2024-06-06 12:38:09
2760,90,486,2024-06-15 22:12:12
2761,460,23,2024-05-27 16:49:13
2762,492,367,2024-04-27 11:00:29
2763,364,138,2024-06-08 22:00:30
2764,104,384,2024-04-17 09:12:30
2765,344,138,2024-06-27 23:40:38
2766,97,121,2024-04-16 03:26:27
2767,415,3,2024-06-23 14:43:17
2768,23,432,2024-06-26 09:50:43
2769,439,193,2024-06-07 05:49:34
2770,406,119,2024-03-16 05:20:30
2771,147,165,2024-06-29 16:12:25
2772,242,216,2024-06-15 19:49:02
2773,338,448,2024-06-09 02:16:46
2774,165,355,2024-05-19 10:55:06
2775,209,90,2024-05-29 22:28:01
2776,191,202,2024-06-05 16:05:28
2777,417,287,2024-06-20 11:20:04
2778,346,216,2024-06-11 10:04:43
2779,493,191,2024-06-18 00:51:20
2780,130,441,2024-06-11 18:47:33
2781,239,202,2024-05-22 16:27:23
2782,442,295,2024-06-25 15:56:41
2783,22,165,2024-04-08 10:19:31
2784,324,404,2024-06-01 16:43:20
2785,436,380,2024-06-03 11:44:22
2786,418,377,2024-06-26 00:25:41
2787,355,167,2024-05-26 11:07:45
2788,451,52,2024-06-13 12:46:33
2789,279,21,2024-05-20 11:06:29
2790,295,5,2024-06-17 03:31:57
2791,341,459,2024-04-13 09:03:26
2792,351,320,2024-06-01 19:20:45
2793,251,54,2024-06-25 04:36:08
2794,429,378,2024-06-05 16:03:15
2795,268,276,2024-05-10 03:14:38
2796,113,238,2024-05-23 12:25:46
2797,353,358,2024-05-11 17:58:24
2798,116,271,2024-06-16 07:21:50
2799,80,404,2024-06-03 02:23:49
2800,367,1,2024-05-22 11:03:25
2801,410,51,2024-02-29 03:18:56
2802,487,147,2024-06-12 11:10:58
2803,156,401,2024-05-24 08:34:40
2804,327,45,2024-05-03 05:53:37
2805,13,11,2024-05-29 23:10:43
2806,62,108,2024-05-31 11:06:49
2807,35,134,2024-06-28 20:04:37
2808,184,278,2024-05-02 20:47:15
2809,358,250,2024-06-12 05:49:12
2810,199,165,2024-05-03 12:50:40
2811,220,258,2024-06-05 12:15:48
2812,326,257,2024-02-02 16:39:21
2813,348,203,2024-05-15 10:25:24
2814,256,158,2024-02-02 10:03:49
2815,131,315,2024-06-21 10:30:13
2816,409,165,2024-06-13 23:38:23
2817,395,45,2024-06-20 13:20:59
2818,301,258,2024-05-11 18:36:30
2819,486,481,2024-06-27 14:27:43
2820,464,43,2024-03-26 22:12:47
2821,279,45,2024-05-27 08:03:15
2822,324,459,2024-05-21 14:22:28
2823,195,354,2024-03-26 07:48:36
2824,310,494,2024-04-20 20:23:37
2825,166,147,2024-06-22 22:21:47
2826,111,257,2024-05-26 12:01:49
2827,6,298,2024-05-30 14:00:53
2828,442,291,2024-05-31 19:59:15
2829,479,215,2024-04-01 01:32:41
2830,258,95,2024-04-27 09:41:08
2831,357,233,2024-05-29 14:11:21
2832,335,341,2024-04-18 12:11:33
2833,300,54,2024-06-10 06:47:40
2834,252,90,2024-06-03 18:51:04
2835,151,415,2024-04-24 22:32:56
2836,149,254,2024-05-31 01:36:50
2837,57,300,2024-05-29 13:50:48
2838,128,7,2024-06-25 18:29:53
2839,382,390,2024-05-03 20:07:49
2840,155,97,2024-05-17 18:30:50
2841,444,295,2024-06-21 08:56:44
2842,253,115,2024-06-13 11:51:27
2843,414,315,2024-03-24 20:34:35
2844,52,87,2024-05-08 16:02:50
2845,380,489,2024-06-26 02:18:05
2846,289,15,2024-06-21 09:11:30
2847,188,378,2024-06-12 11:13:35
2848,11,320,2024-06-18 06:41:03
2849,189,263,2024-05-19 08:20:03
2850,215,202,2024-04-27 09:53:28
2851,224,227,2024-06-16 04:40:58
2852,35,30,2024-05-29 01:52:30
2853,450,464,2024-05-20 21:41:58
2854,244,171,2024-04-15 06:10:43
2855,71,58,2024-05-30 00:40:28
2856,45,235,2024-06-18 05:32:30
2857,101,200,2024-06-09 03:16:51
2858,192,228,2024-06-01 21:27:06
2859,35,485,2024-06-14 12:40:06
2860,95,241,2024-05-04 16:57:24
2861,287,21,2024-05-23 02:46:38
2862,76,140,2024-06-16 15:53:16
2863,6,165,2024-06-12 14:46:55
2864,404,9,2024-06-19 10:08:08
2865,341,138,2024-06-11 09:50:00
2866,5,144,2024-06-27 18:44:11
2867,71,158,2024-06-02 23:50:22
2868,441,202,2024-04-21 01:38:06
2869,97,281,2024-06-05 08:53:57
2870,246,111,2024-05-31 01:31:27
2871,199,223,2024-06-18 10:51:57
2872,278,421,2024-05-08 17:24:48
2873,75,283,2024-06-26 23:59:27
2874,75,422,2024-03-05 17:07:42
2875,245,215,2024-04-05 12:04:29
2876,290,87,2024-06-09 18:01:09
2877,386,177,2024-06-06 22:48:52
2878,31,359,2024-04-24 17:40:54
2879,446,158,2024-05-31 20:24:49
2880,15,105,2024-06-15 10:30:41
2881,201,202,2024-05-19 15:53:08
2882,384,453,2024-06-06 08:35:43
2883,315,464,2024-06-09 06:13:20
2884,456,176,2024-05-27 06:17:05
2885,124,251,2024-06-03 15:02:24
2886,255,367,2024-05-08 12:35:12
2887,308,19,2024-04-05 16:38:39
2888,288,41,2024-03-10 14:17:16
2889,396,271,2024-06-02 13:42:39
2890,143,167,2024-05-24 22:50:20
2891,333,390,2024-06-26 20:36:18
2892,175,143,2024-06-25 13:50:22
2893,310,164,2024-05-17 10:23:36
2894,438,464,2024-05-16 06:33:43
2895,250,166,2024-05-23 10:50:57
2896,241,165,2024-06-29 14:08:31
2897,251,486,2024-06-15 12:36:56
2898,265,257,2024-05-12 17:02:39
2899,129,263,2024-05-11 02:56:08
2900,448,138,2024-06-10 14:01:31
2901,117,153,2024-03-25 17:05:07
2902,465,123,2024-05-30 05:17:40
2903,179,486,2024-03-29 04:49:48
2904,423,165,2024-06-16 19:32:12
2905,211,138,2024-06-14 16:10:30
2906,218,287,2024-05-21 17:56:05
2907,394,257,2024-02-27 20:10:35
2908,411,367,2024-05-02 17:37:47
2909,98,300,2024-06-07 23:53:02
2910,365,216,2024-06-07 06:20:03
2911,105,381,2024-06-23 14:39:23
2912,267,90,2024-05-19 05:24:26
2913,327,129,2024-06-02 10:24:25
2914,405,263,2024-05-17 13:00:31
2915,94,443,2024-06-07 04:24:23
2916,192,127,2024-06-03 03:34:27
2917,368,138,2024-06-13 05:43:20
2918,236,215,2024-04-16 01:30:38
2919,130,59,2024-06-16 00:45:22
2920,417,222,2024-05-08 10:20:21
2921,2,32,2024-04-07 01:46:59
2922,476,209,2024-06-16 05:50:50
2923,299,397,2024-05-19 06:29:41
2924,291,181,2024-06-12 08:39:17
2925,27,492,2024-05-31 04:15:07
2926,251,247,2024-06-12 18:56:19
2927,224,166,2024-06-01 11:52:59
2928,72,97,2024-06-14 06:38:54
2929,390,383,2024-06-01 16:50:01
2930,22,410,2024-05-04 02:54:49
2931,56,221,2024-03-16 17:28:23
2932,66,375,2024-06-24 03:59:47
2933,352,182,2024-05-15 10:58:34
2934,457,278,2024-05-07 15:41:29
2935,6,52,2024-06-25 11:19:54
2936,369,138,2024-06-06 12:29:23
2937,124,118,2024-06-06 17:13:25
2938,310,234,2024-05-13 09:54:36
2939,476,223,2024-05-11 12:32:40
2940,78,15,2024-06-25 15:41:21
2941,163,363,2024-04-22 14:40:26
2942,413,480,2024-05-27 17:06:11
2943,105,216,2024-05-27 05:11:22
2944,489,86,2024-06-27 01:14:20
2945,380,257,2024-06-09 19:26:34
2946,415,202,2024-04-30 08:43:44
2947,127,408,2024-05-31 18:05:43
2948,124,202,2024-04-16 09:58:37
2949,457,90,2024-05-13 01:15:02
2950,144,51,2024-05-30 23:30:11
2951,344,147,2024-06-12 23:38:49
2952,441,251,2024-06-08 10:28:18
2953,229,111,2024-05-26 18:20:13
2954,434,40,2024-06-16 12:34:06
2955,228,196,2024-05-28 07:43:50
2956,436,257,2024-04-02 23:27:51
2957,12,216,2024-06-02 19:36:46
2958,106,438,2024-06-23 09:40:30
2959,224,377,2024-06-21 03:08:56
2960,176,158,2024-06-29 10:36:47
2961,260,257,2024-06-08 12:36:30
2962,311,107,2024-04-20 17:29:00
2963,361,36,2024-06-22 14:38:20
2964,358,296,2024-05-26 03:20:29
2965,404,169,2024-06-04 12:52:48
2966,161,165,2024-05-15 09:02:33
2967,128,328,2024-05-30 07:42:29
2968,195,253,2024-05-08 12:03:38
2969,492,15,2024-06-24 15:26:34
2970,125,272,2024-05-22 16:09:44
2971,232,325,2024-04-19 14:49:18
2972,200,234,2024-05-11 22:26:30
2973,196,15,2024-06-18 11:27:25
2974,371,199,2024-04-26 10:04:23
2975,46,193,2024-05-27 08:48:10
2976,118,138,2024-06-29 21:49:22
2977,134,202,2024-04-16 16:43:56
2978,113,415,2024-06-22 16:44:59
2979,265,251,2024-06-28 23:48:49
2980,101,408,2024-06-08 13:03:26
2981,187,26,2024-06-03 06:09:34
2982,47,319,2024-05-28 10:46:20
2983,48,257,2024-05-14 06:01:09
2984,26,136,2024-05-29 11:18:29
2985,478,136,2024-04-04 18:03:15
2986,151,67,2024-05-08 03:48:30
2987,143,428,2024-04-23 08:19:21
2988,118,176,2024-05-28 04:03:25
2989,267,32,2024-02-21 04:34:40
2990,318,26,2024-06-24 05:50:12
2991,401,374,2024-05-20 09:17:24
2992,148,221,2024-06-13 11:33:33
2993,459,87,2024-04-11 13:10:39
2994,414,475,2024-03-27 01:05:12
2995,35,367,2024-05-26 17:31:33
2996,419,371,2024-06-29 18:12:55
2997,64,369,2024-06-15 09:43:47
2998,371,93,2024-05-17 16:28:16
2999,478,99,2024-03-08 12:17:19
3000,167,418,2024-06-23 04:27:43
