id,name,join_ts
1,Joshua Davis,2024-01-05 20:33:30
2,Nova Moore,2024-02-17 13:16:43
3,Avery Rodriguez,2024-05-23 00:12:16
4,Elijah Baker,2024-05-23 19:45:42
5,Gabriel Garcia,2024-04-24 15:53:40
6,Nora Williams,2024-01-06 18:51:54
7,Benjamin Wilson,2024-02-15 04:16:42
8,Leah Hill,2024-01-06 03:39:59
9,Julian Gonzalez,2024-05-19 00:53:35
10,Christopher Hall,2024-04-15 19:36:40
11,John Anderson,2024-03-28 05:27:57
12,Anthony Moore,2024-01-02 06:17:11
13,Thomas Hernandez,2024-05-15 13:33:55
14,Nora Perez,2024-02-23 22:58:27
15,Logan Wilson,2024-05-28 06:08:25
16,David Miller,2024-01-19 00:13:37
17,Zoey Miller,2024-03-10 16:57:54
18,Lily Hill,2024-02-21 08:45:23
19,William Campbell,2024-03-30 05:04:30
20,Violet Davis,2024-03-14 12:05:53
21,Mia Scott,2024-02-26 22:18:35
22,Claire Flores,2024-03-11 05:20:28
23,Mateo Gonzalez,2024-05-16 19:32:33
24,Isabella Williams,2024-05-08 09:42:37
25,Daniel Roberts,2024-02-26 04:38:44
26,Mia Anderson,2024-01-20 14:42:02
27,Zoey Moore,2024-03-29 01:02:42
28,Joshua White,2024-02-01 14:01:22
29,Carter Thompson,2024-02-10 16:22:24
30,Andrew Moore,2024-05-16 06:43:10
31,Theodore Adams,2024-01-14 20:45:35
32,Jaxon Green,2024-02-03 05:33:50
33,Violet Campbell,2024-02-17 12:54:05
34,Abigail Robinson,2024-03-14 16:23:25
35,Grace Green,2024-05-13 15:04:01
36,Julian Anderson,2024-05-12 22:32:01
37,Samuel Roberts,2024-05-30 16:25:18
38,James Anderson,2024-01-07 05:35:52
39,Riley Sanchez,2024-02-21 23:45:46
40,Isabella Wilson,2024-04-20 03:15:02
41,Ryan Lee,2024-02-11 06:54:41
42,Christopher Young,2024-03-17 19:46:41
43,Skylar Robinson,2024-01-28 17:49:47
44,Jackson Rodriguez,2024-02-17 21:22:02
45,Nathan Scott,2024-04-14 15:48:58
46,Jackson Mitchell,2024-04-23 12:22:05
47,Nora Nguyen,2024-03-18 13:20:28
48,Aurora Anderson,2024-01-27 20:40:21
49,Levi Young,2024-01-18 15:40:06
50,Genesis Brown,2024-01-22 07:00:07
51,Logan Green,2024-02-01 01:34:12
52,Theodore Ramirez,2024-04-25 19:28:03
53,Isabella Harris,2024-03-15 02:28:29
54,Brooklyn Robinson,2024-04-12 17:51:05
55,Scarlett Scott,2024-01-03 05:30:19
56,Theodore Campbell,2024-01-23 05:50:59
57,Theodore Wright,2024-05-25 19:20:39
58,Grace Roberts,2024-05-04 11:05:54
59,David Davis,2024-02-26 23:48:35
60,Jack Hernandez,2024-03-29 02:30:20
61,Emma Campbell,2024-05-19 17:57:18
62,Jackson Allen,2024-05-27 23:00:04
63,Emily Allen,2024-01-21 15:54:37
64,Claire Martin,2024-05-04 01:43:13
65,Jacob Martinez,2024-03-13 14:33:53
66,Gabriel Roberts,2024-04-12 23:37:38
67,Emma Hill,2024-03-03 22:40:36
68,Stella Johnson,2024-01-22 17:20:28
69,Aurora Martin,2024-02-16 11:55:43
70,James Thomas,2024-04-20 04:04:29
71,Mia Garcia,2024-05-22 02:56:11
72,Stella Jones,2024-05-27 16:39:46
73,Violet Roberts,2024-01-25 10:05:11
74,Harper Nelson,2024-04-02 06:58:35
75,Aurora Hernandez,2024-02-21 11:15:12
76,Isaac Hill,2024-03-23 03:57:56
77,Michael Wright,2024-05-26 15:47:27
78,Asher Hall,2024-02-09 01:25:54
79,Ryan Martin,2024-03-18 11:26:19
80,Andrew Adams,2024-03-13 12:15:56
81,Camila King,2024-03-28 16:04:40
82,Lucas Thomas,2024-02-13 15:09:55
83,Isabella Perez,2024-01-05 02:01:36
84,Anthony Scott,2024-02-14 16:24:44
85,Anthony Anderson,2024-01-02 09:30:42
86,Oliver Rivera,2024-05-02 13:09:10
87,Aria Jones,2024-04-09 20:08:28
88,Ella Moore,2024-05-09 21:39:44
89,Stella Wilson,2024-04-14 17:00:44
90,Harper Campbell,2024-04-20 21:15:13
91,Mateo Walker,2024-02-17 04:26:57
92,Kennedy Walker,2024-03-20 01:02:12
93,Elizabeth Miller,2024-01-19 19:43:49
94,Lucy Ramirez,2024-03-09 19:08:46
95,Nora Clark,2024-03-31 16:29:33
96,Asher Brown,2024-05-10 18:06:22
97,Christopher Adams,2024-01-20 02:39:37
98,James Sanchez,2024-05-21 09:43:16
99,Henry Gonzalez,2024-02-06 22:26:15
100,Violet Lewis,2024-01-28 05:17:48
101,Nora Lopez,2024-02-24 02:06:52
102,Jayden Thomas,2024-01-15 15:19:08
103,Camila Scott,2024-01-20 00:17:15
104,Sophia Adams,2024-04-14 23:19:20
105,Liam Garcia,2024-05-26 07:52:11
106,Ella Hernandez,2024-03-19 22:01:36
107,Stella Walker,2024-02-11 12:08:04
108,Wyatt Brown,2024-02-01 23:15:52
109,Zoey Smith,2024-03-16 19:29:50
110,Jackson Robinson,2024-02-25 09:21:27
111,Nora Hall,2024-05-21 20:24:05
112,Kennedy Scott,2024-05-08 12:32:37
113,Ryan Young,2024-01-31 01:24:19
114,Elizabeth Jackson,2024-02-12 06:33:34
115,James Nguyen,2024-05-22 20:47:01
116,Gabriel Brown,2024-05-25 05:49:07
117,Riley Brown,2024-01-10 17:40:48
118,Audrey Walker,2024-04-07 15:27:09
119,Isaac Hernandez,2024-01-12 01:04:40
120,Levi Garcia,2024-02-06 02:00:25
121,Isabella Hill,2024-01-14 04:43:14
122,Paisley Thomas,2024-03-19 09:43:49
123,Lucas Torres,2024-02-17 19:26:48
124,Audrey Hill,2024-01-08 17:12:34
125,Lincoln Garcia,2024-03-22 09:43:46
126,Lucy Nguyen,2024-04-19 18:08:54
127,Hazel Lee,2024-02-20 15:15:22
128,Sofia Nelson,2024-05-19 01:41:44
129,Riley Thomas,2024-02-21 13:51:12
130,Penelope Rodriguez,2024-05-10 10:18:11
131,Skylar Martin,2024-03-29 18:49:15
132,Riley Carter,2024-01-15 02:04:31
133,Liam Robinson,2024-04-30 14:48:42
134,Savannah Miller,2024-01-15 05:25:10
135,Violet Wilson,2024-04-08 05:35:36
136,Lily Jones,2024-02-17 10:26:52
137,Carter Jackson,2024-01-31 15:09:12
138,Camila Wright,2024-05-16 14:44:01
139,Victoria Flores,2024-05-06 23:45:01
140,Isaac Smith,2024-05-09 16:28:05
141,Lucy Miller,2024-01-27 01:50:31
142,Jackson Davis,2024-01-21 18:49:25
143,Logan Moore,2024-02-24 17:04:45
144,Jaxon Wilson,2024-05-19 08:18:54
145,David Wilson,2024-05-13 11:58:07
146,Joshua Taylor,2024-04-08 03:22:36
147,Stella Taylor,2024-01-10 20:44:24
148,Benjamin Green,2024-03-23 06:00:22
149,Sebastian Williams,2024-01-01 16:31:26
150,Aria Roberts,2024-01-26 09:39:49
151,Abigail Mitchell,2024-03-26 19:06:09
152,Aurora Rivera,2024-03-24 01:09:55
153,Julian Smith,2024-01-22 17:22:12
154,Oliver Hall,2024-01-29 22:38:35
155,Gabriel Williams,2024-03-12 16:40:16
156,Audrey Scott,2024-01-29 18:10:01
157,Jack Rodriguez,2024-01-09 02:56:11
158,Matthew White,2024-01-08 17:55:24
159,Joseph Wilson,2024-05-12 10:39:40
160,Henry Nelson,2024-01-20 23:03:10
161,Joseph Roberts,2024-04-18 17:14:46
162,Layla Flores,2024-05-25 12:49:07
163,Logan Thomas,2024-02-01 13:18:47
164,Emily Clark,2024-01-05 19:30:46
165,Emily Mitchell,2024-03-05 12:05:47
166,Kennedy Clark,2024-05-10 01:59:36
167,Nova Thomas,2024-02-21 19:24:17
168,Abigail Hall,2024-01-21 23:45:43
169,Zoey Williams,2024-04-01 09:34:28
170,Avery Gonzalez,2024-03-30 09:10:06
171,Lily Martin,2024-02-14 04:40:18
172,Avery Johnson,2024-05-08 03:58:39
173,Elizabeth Sanchez,2024-03-04 17:48:41
174,Sebastian Jones,2024-05-30 03:57:48
175,Sebastian Thompson,2024-05-04 13:31:17
176,Levi Sanchez,2024-05-11 22:47:02
177,Violet Perez,2024-01-06 08:37:40
178,Amelia Taylor,2024-02-04 16:11:10
179,Audrey Taylor,2024-01-08 10:17:29
180,Elijah Hill,2024-03-25 09:12:50
181,Lily Campbell,2024-03-01 21:50:32
182,Jack Hill,2024-04-09 07:24:15
183,Amelia Harris,2024-04-21 23:05:42
184,Elizabeth Taylor,2024-01-09 14:51:22
185,Anna Ramirez,2024-01-01 07:52:54
186,Hazel Wright,2024-05-13 08:59:10
187,Caroline Mitchell,2024-05-23 02:50:40
188,Andrew Gonzalez,2024-03-11 17:23:42
189,Jack Jones,2024-05-08 23:34:19
190,Aria Flores,2024-03-01 22:57:10
191,Lucy Davis,2024-05-19 18:17:52
192,Victoria Allen,2024-03-01 01:22:15
193,Andrew Clark,2024-03-04 08:07:21
194,Wyatt Hall,2024-02-27 09:51:11
195,Aurora Rodriguez,2024-02-07 06:02:22
196,John Nelson,2024-03-14 14:56:42
197,Paisley Mitchell,2024-02-03 19:01:34
198,Bella Torres,2024-02-28 10:31:41
199,Wyatt Scott,2024-01-01 01:53:30
200,Victoria Jackson,2024-02-10 19:31:20
201,Jack Nguyen,2024-04-27 19:14:52
202,Christopher Lee,2024-03-31 07:00:07
203,Camila Lewis,2024-05-11 04:39:04
204,Michael Allen,2024-04-01 21:12:26
205,Nova Hernandez,2024-05-07 22:28:01
206,Mia Jackson,2024-04-10 02:10:49
207,Lucy Green,2024-04-30 05:57:52
208,Aria Garcia,2024-05-25 20:33:26
209,Ella Baker,2024-03-01 06:39:34
210,Evelyn Johnson,2024-01-09 23:22:17
211,Henry Walker,2024-04-28 16:44:35
212,Emilia Jones,2024-03-29 10:23:35
213,John Green,2024-04-21 18:49:15
214,Elizabeth Rivera,2024-05-15 05:14:45
215,Owen Young,2024-03-18 14:31:02
216,Henry Martinez,2024-05-07 09:27:06
217,Everly Smith,2024-05-25 19:44:53
218,Emilia Miller,2024-03-23 13:19:29
219,Avery Lopez,2024-05-15 03:11:02
220,Hazel Robinson,2024-01-10 18:02:04
221,Julian Thomas,2024-01-24 13:34:19
222,Hannah Rodriguez,2024-03-31 05:23:39
223,Andrew King,2024-04-18 12:46:50
224,Brooklyn Lee,2024-05-26 15:43:12
225,Camila Flores,2024-05-19 16:03:34
226,Leah Ramirez,2024-04-16 09:16:06
227,Luke Hernandez,2024-05-24 09:41:07
228,Zoe Lewis,2024-02-20 07:55:12
229,Genesis Thomas,2024-05-03 19:43:03
230,Sebastian Roberts,2024-04-11 05:25:59
231,Stella Green,2024-02-16 10:57:59
232,Sebastian Lewis,2024-01-16 01:05:54
233,Ryan Jackson,2024-02-15 12:49:09
234,Grace Perez,2024-03-03 01:57:16
235,Mason Martinez,2024-02-14 21:45:23
236,Owen Hall,2024-01-30 16:07:26
237,Anna Wilson,2024-01-13 11:19:41
238,John Clark,2024-03-05 06:01:08
239,Gabriel Robinson,2024-03-21 17:38:54
240,James Wilson,2024-03-22 14:00:38
241,Owen Roberts,2024-04-23 10:00:26
242,Caleb Johnson,2024-05-28 15:55:45
243,Mateo Harris,2024-04-02 14:53:12
244,Emma Thompson,2024-02-27 23:38:08
245,Genesis Harris,2024-03-22 08:46:50
246,Violet Mitchell,2024-05-22 15:38:34
247,Gabriel Hill,2024-02-12 19:47:05
248,Stella Anderson,2024-02-22 23:58:14
249,Jack Young,2024-01-06 15:15:55
250,Owen Perez,2024-05-09 21:10:37
251,Paisley Sanchez,2024-05-20 14:55:47
252,Alexander Robinson,2024-01-25 18:47:19
253,Lincoln Wright,2024-01-06 05:40:21
254,Penelope Nguyen,2024-04-19 14:15:26
255,Lucy Johnson,2024-01-17 07:13:24
256,Skylar Ramirez,2024-01-27 08:24:19
257,Jayden Lopez,2024-01-10 18:20:36
258,Jackson Harris,2024-03-04 13:34:26
259,Michael Robinson,2024-03-04 11:12:42
260,David Carter,2024-03-14 14:51:22
261,Sebastian Carter,2024-03-22 20:38:04
262,Scarlett Garcia,2024-04-01 07:47:19
263,Olivia Mitchell,2024-04-14 17:52:29
264,Sophia Thompson,2024-02-13 12:57:03
265,Christopher Jones,2024-05-06 13:23:48
266,William Carter,2024-01-07 00:36:36
267,Olivia Flores,2024-01-30 14:09:11
268,Ella Rodriguez,2024-04-01 22:57:16
269,Andrew Davis,2024-04-19 12:17:19
270,Caleb Taylor,2024-05-28 22:00:15
271,Carter Hernandez,2024-04-27 15:39:52
272,Jaxon Mitchell,2024-05-19 11:47:14
273,Amelia Roberts,2024-02-01 19:12:14
274,Matthew Miller,2024-04-22 08:51:58
275,Noah Martin,2024-04-21 19:24:26
276,Paisley Harris,2024-03-18 00:32:37
277,Ryan Gonzalez,2024-01-15 18:10:09
278,Anthony Hall,2024-05-01 19:09:41
279,Henry Miller,2024-05-15 09:09:17
280,Emilia Martin,2024-05-12 20:52:41
281,Brooklyn Davis,2024-04-19 21:26:12
282,Kennedy Williams,2024-03-08 10:05:12
283,Violet Ramirez,2024-05-08 10:54:46
284,Carter Jones,2024-04-08 05:56:53
285,Skylar Perez,2024-01-03 10:57:47
286,John Young,2024-01-21 11:50:48
287,Jack White,2024-05-03 10:02:28
288,Hannah Rivera,2024-01-30 16:59:25
289,Jack Lopez,2024-05-22 11:44:02
290,Hazel Adams,2024-02-22 10:40:30
291,Bella Wright,2024-05-30 10:05:26
292,Dylan Robinson,2024-03-25 13:55:27
293,Asher Nguyen,2024-02-22 02:48:49
294,Samuel Thomas,2024-01-17 19:52:42
295,Henry Carter,2024-03-31 05:41:54
296,Savannah Flores,2024-05-09 17:59:02
297,Zoey Perez,2024-01-06 13:45:06
298,Grayson Lee,2024-02-05 07:26:06
299,Joseph Taylor,2024-03-07 02:05:38
300,Sebastian Hill,2024-05-16 03:45:11
301,Sebastian Scott,2024-01-02 23:18:27
302,Hazel Gonzalez,2024-01-17 14:59:07
303,Ella Campbell,2024-03-19 22:05:32
304,Stella Scott,2024-05-27 05:18:12
305,Ella Hall,2024-04-02 10:45:16
306,Skylar Rivera,2024-04-05 07:23:35
307,Luke Johnson,2024-01-19 01:39:36
308,Aiden Anderson,2024-03-19 12:38:45
309,Everly Thomas,2024-02-29 11:01:24
310,Carter Walker,2024-04-17 11:22:15
311,Isaac Thompson,2024-03-23 14:59:29
312,Aria Thompson,2024-05-16 11:32:29
313,Hannah Moore,2024-02-29 12:58:00
314,Scarlett Anderson,2024-01-24 10:17:49
315,Caroline Gonzalez,2024-03-02 06:33:36
316,Lucas Mitchell,2024-04-14 01:18:25
317,Thomas Hall,2024-02-05 22:51:38
318,Elizabeth Wilson,2024-05-23 10:08:49
319,Dylan Moore,2024-05-20 16:48:39
320,Anthony Carter,2024-04-11 20:59:06
321,Brooklyn Jackson,2024-01-20 12:29:08
322,Daniel White,2024-02-04 20:15:29
323,Victoria Smith,2024-05-17 11:36:19
324,Violet Rodriguez,2024-02-23 06:23:00
325,William Brown,2024-04-17 10:50:22
326,Aiden Hall,2024-01-25 12:30:18
327,Joshua Carter,2024-04-05 07:39:37
328,Elijah Smith,2024-04-21 11:19:59
329,Chloe Walker,2024-04-02 22:58:11
330,Camila Perez,2024-02-05 19:11:49
331,Sophia Taylor,2024-04-02 18:22:45
332,Amelia Jones,2024-03-18 19:25:55
333,Mateo Green,2024-05-13 07:05:37
334,Sophia Martinez,2024-01-29 23:18:40
335,Savannah Martin,2024-01-17 12:58:18
336,Henry Davis,2024-04-18 08:48:31
337,Thomas Clark,2024-04-27 17:38:42
338,Brooklyn Flores,2024-02-13 19:46:41
339,Leo King,2024-03-14 20:41:24
340,Luke Lewis,2024-02-27 17:45:57
341,Anthony Ramirez,2024-02-29 07:10:30
342,James Flores,2024-05-23 17:03:58
343,Charlotte Carter,2024-02-10 08:21:42
344,Claire Wilson,2024-02-21 09:20:25
345,Lucy Garcia,2024-01-31 11:56:20
346,Ella Lopez,2024-04-17 04:28:13
347,Oliver Hernandez,2024-01-01 12:28:11
348,Layla Lewis,2024-05-13 20:42:08
349,Brooklyn Walker,2024-02-26 13:22:00
350,Ava Anderson,2024-02-25 22:39:57
351,Anna Jackson,2024-05-16 12:09:34
352,Hannah Jones,2024-05-13 11:26:45
353,Daniel Taylor,2024-05-01 08:58:53
354,Anthony Nelson,2024-02-08 09:54:15
355,Nora Davis,2024-04-15 17:50:40
356,Avery Adams,2024-01-29 22:20:27
357,Grace Martinez,2024-01-14 20:47:38
358,James Hernandez,2024-02-29 17:34:29
359,Brooklyn Mitchell,2024-04-20 12:41:49
360,Chloe Lewis,2024-01-25 03:31:48
361,Jayden Hall,2024-02-29 01:10:03
362,Caleb Sanchez,2024-02-22 20:45:33
363,Leah Wright,2024-04-05 21:15:09
364,Camila Garcia,2024-04-26 03:03:10
365,William Ramirez,2024-05-22 15:10:34
366,Samuel Hill,2024-02-18 14:47:56
367,Noah Garcia,2024-02-14 10:51:54
368,Paisley Torres,2024-04-24 00:11:28
369,Olivia Carter,2024-05-10 13:03:33
370,Grace Torres,2024-01-08 19:29:35
371,Thomas Carter,2024-02-04 00:26:52
372,Zoe King,2024-05-06 12:15:15
373,Camila Moore,2024-02-05 05:48:02
374,Audrey Ramirez,2024-05-03 06:18:40
375,Stella Garcia,2024-04-01 06:24:25
376,Lily Clark,2024-03-05 17:19:46
377,Samuel Nelson,2024-01-21 07:28:14
378,Abigail Perez,2024-03-20 22:24:18
379,Everly Young,2024-02-25 23:11:32
380,Lucy Sanchez,2024-05-27 16:11:08
381,Aurora Williams,2024-03-29 07:38:32
382,Benjamin Lee,2024-02-19 00:15:50
383,Samuel Davis,2024-05-30 00:20:03
384,Wyatt Allen,2024-01-01 05:21:51
385,Lucy Wright,2024-03-30 16:57:56
386,Layla Brown,2024-02-06 10:11:52
387,Hazel White,2024-04-30 21:41:02
388,Genesis Young,2024-05-01 10:36:57
389,Camila Carter,2024-01-11 00:31:41
390,Sofia Moore,2024-04-16 15:32:56
391,Harper Jackson,2024-03-26 01:46:08
392,Caleb Young,2024-01-24 13:53:11
393,Noah Green,2024-04-28 05:32:51
394,Ella Rivera,2024-01-31 18:05:44
395,Matthew Scott,2024-01-03 15:43:39
396,Aurora Clark,2024-01-19 02:23:10
397,Avery Davis,2024-03-30 14:30:10
398,Lucas Adams,2024-01-30 21:33:26
399,Grayson Rivera,2024-02-26 16:10:24
400,Levi Rivera,2024-02-23 02:15:08
401,John Walker,2024-04-01 16:42:13
402,Henry Robinson,2024-04-17 01:04:53
403,Evelyn Harris,2024-02-07 00:18:31
404,Brooklyn Allen,2024-05-24 21:58:31
405,Mason Jones,2024-02-23 15:24:22
406,Emilia Clark,2024-03-06 23:56:00
407,Kennedy Allen,2024-02-21 21:06:53
408,Emma Jackson,2024-05-20 23:38:34
409,Victoria Nguyen,2024-04-22 14:38:19
410,Lucy Young,2024-01-29 20:30:17
411,Luke Wright,2024-04-04 01:11:40
412,Lily Perez,2024-04-17 04:07:17
413,Thomas Wright,2024-03-14 05:55:34
414,Hannah Lee,2024-02-06 15:11:01
415,Caleb Thomas,2024-04-21 00:46:12
416,Owen Anderson,2024-05-30 14:17:57
417,Layla Williams,2024-03-02 18:48:32
418,Nathan Walker,2024-05-16 22:36:00
419,Zoey Harris,2024-05-08 21:00:50
420,Christopher Martinez,2024-04-06 04:23:55
421,Ava Rodriguez,2024-04-07 12:50:47
422,Anthony Perez,2024-01-20 11:43:58
423,Camila Miller,2024-04-12 03:06:34
424,Hannah Smith,2024-05-20 06:49:56
425,Evelyn Clark,2024-05-07 03:30:07
426,Logan Jones,2024-04-01 03:59:05
427,Kennedy Taylor,2024-03-06 17:48:34
428,Lincoln Hall,2024-03-18 04:24:23
429,Christopher Garcia,2024-03-04 19:13:35
430,Paisley Wright,2024-03-14 18:58:19
431,Riley Green,2024-05-19 13:27:57
432,Thomas Young,2024-04-15 01:19:02
433,Ava Flores,2024-01-14 06:51:49
434,Ella Green,2024-05-12 21:31:59
435,Chloe Anderson,2024-05-25 00:11:00
436,Benjamin Ramirez,2024-01-20 02:46:41
437,Thomas Green,2024-05-16 16:22:08
438,Charlotte Lewis,2024-02-02 07:18:57
439,Everly Martin,2024-01-06 14:54:14
440,William Lee,2024-01-11 21:32:04
441,Aiden Thompson,2024-03-13 18:53:09
442,Jack Martinez,2024-02-17 10:02:33
443,Isaac Clark,2024-04-19 21:24:57
444,Theodore Lopez,2024-02-03 00:10:52
445,Emily Garcia,2024-04-28 08:26:15
446,Zoey Flores,2024-05-12 15:38:16
447,Ella Young,2024-04-23 05:42:33
448,Evelyn Anderson,2024-03-30 13:06:51
449,Hannah Taylor,2024-05-09 11:42:10
450,Chloe Baker,2024-04-16 03:19:55
451,Abigail Jones,2024-03-26 18:36:35
452,Lily Nguyen,2024-02-28 02:09:35
453,Joshua Ramirez,2024-05-14 01:05:38
454,Scarlett Robinson,2024-02-28 15:59:20
455,Jacob Harris,2024-04-03 19:54:46
456,Elijah Thomas,2024-03-15 01:17:11
457,Mateo Thompson,2024-04-21 14:49:03
458,Aiden Johnson,2024-05-07 19:34:23
459,Penelope Moore,2024-01-02 13:44:21
460,Savannah Baker,2024-05-24 14:24:29
461,Sophia Hill,2024-05-24 16:45:14
462,Grayson Jackson,2024-05-30 15:12:53
463,Daniel Hill,2024-03-09 09:56:04
464,Avery Green,2024-02-06 22:04:45
465,Lincoln Taylor,2024-05-11 14:36:40
466,Genesis Campbell,2024-05-29 00:40:22
467,Lucy Baker,2024-01-27 13:26:14
468,Claire Miller,2024-05-01 20:10:00
469,Skylar Williams,2024-02-29 23:43:53
470,Kennedy Lewis,2024-01-07 11:29:23
471,Audrey White,2024-05-22 05:02:38
472,Harper Garcia,2024-02-27 07:18:51
473,Samuel Mitchell,2024-03-21 16:23:05
474,Emily Gonzalez,2024-01-26 15:54:33
475,Kennedy Wright,2024-03-12 01:01:10
476,Isaac Allen,2024-02-22 22:04:10
477,Alexander Taylor,2024-04-03 13:34:25
478,Aiden Mitchell,2024-03-06 18:31:38
479,Amelia Robinson,2024-01-15 14:55:13
480,Evelyn Carter,2024-02-13 19:26:26
481,Paisley Campbell,2024-05-10 22:57:38
482,Penelope Scott,2024-03-12 00:38:07
483,Benjamin Sanchez,2024-01-03 16:51:56
484,Jackson Wright,2024-01-24 23:57:54
485,Hannah White,2024-05-10 15:36:27
486,Nathan Baker,2024-02-20 21:45:38
487,Audrey Harris,2024-05-03 23:51:18
488,Carter Miller,2024-05-11 00:57:58
489,Daniel Walker,2024-01-05 20:37:23
490,Lincoln Scott,2024-03-04 16:37:12
491,Bella Anderson,2024-05-05 18:16:43
492,Isabella Green,2024-03-31 03:38:36
493,Caleb Martin,2024-05-06 01:40:30
494,Layla Davis,2024-01-28 03:24:29
495,William Williams,2024-02-29 02:26:30
496,Grayson Davis,2024-01-19 20:56:51
497,Ella Wright,2024-01-27 08:14:25
498,Owen Robinson,2024-03-13 01:02:20
499,Andrew Mitchell,2024-05-15 05:51:02
500,Gabriel Clark,2024-04-24 01:12:15
